<gpx version="1.1" creator="Trainlog.me"><trk><name>Trip Path</name><trkseg><trkpt lat="46.94916" lon="7.43955" /><trkpt lat="46.94902" lon="7.43937" /><trkpt lat="46.94895" lon="7.43926" /><trkpt lat="46.9489" lon="7.43917" /><trkpt lat="46.9487" lon="7.43876" /><trkpt lat="46.94866" lon="7.43868" /><trkpt lat="46.94855" lon="7.43842" /><trkpt lat="46.94846" lon="7.4382" /><trkpt lat="46.94828" lon="7.43756" /><trkpt lat="46.94821" lon="7.43726" /><trkpt lat="46.94819" lon="7.43719" /><trkpt lat="46.94811" lon="7.43682" /><trkpt lat="46.94804" lon="7.43635" /><trkpt lat="46.94799" lon="7.43605" /><trkpt lat="46.94786" lon="7.43518" /><trkpt lat="46.94785" lon="7.43512" /><trkpt lat="46.94783" lon="7.43498" /><trkpt lat="46.9478" lon="7.4347" /><trkpt lat="46.94779" lon="7.43447" /><trkpt lat="46.94776" lon="7.43412" /><trkpt lat="46.94769" lon="7.43356" /><trkpt lat="46.94768" lon="7.43342" /><trkpt lat="46.94763" lon="7.43299" /><trkpt lat="46.94761" lon="7.43284" /><trkpt lat="46.9476" lon="7.43269" /><trkpt lat="46.94759" lon="7.43239" /><trkpt lat="46.94758" lon="7.43214" /><trkpt lat="46.94759" lon="7.43176" /><trkpt lat="46.94761" lon="7.43139" /><trkpt lat="46.94761" lon="7.43133" /><trkpt lat="46.94762" lon="7.43119" /><trkpt lat="46.94764" lon="7.43102" /><trkpt lat="46.94767" lon="7.43081" /><trkpt lat="46.94773" lon="7.4305" /><trkpt lat="46.94775" lon="7.43039" /><trkpt lat="46.94778" lon="7.43026" /><trkpt lat="46.94781" lon="7.43018" /><trkpt lat="46.94781" lon="7.43014" /><trkpt lat="46.94782" lon="7.43011" /><trkpt lat="46.94791" lon="7.42982" /><trkpt lat="46.94797" lon="7.42963" /><trkpt lat="46.94805" lon="7.42941" /><trkpt lat="46.94813" lon="7.42919" /><trkpt lat="46.9483" lon="7.42876" /><trkpt lat="46.9484" lon="7.42854" /><trkpt lat="46.94848" lon="7.42837" /><trkpt lat="46.9486" lon="7.42815" /><trkpt lat="46.94918" lon="7.42713" /><trkpt lat="46.94927" lon="7.42699" /><trkpt lat="46.94952" lon="7.42655" /><trkpt lat="46.94987" lon="7.42595" /><trkpt lat="46.95017" lon="7.42543" /><trkpt lat="46.95019" lon="7.4254" /><trkpt lat="46.95051" lon="7.42483" /><trkpt lat="46.95087" lon="7.42421" /><trkpt lat="46.95104" lon="7.4239" /><trkpt lat="46.95113" lon="7.42375" /><trkpt lat="46.95122" lon="7.42357" /><trkpt lat="46.95128" lon="7.42345" /><trkpt lat="46.95138" lon="7.42326" /><trkpt lat="46.95145" lon="7.42311" /><trkpt lat="46.95152" lon="7.42295" /><trkpt lat="46.95161" lon="7.42273" /><trkpt lat="46.95166" lon="7.42261" /><trkpt lat="46.9517" lon="7.4225" /><trkpt lat="46.95179" lon="7.42222" /><trkpt lat="46.95181" lon="7.42214" /><trkpt lat="46.95184" lon="7.42205" /><trkpt lat="46.95188" lon="7.42186" /><trkpt lat="46.95192" lon="7.42167" /><trkpt lat="46.95196" lon="7.42147" /><trkpt lat="46.95199" lon="7.42126" /><trkpt lat="46.95201" lon="7.42113" /><trkpt lat="46.95202" lon="7.42099" /><trkpt lat="46.95203" lon="7.42077" /><trkpt lat="46.95205" lon="7.42037" /><trkpt lat="46.95205" lon="7.42026" /><trkpt lat="46.95205" lon="7.42006" /><trkpt lat="46.95205" lon="7.41988" /><trkpt lat="46.95204" lon="7.4197" /><trkpt lat="46.95203" lon="7.41952" /><trkpt lat="46.95201" lon="7.41934" /><trkpt lat="46.95199" lon="7.41917" /><trkpt lat="46.95197" lon="7.41897" /><trkpt lat="46.95194" lon="7.4188" /><trkpt lat="46.95191" lon="7.41863" /><trkpt lat="46.95188" lon="7.41846" /><trkpt lat="46.95184" lon="7.41829" /><trkpt lat="46.95179" lon="7.41812" /><trkpt lat="46.95174" lon="7.41795" /><trkpt lat="46.95169" lon="7.41779" /><trkpt lat="46.95164" lon="7.41763" /><trkpt lat="46.95158" lon="7.41746" /><trkpt lat="46.95151" lon="7.41731" /><trkpt lat="46.95144" lon="7.41715" /><trkpt lat="46.95137" lon="7.417" /><trkpt lat="46.9513" lon="7.41686" /><trkpt lat="46.95123" lon="7.41672" /><trkpt lat="46.95115" lon="7.41659" /><trkpt lat="46.95106" lon="7.41646" /><trkpt lat="46.95098" lon="7.41633" /><trkpt lat="46.95089" lon="7.41621" /><trkpt lat="46.9508" lon="7.41609" /><trkpt lat="46.95042" lon="7.41561" /><trkpt lat="46.95033" lon="7.41549" /><trkpt lat="46.95024" lon="7.41537" /><trkpt lat="46.95015" lon="7.41525" /><trkpt lat="46.95007" lon="7.41513" /><trkpt lat="46.94998" lon="7.41498" /><trkpt lat="46.94989" lon="7.41484" /><trkpt lat="46.94977" lon="7.41466" /><trkpt lat="46.94897" lon="7.41338" /><trkpt lat="46.94888" lon="7.41324" /><trkpt lat="46.94879" lon="7.41309" /><trkpt lat="46.94869" lon="7.41295" /><trkpt lat="46.9486" lon="7.41281" /><trkpt lat="46.9485" lon="7.41268" /><trkpt lat="46.9484" lon="7.41255" /><trkpt lat="46.9483" lon="7.41242" /><trkpt lat="46.9482" lon="7.4123" /><trkpt lat="46.94782" lon="7.41182" /><trkpt lat="46.94765" lon="7.4116" /><trkpt lat="46.94755" lon="7.41146" /><trkpt lat="46.94733" lon="7.41112" /><trkpt lat="46.94717" lon="7.41087" /><trkpt lat="46.94673" lon="7.41018" /><trkpt lat="46.94605" lon="7.40908" /><trkpt lat="46.94492" lon="7.40729" /><trkpt lat="46.94457" lon="7.40673" /><trkpt lat="46.94432" lon="7.40633" /><trkpt lat="46.9432" lon="7.40454" /><trkpt lat="46.94234" lon="7.40318" /><trkpt lat="46.94196" lon="7.40257" /><trkpt lat="46.94169" lon="7.40213" /><trkpt lat="46.9401" lon="7.39961" /><trkpt lat="46.9389" lon="7.3977" /><trkpt lat="46.93874" lon="7.39743" /><trkpt lat="46.93858" lon="7.39715" /><trkpt lat="46.93846" lon="7.39694" /><trkpt lat="46.9383" lon="7.39667" /><trkpt lat="46.93814" lon="7.3964" /><trkpt lat="46.93767" lon="7.39565" /><trkpt lat="46.93661" lon="7.39397" /><trkpt lat="46.93607" lon="7.39311" /><trkpt lat="46.93569" lon="7.39249" /><trkpt lat="46.93462" lon="7.3908" /><trkpt lat="46.93324" lon="7.3886" /><trkpt lat="46.93194" lon="7.38654" /><trkpt lat="46.93182" lon="7.38636" /><trkpt lat="46.92577" lon="7.37671" /><trkpt lat="46.92551" lon="7.37629" /><trkpt lat="46.92534" lon="7.37602" /><trkpt lat="46.92518" lon="7.37574" /><trkpt lat="46.92503" lon="7.37546" /><trkpt lat="46.92487" lon="7.37519" /><trkpt lat="46.92087" lon="7.36784" /><trkpt lat="46.92073" lon="7.36758" /><trkpt lat="46.9206" lon="7.36735" /><trkpt lat="46.92047" lon="7.36712" /><trkpt lat="46.92033" lon="7.36689" /><trkpt lat="46.9202" lon="7.36667" /><trkpt lat="46.92006" lon="7.36645" /><trkpt lat="46.91991" lon="7.36624" /><trkpt lat="46.91976" lon="7.36603" /><trkpt lat="46.91961" lon="7.36582" /><trkpt lat="46.91945" lon="7.36563" /><trkpt lat="46.91929" lon="7.36544" /><trkpt lat="46.91913" lon="7.36526" /><trkpt lat="46.91895" lon="7.36507" /><trkpt lat="46.91878" lon="7.3649" /><trkpt lat="46.91861" lon="7.36473" /><trkpt lat="46.91843" lon="7.36457" /><trkpt lat="46.91825" lon="7.36442" /><trkpt lat="46.91807" lon="7.36427" /><trkpt lat="46.91789" lon="7.36413" /><trkpt lat="46.9177" lon="7.364" /><trkpt lat="46.91751" lon="7.36387" /><trkpt lat="46.91732" lon="7.36375" /><trkpt lat="46.91712" lon="7.36364" /><trkpt lat="46.91689" lon="7.36351" /><trkpt lat="46.91666" lon="7.36338" /><trkpt lat="46.91459" lon="7.36226" /><trkpt lat="46.91312" lon="7.36147" /><trkpt lat="46.9097" lon="7.35961" /><trkpt lat="46.90831" lon="7.35885" /><trkpt lat="46.90797" lon="7.35867" /><trkpt lat="46.90742" lon="7.35837" /><trkpt lat="46.90675" lon="7.35801" /><trkpt lat="46.90489" lon="7.357" /><trkpt lat="46.903" lon="7.35598" /><trkpt lat="46.90227" lon="7.35558" /><trkpt lat="46.90149" lon="7.35517" /><trkpt lat="46.90136" lon="7.3551" /><trkpt lat="46.90062" lon="7.3547" /><trkpt lat="46.89977" lon="7.35424" /><trkpt lat="46.89953" lon="7.35411" /><trkpt lat="46.8994" lon="7.35404" /><trkpt lat="46.89925" lon="7.35395" /><trkpt lat="46.8992" lon="7.35391" /><trkpt lat="46.89912" lon="7.35386" /><trkpt lat="46.89903" lon="7.35381" /><trkpt lat="46.89895" lon="7.35375" /><trkpt lat="46.8989" lon="7.35371" /><trkpt lat="46.89877" lon="7.35361" /><trkpt lat="46.89868" lon="7.35353" /><trkpt lat="46.89859" lon="7.35346" /><trkpt lat="46.89841" lon="7.3533" /><trkpt lat="46.89824" lon="7.35314" /><trkpt lat="46.89782" lon="7.35276" /><trkpt lat="46.89771" lon="7.35267" /><trkpt lat="46.89761" lon="7.35257" /><trkpt lat="46.8975" lon="7.35248" /><trkpt lat="46.89739" lon="7.35239" /><trkpt lat="46.89728" lon="7.35229" /><trkpt lat="46.89716" lon="7.35221" /><trkpt lat="46.8971" lon="7.35217" /><trkpt lat="46.89705" lon="7.35213" /><trkpt lat="46.89699" lon="7.35209" /><trkpt lat="46.89693" lon="7.35205" /><trkpt lat="46.89684" lon="7.352" /><trkpt lat="46.89675" lon="7.35195" /><trkpt lat="46.89666" lon="7.3519" /><trkpt lat="46.89657" lon="7.35186" /><trkpt lat="46.89647" lon="7.35182" /><trkpt lat="46.89638" lon="7.35178" /><trkpt lat="46.89628" lon="7.35174" /><trkpt lat="46.89618" lon="7.35171" /><trkpt lat="46.89612" lon="7.3517" /><trkpt lat="46.89605" lon="7.35168" /><trkpt lat="46.89598" lon="7.35166" /><trkpt lat="46.89592" lon="7.35165" /><trkpt lat="46.89586" lon="7.35164" /><trkpt lat="46.8958" lon="7.35163" /><trkpt lat="46.89568" lon="7.35162" /><trkpt lat="46.89545" lon="7.3516" /><trkpt lat="46.89534" lon="7.35159" /><trkpt lat="46.8952" lon="7.3516" /><trkpt lat="46.89513" lon="7.3516" /><trkpt lat="46.89508" lon="7.35161" /><trkpt lat="46.89497" lon="7.35162" /><trkpt lat="46.89485" lon="7.35164" /><trkpt lat="46.89474" lon="7.35166" /><trkpt lat="46.89455" lon="7.3517" /><trkpt lat="46.89436" lon="7.35175" /><trkpt lat="46.89397" lon="7.35184" /><trkpt lat="46.89381" lon="7.35188" /><trkpt lat="46.89372" lon="7.3519" /><trkpt lat="46.89364" lon="7.35191" /><trkpt lat="46.89353" lon="7.35193" /><trkpt lat="46.89341" lon="7.35195" /><trkpt lat="46.89328" lon="7.35196" /><trkpt lat="46.89316" lon="7.35196" /><trkpt lat="46.89306" lon="7.35196" /><trkpt lat="46.89296" lon="7.35196" /><trkpt lat="46.89288" lon="7.35195" /><trkpt lat="46.89277" lon="7.35194" /><trkpt lat="46.8927" lon="7.35193" /><trkpt lat="46.89264" lon="7.35192" /><trkpt lat="46.89257" lon="7.35191" /><trkpt lat="46.89249" lon="7.35189" /><trkpt lat="46.89244" lon="7.35188" /><trkpt lat="46.89237" lon="7.35186" /><trkpt lat="46.89226" lon="7.35183" /><trkpt lat="46.89215" lon="7.35179" /><trkpt lat="46.89203" lon="7.35175" /><trkpt lat="46.89198" lon="7.35172" /><trkpt lat="46.89183" lon="7.35166" /><trkpt lat="46.89169" lon="7.35158" /><trkpt lat="46.89156" lon="7.35151" /><trkpt lat="46.89142" lon="7.35141" /><trkpt lat="46.89128" lon="7.35132" /><trkpt lat="46.89115" lon="7.35121" /><trkpt lat="46.89103" lon="7.35111" /><trkpt lat="46.8909" lon="7.35099" /><trkpt lat="46.89078" lon="7.35087" /><trkpt lat="46.89066" lon="7.35074" /><trkpt lat="46.89054" lon="7.35061" /><trkpt lat="46.89043" lon="7.35047" /><trkpt lat="46.89033" lon="7.35032" /><trkpt lat="46.89021" lon="7.35016" /><trkpt lat="46.89012" lon="7.35" /><trkpt lat="46.89002" lon="7.34984" /><trkpt lat="46.88993" lon="7.34967" /><trkpt lat="46.88984" lon="7.34949" /><trkpt lat="46.88974" lon="7.34929" /><trkpt lat="46.88966" lon="7.3491" /><trkpt lat="46.88954" lon="7.3488" /><trkpt lat="46.88943" lon="7.34852" /><trkpt lat="46.88933" lon="7.34824" /><trkpt lat="46.88923" lon="7.34795" /><trkpt lat="46.88914" lon="7.34766" /><trkpt lat="46.88907" lon="7.34743" /><trkpt lat="46.889" lon="7.34718" /><trkpt lat="46.88895" lon="7.34697" /><trkpt lat="46.8889" lon="7.34675" /><trkpt lat="46.88886" lon="7.34654" /><trkpt lat="46.88882" lon="7.34633" /><trkpt lat="46.88879" lon="7.34612" /><trkpt lat="46.88876" lon="7.34591" /><trkpt lat="46.88874" lon="7.34569" /><trkpt lat="46.88872" lon="7.34548" /><trkpt lat="46.88871" lon="7.34526" /><trkpt lat="46.88871" lon="7.34505" /><trkpt lat="46.88871" lon="7.34483" /><trkpt lat="46.88872" lon="7.34461" /><trkpt lat="46.88873" lon="7.34433" /><trkpt lat="46.88875" lon="7.34406" /><trkpt lat="46.88878" lon="7.34358" /><trkpt lat="46.88879" lon="7.34335" /><trkpt lat="46.88881" lon="7.34309" /><trkpt lat="46.88881" lon="7.34283" /><trkpt lat="46.88881" lon="7.34266" /><trkpt lat="46.88881" lon="7.34239" /><trkpt lat="46.8888" lon="7.34216" /><trkpt lat="46.88879" lon="7.34192" /><trkpt lat="46.88877" lon="7.34169" /><trkpt lat="46.88875" lon="7.34147" /><trkpt lat="46.88872" lon="7.34117" /><trkpt lat="46.88868" lon="7.34089" /><trkpt lat="46.88863" lon="7.3405" /><trkpt lat="46.88857" lon="7.34011" /><trkpt lat="46.88824" lon="7.3378" /><trkpt lat="46.88813" lon="7.33703" /><trkpt lat="46.88808" lon="7.33665" /><trkpt lat="46.88803" lon="7.33626" /><trkpt lat="46.88799" lon="7.33597" /><trkpt lat="46.88797" lon="7.33567" /><trkpt lat="46.88794" lon="7.33538" /><trkpt lat="46.88793" lon="7.33509" /><trkpt lat="46.88791" lon="7.3348" /><trkpt lat="46.88791" lon="7.3345" /><trkpt lat="46.8879" lon="7.33419" /><trkpt lat="46.88791" lon="7.33388" /><trkpt lat="46.88791" lon="7.33353" /><trkpt lat="46.88794" lon="7.33231" /><trkpt lat="46.88795" lon="7.33198" /><trkpt lat="46.88796" lon="7.33167" /><trkpt lat="46.88796" lon="7.33139" /><trkpt lat="46.88795" lon="7.33113" /><trkpt lat="46.88794" lon="7.33083" /><trkpt lat="46.88792" lon="7.33054" /><trkpt lat="46.88789" lon="7.33002" /><trkpt lat="46.88779" lon="7.32859" /><trkpt lat="46.88777" lon="7.32836" /><trkpt lat="46.88776" lon="7.32813" /><trkpt lat="46.88774" lon="7.3279" /><trkpt lat="46.88774" lon="7.32768" /><trkpt lat="46.88773" lon="7.32746" /><trkpt lat="46.88773" lon="7.32727" /><trkpt lat="46.88774" lon="7.32704" /><trkpt lat="46.88774" lon="7.32683" /><trkpt lat="46.88775" lon="7.32661" /><trkpt lat="46.88777" lon="7.32641" /><trkpt lat="46.88781" lon="7.32586" /><trkpt lat="46.88787" lon="7.32497" /><trkpt lat="46.88789" lon="7.32475" /><trkpt lat="46.88796" lon="7.32365" /><trkpt lat="46.88801" lon="7.32293" /><trkpt lat="46.88811" lon="7.32154" /><trkpt lat="46.88813" lon="7.32123" /><trkpt lat="46.88816" lon="7.32092" /><trkpt lat="46.88818" lon="7.32069" /><trkpt lat="46.88821" lon="7.32042" /><trkpt lat="46.88825" lon="7.32015" /><trkpt lat="46.88838" lon="7.31923" /><trkpt lat="46.88843" lon="7.31894" /><trkpt lat="46.88845" lon="7.31879" /><trkpt lat="46.88847" lon="7.31863" /><trkpt lat="46.88849" lon="7.31845" /><trkpt lat="46.88851" lon="7.31834" /><trkpt lat="46.88852" lon="7.31824" /><trkpt lat="46.88854" lon="7.31801" /><trkpt lat="46.88856" lon="7.31777" /><trkpt lat="46.88862" lon="7.31697" /><trkpt lat="46.88866" lon="7.31652" /><trkpt lat="46.88867" lon="7.31632" /><trkpt lat="46.88868" lon="7.31611" /><trkpt lat="46.88869" lon="7.31591" /><trkpt lat="46.88869" lon="7.31571" /><trkpt lat="46.88869" lon="7.31552" /><trkpt lat="46.88868" lon="7.31532" /><trkpt lat="46.88867" lon="7.31513" /><trkpt lat="46.88866" lon="7.31493" /><trkpt lat="46.88864" lon="7.31473" /><trkpt lat="46.88861" lon="7.31454" /><trkpt lat="46.88858" lon="7.31435" /><trkpt lat="46.88855" lon="7.31415" /><trkpt lat="46.88851" lon="7.31396" /><trkpt lat="46.88847" lon="7.31377" /><trkpt lat="46.88843" lon="7.3136" /><trkpt lat="46.88838" lon="7.31344" /><trkpt lat="46.88823" lon="7.31299" /><trkpt lat="46.88807" lon="7.31255" /><trkpt lat="46.88791" lon="7.31222" /><trkpt lat="46.88775" lon="7.31194" /><trkpt lat="46.88758" lon="7.31165" /><trkpt lat="46.88741" lon="7.3114" /><trkpt lat="46.88734" lon="7.31131" /><trkpt lat="46.88726" lon="7.3112" /><trkpt lat="46.88714" lon="7.31107" /><trkpt lat="46.88706" lon="7.31098" /><trkpt lat="46.88699" lon="7.3109" /><trkpt lat="46.88692" lon="7.31083" /><trkpt lat="46.88684" lon="7.31075" /><trkpt lat="46.88674" lon="7.31066" /><trkpt lat="46.88666" lon="7.31059" /><trkpt lat="46.88657" lon="7.31052" /><trkpt lat="46.8865" lon="7.31046" /><trkpt lat="46.88644" lon="7.31041" /><trkpt lat="46.88614" lon="7.31018" /><trkpt lat="46.886" lon="7.31007" /><trkpt lat="46.88565" lon="7.30977" /><trkpt lat="46.88544" lon="7.30956" /><trkpt lat="46.88523" lon="7.30931" /><trkpt lat="46.88503" lon="7.30905" /><trkpt lat="46.88502" lon="7.30904" /><trkpt lat="46.8848" lon="7.30869" /><trkpt lat="46.8846" lon="7.30835" /><trkpt lat="46.88447" lon="7.30806" /><trkpt lat="46.88432" lon="7.3077" /><trkpt lat="46.88418" lon="7.30731" /><trkpt lat="46.88408" lon="7.30695" /><trkpt lat="46.88398" lon="7.30655" /><trkpt lat="46.88391" lon="7.30614" /><trkpt lat="46.88381" lon="7.30527" /><trkpt lat="46.88377" lon="7.30489" /><trkpt lat="46.88372" lon="7.3044" /><trkpt lat="46.88366" lon="7.30401" /><trkpt lat="46.88358" lon="7.3036" /><trkpt lat="46.88347" lon="7.30317" /><trkpt lat="46.88336" lon="7.30282" /><trkpt lat="46.88323" lon="7.30245" /><trkpt lat="46.88298" lon="7.30188" /><trkpt lat="46.88283" lon="7.30161" /><trkpt lat="46.88266" lon="7.30132" /><trkpt lat="46.8823" lon="7.30084" /><trkpt lat="46.88195" lon="7.30046" /><trkpt lat="46.88154" lon="7.3001" /><trkpt lat="46.88134" lon="7.29996" /><trkpt lat="46.88132" lon="7.29995" /><trkpt lat="46.88108" lon="7.29981" /><trkpt lat="46.88082" lon="7.29968" /><trkpt lat="46.88052" lon="7.29956" /><trkpt lat="46.87992" lon="7.29937" /><trkpt lat="46.87965" lon="7.29926" /><trkpt lat="46.87951" lon="7.29919" /><trkpt lat="46.87938" lon="7.29911" /><trkpt lat="46.87909" lon="7.29895" /><trkpt lat="46.87859" lon="7.29853" /><trkpt lat="46.87823" lon="7.29814" /><trkpt lat="46.87795" lon="7.29777" /><trkpt lat="46.87765" lon="7.29726" /><trkpt lat="46.8774" lon="7.29675" /><trkpt lat="46.8772" lon="7.29619" /><trkpt lat="46.87715" lon="7.29603" /><trkpt lat="46.87707" lon="7.29575" /><trkpt lat="46.87703" lon="7.29561" /><trkpt lat="46.87693" lon="7.29511" /><trkpt lat="46.87677" lon="7.29423" /><trkpt lat="46.87622" lon="7.29073" /><trkpt lat="46.8761" lon="7.29003" /><trkpt lat="46.87599" lon="7.28954" /><trkpt lat="46.87589" lon="7.2891" /><trkpt lat="46.87575" lon="7.28865" /><trkpt lat="46.87562" lon="7.28828" /><trkpt lat="46.87544" lon="7.28782" /><trkpt lat="46.87525" lon="7.28744" /><trkpt lat="46.87513" lon="7.2872" /><trkpt lat="46.87501" lon="7.28695" /><trkpt lat="46.87496" lon="7.28686" /><trkpt lat="46.87473" lon="7.28643" /><trkpt lat="46.87425" lon="7.28555" /><trkpt lat="46.87336" lon="7.28388" /><trkpt lat="46.87292" lon="7.28302" /><trkpt lat="46.87281" lon="7.28281" /><trkpt lat="46.87267" lon="7.28251" /><trkpt lat="46.87254" lon="7.28222" /><trkpt lat="46.87189" lon="7.28083" /><trkpt lat="46.87173" lon="7.28047" /><trkpt lat="46.87166" lon="7.28033" /><trkpt lat="46.87159" lon="7.28019" /><trkpt lat="46.87154" lon="7.2801" /><trkpt lat="46.8715" lon="7.28" /><trkpt lat="46.8714" lon="7.27982" /><trkpt lat="46.87135" lon="7.27972" /><trkpt lat="46.87129" lon="7.27962" /><trkpt lat="46.87119" lon="7.27946" /><trkpt lat="46.87114" lon="7.27938" /><trkpt lat="46.87108" lon="7.27928" /><trkpt lat="46.87096" lon="7.27911" /><trkpt lat="46.8709" lon="7.27902" /><trkpt lat="46.87082" lon="7.27891" /><trkpt lat="46.87067" lon="7.27871" /><trkpt lat="46.87057" lon="7.27857" /><trkpt lat="46.87038" lon="7.27834" /><trkpt lat="46.87006" lon="7.27794" /><trkpt lat="46.86991" lon="7.27774" /><trkpt lat="46.86975" lon="7.27753" /><trkpt lat="46.86967" lon="7.27741" /><trkpt lat="46.86959" lon="7.2773" /><trkpt lat="46.86952" lon="7.27718" /><trkpt lat="46.86944" lon="7.27706" /><trkpt lat="46.86935" lon="7.2769" /><trkpt lat="46.86925" lon="7.27673" /><trkpt lat="46.86919" lon="7.27663" /><trkpt lat="46.86914" lon="7.27653" /><trkpt lat="46.86904" lon="7.27633" /><trkpt lat="46.86901" lon="7.27626" /><trkpt lat="46.86891" lon="7.27605" /><trkpt lat="46.86881" lon="7.27583" /><trkpt lat="46.86857" lon="7.27528" /><trkpt lat="46.86802" lon="7.27406" /><trkpt lat="46.86713" lon="7.27206" /><trkpt lat="46.86684" lon="7.27142" /><trkpt lat="46.8667" lon="7.27109" /><trkpt lat="46.8666" lon="7.27087" /><trkpt lat="46.86649" lon="7.27063" /><trkpt lat="46.86637" lon="7.2704" /><trkpt lat="46.86626" lon="7.27018" /><trkpt lat="46.86613" lon="7.26995" /><trkpt lat="46.86599" lon="7.26969" /><trkpt lat="46.86458" lon="7.26713" /><trkpt lat="46.86232" lon="7.26304" /><trkpt lat="46.86223" lon="7.26287" /><trkpt lat="46.86214" lon="7.26269" /><trkpt lat="46.86205" lon="7.26251" /><trkpt lat="46.86198" lon="7.26236" /><trkpt lat="46.8619" lon="7.26216" /><trkpt lat="46.86183" lon="7.26198" /><trkpt lat="46.86176" lon="7.2618" /><trkpt lat="46.86171" lon="7.26163" /><trkpt lat="46.86166" lon="7.26148" /><trkpt lat="46.86162" lon="7.26133" /><trkpt lat="46.86156" lon="7.26109" /><trkpt lat="46.86152" lon="7.26089" /><trkpt lat="46.86148" lon="7.2607" /><trkpt lat="46.86145" lon="7.26055" /><trkpt lat="46.86143" lon="7.26037" /><trkpt lat="46.86142" lon="7.26029" /><trkpt lat="46.8614" lon="7.26013" /><trkpt lat="46.86138" lon="7.25997" /><trkpt lat="46.86137" lon="7.2598" /><trkpt lat="46.86136" lon="7.25965" /><trkpt lat="46.86135" lon="7.25947" /><trkpt lat="46.86134" lon="7.2593" /><trkpt lat="46.86134" lon="7.25916" /><trkpt lat="46.86135" lon="7.25899" /><trkpt lat="46.86135" lon="7.25883" /><trkpt lat="46.86136" lon="7.25866" /><trkpt lat="46.86137" lon="7.25852" /><trkpt lat="46.86139" lon="7.25836" /><trkpt lat="46.8614" lon="7.25822" /><trkpt lat="46.86142" lon="7.25808" /><trkpt lat="46.86144" lon="7.25795" /><trkpt lat="46.86146" lon="7.25785" /><trkpt lat="46.86148" lon="7.25773" /><trkpt lat="46.86151" lon="7.25759" /><trkpt lat="46.86153" lon="7.25748" /><trkpt lat="46.86155" lon="7.25739" /><trkpt lat="46.86157" lon="7.25731" /><trkpt lat="46.8616" lon="7.25717" /><trkpt lat="46.86166" lon="7.25699" /><trkpt lat="46.8617" lon="7.25683" /><trkpt lat="46.86175" lon="7.25669" /><trkpt lat="46.86177" lon="7.25663" /><trkpt lat="46.8619" lon="7.25625" /><trkpt lat="46.86197" lon="7.25607" /><trkpt lat="46.86203" lon="7.25591" /><trkpt lat="46.86217" lon="7.25556" /><trkpt lat="46.86239" lon="7.25504" /><trkpt lat="46.86269" lon="7.25436" /><trkpt lat="46.8627" lon="7.25433" /><trkpt lat="46.86302" lon="7.25357" /><trkpt lat="46.86518" lon="7.24854" /><trkpt lat="46.86559" lon="7.24758" /><trkpt lat="46.86581" lon="7.24707" /><trkpt lat="46.86589" lon="7.24685" /><trkpt lat="46.86596" lon="7.24668" /><trkpt lat="46.86599" lon="7.24659" /><trkpt lat="46.86604" lon="7.24645" /><trkpt lat="46.86609" lon="7.2463" /><trkpt lat="46.86613" lon="7.24615" /><trkpt lat="46.86618" lon="7.24599" /><trkpt lat="46.86623" lon="7.24584" /><trkpt lat="46.86627" lon="7.24569" /><trkpt lat="46.86632" lon="7.24546" /><trkpt lat="46.86637" lon="7.24524" /><trkpt lat="46.86642" lon="7.24504" /><trkpt lat="46.86646" lon="7.24484" /><trkpt lat="46.86648" lon="7.24472" /><trkpt lat="46.86651" lon="7.24454" /><trkpt lat="46.86654" lon="7.2443" /><trkpt lat="46.86657" lon="7.24404" /><trkpt lat="46.8666" lon="7.24376" /><trkpt lat="46.86662" lon="7.24354" /><trkpt lat="46.86663" lon="7.24333" /><trkpt lat="46.86665" lon="7.24302" /><trkpt lat="46.86666" lon="7.24272" /><trkpt lat="46.86667" lon="7.24233" /><trkpt lat="46.86686" lon="7.235" /><trkpt lat="46.86689" lon="7.23401" /><trkpt lat="46.8669" lon="7.23346" /><trkpt lat="46.8669" lon="7.23321" /><trkpt lat="46.8669" lon="7.23295" /><trkpt lat="46.86689" lon="7.23269" /><trkpt lat="46.86688" lon="7.23244" /><trkpt lat="46.86685" lon="7.23219" /><trkpt lat="46.86683" lon="7.23193" /><trkpt lat="46.8668" lon="7.23169" /><trkpt lat="46.86676" lon="7.23144" /><trkpt lat="46.86672" lon="7.2312" /><trkpt lat="46.86668" lon="7.23094" /><trkpt lat="46.86621" lon="7.22825" /><trkpt lat="46.86505" lon="7.22153" /><trkpt lat="46.86437" lon="7.21763" /><trkpt lat="46.86433" lon="7.2174" /><trkpt lat="46.86429" lon="7.21717" /><trkpt lat="46.86426" lon="7.21694" /><trkpt lat="46.86422" lon="7.21672" /><trkpt lat="46.86418" lon="7.21638" /><trkpt lat="46.86414" lon="7.21605" /><trkpt lat="46.8641" lon="7.21573" /><trkpt lat="46.86406" lon="7.21529" /><trkpt lat="46.86345" lon="7.20869" /><trkpt lat="46.86341" lon="7.20828" /><trkpt lat="46.86338" lon="7.20807" /><trkpt lat="46.86336" lon="7.20786" /><trkpt lat="46.86333" lon="7.20763" /><trkpt lat="46.86329" lon="7.2074" /><trkpt lat="46.86325" lon="7.20717" /><trkpt lat="46.86319" lon="7.20694" /><trkpt lat="46.86314" lon="7.20673" /><trkpt lat="46.86308" lon="7.20653" /><trkpt lat="46.86302" lon="7.20632" /><trkpt lat="46.86295" lon="7.20612" /><trkpt lat="46.86287" lon="7.20593" /><trkpt lat="46.86279" lon="7.20574" /><trkpt lat="46.86271" lon="7.20556" /><trkpt lat="46.86263" lon="7.20539" /><trkpt lat="46.86254" lon="7.20521" /><trkpt lat="46.86244" lon="7.20504" /><trkpt lat="46.86234" lon="7.20487" /><trkpt lat="46.86223" lon="7.20471" /><trkpt lat="46.86212" lon="7.20455" /><trkpt lat="46.862" lon="7.2044" /><trkpt lat="46.86189" lon="7.20427" /><trkpt lat="46.86178" lon="7.20414" /><trkpt lat="46.86166" lon="7.20402" /><trkpt lat="46.86154" lon="7.20391" /><trkpt lat="46.86142" lon="7.20379" /><trkpt lat="46.86129" lon="7.20368" /><trkpt lat="46.86116" lon="7.20357" /><trkpt lat="46.86103" lon="7.20346" /><trkpt lat="46.85932" lon="7.20202" /><trkpt lat="46.85801" lon="7.20093" /><trkpt lat="46.8577" lon="7.20066" /><trkpt lat="46.85755" lon="7.20052" /><trkpt lat="46.85739" lon="7.20038" /><trkpt lat="46.85728" lon="7.20026" /><trkpt lat="46.85716" lon="7.20014" /><trkpt lat="46.85704" lon="7.2" /><trkpt lat="46.85694" lon="7.19988" /><trkpt lat="46.85684" lon="7.19976" /><trkpt lat="46.85675" lon="7.19963" /><trkpt lat="46.85664" lon="7.19949" /><trkpt lat="46.85655" lon="7.19935" /><trkpt lat="46.85645" lon="7.1992" /><trkpt lat="46.85638" lon="7.19908" /><trkpt lat="46.8563" lon="7.19895" /><trkpt lat="46.85623" lon="7.19883" /><trkpt lat="46.85616" lon="7.1987" /><trkpt lat="46.85602" lon="7.19843" /><trkpt lat="46.85588" lon="7.19816" /><trkpt lat="46.85528" lon="7.19697" /><trkpt lat="46.85354" lon="7.19356" /><trkpt lat="46.8535" lon="7.19348" /><trkpt lat="46.85341" lon="7.19329" /><trkpt lat="46.85327" lon="7.19302" /><trkpt lat="46.85308" lon="7.19266" /><trkpt lat="46.85282" lon="7.19221" /><trkpt lat="46.8525" lon="7.19166" /><trkpt lat="46.85234" lon="7.19138" /><trkpt lat="46.85219" lon="7.19113" /><trkpt lat="46.85178" lon="7.19056" /><trkpt lat="46.85158" lon="7.19027" /><trkpt lat="46.85144" lon="7.19009" /><trkpt lat="46.85137" lon="7.18998" /><trkpt lat="46.8513" lon="7.1899" /><trkpt lat="46.85121" lon="7.18978" /><trkpt lat="46.8511" lon="7.18964" /><trkpt lat="46.851" lon="7.18953" /><trkpt lat="46.85087" lon="7.18938" /><trkpt lat="46.85068" lon="7.18917" /><trkpt lat="46.85043" lon="7.1889" /><trkpt lat="46.85014" lon="7.18861" /><trkpt lat="46.85002" lon="7.18849" /><trkpt lat="46.84989" lon="7.18838" /><trkpt lat="46.84963" lon="7.18816" /><trkpt lat="46.84917" lon="7.18779" /><trkpt lat="46.84859" lon="7.18735" /><trkpt lat="46.84852" lon="7.18729" /><trkpt lat="46.84761" lon="7.1866" /><trkpt lat="46.84757" lon="7.18658" /><trkpt lat="46.84625" lon="7.18557" /><trkpt lat="46.8458" lon="7.18523" /><trkpt lat="46.83853" lon="7.1797" /><trkpt lat="46.83755" lon="7.17897" /><trkpt lat="46.83692" lon="7.17848" /><trkpt lat="46.8366" lon="7.17823" /><trkpt lat="46.8363" lon="7.17795" /><trkpt lat="46.83603" lon="7.17766" /><trkpt lat="46.83577" lon="7.17735" /><trkpt lat="46.83554" lon="7.17704" /><trkpt lat="46.83528" lon="7.17666" /><trkpt lat="46.83504" lon="7.17622" /><trkpt lat="46.83494" lon="7.17605" /><trkpt lat="46.83444" lon="7.17506" /><trkpt lat="46.83402" lon="7.17424" /><trkpt lat="46.83376" lon="7.17378" /><trkpt lat="46.83356" lon="7.17346" /><trkpt lat="46.83327" lon="7.17305" /><trkpt lat="46.83296" lon="7.17267" /><trkpt lat="46.83259" lon="7.1723" /><trkpt lat="46.83221" lon="7.17198" /><trkpt lat="46.83116" lon="7.17121" /><trkpt lat="46.82788" lon="7.16884" /><trkpt lat="46.82787" lon="7.16883" /><trkpt lat="46.82757" lon="7.16861" /><trkpt lat="46.82448" lon="7.16638" /><trkpt lat="46.82429" lon="7.16624" /><trkpt lat="46.82384" lon="7.16588" /><trkpt lat="46.82346" lon="7.16553" /><trkpt lat="46.82309" lon="7.16514" /><trkpt lat="46.82275" lon="7.16472" /><trkpt lat="46.82243" lon="7.16427" /><trkpt lat="46.82188" lon="7.16337" /><trkpt lat="46.82181" lon="7.16324" /><trkpt lat="46.82153" lon="7.16271" /><trkpt lat="46.82152" lon="7.16268" /><trkpt lat="46.82121" lon="7.16217" /><trkpt lat="46.82091" lon="7.16168" /><trkpt lat="46.82057" lon="7.16124" /><trkpt lat="46.82025" lon="7.16087" /><trkpt lat="46.81991" lon="7.16053" /><trkpt lat="46.81947" lon="7.16011" /><trkpt lat="46.81932" lon="7.15997" /><trkpt lat="46.81896" lon="7.15962" /><trkpt lat="46.81846" lon="7.15916" /><trkpt lat="46.81801" lon="7.15874" /><trkpt lat="46.8166" lon="7.15741" /><trkpt lat="46.81646" lon="7.15728" /><trkpt lat="46.81522" lon="7.15611" /><trkpt lat="46.81503" lon="7.15594" /><trkpt lat="46.81499" lon="7.1559" /><trkpt lat="46.81398" lon="7.15495" /><trkpt lat="46.8138" lon="7.15479" /><trkpt lat="46.81366" lon="7.15466" /><trkpt lat="46.81352" lon="7.15454" /><trkpt lat="46.81338" lon="7.15442" /><trkpt lat="46.81326" lon="7.15433" /><trkpt lat="46.81313" lon="7.15424" /><trkpt lat="46.81304" lon="7.15417" /><trkpt lat="46.81291" lon="7.1541" /><trkpt lat="46.81277" lon="7.15401" /><trkpt lat="46.81265" lon="7.15395" /><trkpt lat="46.81249" lon="7.15387" /><trkpt lat="46.81237" lon="7.15382" /><trkpt lat="46.81226" lon="7.15378" /><trkpt lat="46.81216" lon="7.15374" /><trkpt lat="46.81198" lon="7.15368" /><trkpt lat="46.81188" lon="7.15366" /><trkpt lat="46.81177" lon="7.15363" /><trkpt lat="46.81163" lon="7.1536" /><trkpt lat="46.81151" lon="7.15357" /><trkpt lat="46.81137" lon="7.15355" /><trkpt lat="46.81123" lon="7.15354" /><trkpt lat="46.81112" lon="7.15353" /><trkpt lat="46.81096" lon="7.15352" /><trkpt lat="46.8108" lon="7.15352" /><trkpt lat="46.81067" lon="7.15353" /><trkpt lat="46.8103" lon="7.15355" /><trkpt lat="46.80978" lon="7.15359" /><trkpt lat="46.80958" lon="7.1536" /><trkpt lat="46.80828" lon="7.1537" /><trkpt lat="46.80814" lon="7.15371" /><trkpt lat="46.808" lon="7.15372" /><trkpt lat="46.8079" lon="7.15373" /><trkpt lat="46.80779" lon="7.15373" /><trkpt lat="46.80769" lon="7.15373" /><trkpt lat="46.80758" lon="7.15372" /><trkpt lat="46.8075" lon="7.15372" /><trkpt lat="46.80739" lon="7.1537" /><trkpt lat="46.8073" lon="7.15369" /><trkpt lat="46.80719" lon="7.15367" /><trkpt lat="46.80707" lon="7.15364" /><trkpt lat="46.80695" lon="7.1536" /><trkpt lat="46.80685" lon="7.15357" /><trkpt lat="46.80676" lon="7.15353" /><trkpt lat="46.80668" lon="7.1535" /><trkpt lat="46.80639" lon="7.15335" /><trkpt lat="46.80607" lon="7.15314" /><trkpt lat="46.80579" lon="7.15292" /><trkpt lat="46.80548" lon="7.15267" /><trkpt lat="46.80528" lon="7.15251" /><trkpt lat="46.80499" lon="7.15228" /><trkpt lat="46.80464" lon="7.15199" /><trkpt lat="46.80454" lon="7.15191" /><trkpt lat="46.80444" lon="7.15183" /><trkpt lat="46.80437" lon="7.15177" /><trkpt lat="46.80425" lon="7.15166" /><trkpt lat="46.80412" lon="7.15153" /><trkpt lat="46.80386" lon="7.15128" /><trkpt lat="46.80377" lon="7.1512" /><trkpt lat="46.8036" lon="7.15104" /><trkpt lat="46.80348" lon="7.15095" /><trkpt lat="46.80317" lon="7.1507" /><trkpt lat="46.80216" lon="7.14991" /><trkpt lat="46.80205" lon="7.14983" /><trkpt lat="46.80195" lon="7.14976" /><trkpt lat="46.80189" lon="7.14971" /><trkpt lat="46.80174" lon="7.1496" /><trkpt lat="46.80156" lon="7.14948" /><trkpt lat="46.80138" lon="7.14937" /><trkpt lat="46.80124" lon="7.14928" /><trkpt lat="46.80112" lon="7.14921" /><trkpt lat="46.80097" lon="7.14913" /><trkpt lat="46.80082" lon="7.14905" /><trkpt lat="46.80072" lon="7.149" /><trkpt lat="46.80061" lon="7.14895" /><trkpt lat="46.80052" lon="7.14891" /><trkpt lat="46.80038" lon="7.14886" /><trkpt lat="46.80027" lon="7.14882" /><trkpt lat="46.80001" lon="7.14875" /><trkpt lat="46.79983" lon="7.1487" /><trkpt lat="46.79963" lon="7.14865" /><trkpt lat="46.7995" lon="7.14862" /><trkpt lat="46.79935" lon="7.14859" /><trkpt lat="46.79911" lon="7.14857" /><trkpt lat="46.79887" lon="7.14857" /><trkpt lat="46.79868" lon="7.14859" /><trkpt lat="46.79843" lon="7.14863" /><trkpt lat="46.79832" lon="7.14866" /><trkpt lat="46.79822" lon="7.14869" /><trkpt lat="46.798" lon="7.14876" /><trkpt lat="46.79776" lon="7.14884" /><trkpt lat="46.79763" lon="7.14889" /><trkpt lat="46.79735" lon="7.14898" /><trkpt lat="46.7971" lon="7.14907" /><trkpt lat="46.79698" lon="7.14911" /><trkpt lat="46.79685" lon="7.14915" /><trkpt lat="46.79674" lon="7.14917" /><trkpt lat="46.79661" lon="7.1492" /><trkpt lat="46.7965" lon="7.14922" /><trkpt lat="46.79636" lon="7.14923" /><trkpt lat="46.79624" lon="7.14924" /><trkpt lat="46.79612" lon="7.14924" /><trkpt lat="46.79594" lon="7.14923" /><trkpt lat="46.79583" lon="7.14923" /><trkpt lat="46.79573" lon="7.14922" /><trkpt lat="46.79562" lon="7.14919" /><trkpt lat="46.79549" lon="7.14917" /><trkpt lat="46.79539" lon="7.14914" /><trkpt lat="46.79534" lon="7.14913" /><trkpt lat="46.79522" lon="7.14909" /><trkpt lat="46.79511" lon="7.14905" /><trkpt lat="46.79497" lon="7.14899" /><trkpt lat="46.79482" lon="7.14892" /><trkpt lat="46.79455" lon="7.14879" /><trkpt lat="46.79426" lon="7.14864" /><trkpt lat="46.79413" lon="7.14857" /><trkpt lat="46.79401" lon="7.1485" /><trkpt lat="46.79388" lon="7.14842" /><trkpt lat="46.79375" lon="7.14834" /><trkpt lat="46.79362" lon="7.14825" /><trkpt lat="46.7935" lon="7.14816" /><trkpt lat="46.79337" lon="7.14806" /><trkpt lat="46.79326" lon="7.14795" /><trkpt lat="46.79319" lon="7.14789" /><trkpt lat="46.79312" lon="7.14782" /><trkpt lat="46.79302" lon="7.14772" /><trkpt lat="46.79293" lon="7.14761" /><trkpt lat="46.79283" lon="7.1475" /><trkpt lat="46.79277" lon="7.14742" /><trkpt lat="46.79267" lon="7.1473" /><trkpt lat="46.79261" lon="7.14721" /><trkpt lat="46.79255" lon="7.14712" /><trkpt lat="46.79248" lon="7.14702" /><trkpt lat="46.7924" lon="7.14689" /><trkpt lat="46.79232" lon="7.14676" /><trkpt lat="46.79222" lon="7.14658" /><trkpt lat="46.79218" lon="7.1465" /><trkpt lat="46.79212" lon="7.14639" /><trkpt lat="46.79205" lon="7.14626" /><trkpt lat="46.79201" lon="7.14617" /><trkpt lat="46.79198" lon="7.14608" /><trkpt lat="46.79194" lon="7.14599" /><trkpt lat="46.7919" lon="7.14591" /><trkpt lat="46.79177" lon="7.14554" /><trkpt lat="46.79173" lon="7.14543" /><trkpt lat="46.79169" lon="7.14532" /><trkpt lat="46.79165" lon="7.14517" /><trkpt lat="46.79161" lon="7.14502" /><trkpt lat="46.79156" lon="7.14485" /><trkpt lat="46.79142" lon="7.14429" /><trkpt lat="46.79138" lon="7.14414" /><trkpt lat="46.79134" lon="7.144" /><trkpt lat="46.7913" lon="7.14385" /><trkpt lat="46.79126" lon="7.14372" /><trkpt lat="46.79122" lon="7.1436" /><trkpt lat="46.79118" lon="7.14347" /><trkpt lat="46.79113" lon="7.14335" /><trkpt lat="46.79109" lon="7.14323" /><trkpt lat="46.79103" lon="7.1431" /><trkpt lat="46.79099" lon="7.14298" /><trkpt lat="46.79094" lon="7.14287" /><trkpt lat="46.79086" lon="7.14271" /><trkpt lat="46.79079" lon="7.14256" /><trkpt lat="46.79072" lon="7.14242" /><trkpt lat="46.79062" lon="7.14223" /><trkpt lat="46.79048" lon="7.14196" /><trkpt lat="46.79034" lon="7.14169" /><trkpt lat="46.7902" lon="7.14142" /><trkpt lat="46.79013" lon="7.14127" /><trkpt lat="46.79009" lon="7.1412" /><trkpt lat="46.79006" lon="7.14112" /><trkpt lat="46.79" lon="7.14099" /><trkpt lat="46.78994" lon="7.14086" /><trkpt lat="46.78988" lon="7.14071" /><trkpt lat="46.7898" lon="7.14052" /><trkpt lat="46.78976" lon="7.14042" /><trkpt lat="46.78973" lon="7.14032" /><trkpt lat="46.78969" lon="7.14021" /><trkpt lat="46.78964" lon="7.14008" /><trkpt lat="46.78961" lon="7.13998" /><trkpt lat="46.78958" lon="7.13988" /><trkpt lat="46.78954" lon="7.13975" /><trkpt lat="46.7895" lon="7.13962" /><trkpt lat="46.78946" lon="7.13948" /><trkpt lat="46.78944" lon="7.13939" /><trkpt lat="46.78939" lon="7.13921" /><trkpt lat="46.78937" lon="7.13909" /><trkpt lat="46.78934" lon="7.13897" /><trkpt lat="46.78931" lon="7.13884" /><trkpt lat="46.78928" lon="7.13867" /><trkpt lat="46.78925" lon="7.13851" /><trkpt lat="46.78922" lon="7.13835" /><trkpt lat="46.78919" lon="7.13818" /><trkpt lat="46.78917" lon="7.13802" /><trkpt lat="46.78915" lon="7.13789" /><trkpt lat="46.78914" lon="7.13777" /><trkpt lat="46.78913" lon="7.13764" /><trkpt lat="46.78911" lon="7.1375" /><trkpt lat="46.7891" lon="7.13738" /><trkpt lat="46.78909" lon="7.13724" /><trkpt lat="46.78909" lon="7.13712" /><trkpt lat="46.78908" lon="7.13701" /><trkpt lat="46.78907" lon="7.13685" /><trkpt lat="46.78907" lon="7.1367" /><trkpt lat="46.78907" lon="7.13653" /><trkpt lat="46.78907" lon="7.13627" /><trkpt lat="46.78907" lon="7.13601" /><trkpt lat="46.78907" lon="7.13565" /><trkpt lat="46.78908" lon="7.1345" /><trkpt lat="46.78909" lon="7.13347" /><trkpt lat="46.78909" lon="7.13318" /><trkpt lat="46.78908" lon="7.13295" /><trkpt lat="46.78908" lon="7.13283" /><trkpt lat="46.78908" lon="7.13271" /><trkpt lat="46.78907" lon="7.13255" /><trkpt lat="46.78906" lon="7.13241" /><trkpt lat="46.78905" lon="7.13229" /><trkpt lat="46.78903" lon="7.13214" /><trkpt lat="46.78902" lon="7.13203" /><trkpt lat="46.78901" lon="7.13192" /><trkpt lat="46.789" lon="7.13183" /><trkpt lat="46.78897" lon="7.13168" /><trkpt lat="46.78895" lon="7.13154" /><trkpt lat="46.78892" lon="7.13141" /><trkpt lat="46.7889" lon="7.13127" /><trkpt lat="46.78886" lon="7.13113" /><trkpt lat="46.78883" lon="7.13099" /><trkpt lat="46.78879" lon="7.13083" /><trkpt lat="46.78875" lon="7.1307" /><trkpt lat="46.7887" lon="7.13054" /><trkpt lat="46.78865" lon="7.13039" /><trkpt lat="46.78861" lon="7.13026" /><trkpt lat="46.78856" lon="7.13014" /><trkpt lat="46.78851" lon="7.13" /><trkpt lat="46.78846" lon="7.12988" /><trkpt lat="46.78841" lon="7.12976" /><trkpt lat="46.78834" lon="7.12962" /><trkpt lat="46.78829" lon="7.12951" /><trkpt lat="46.78823" lon="7.12939" /><trkpt lat="46.78815" lon="7.12922" /><trkpt lat="46.78806" lon="7.12904" /><trkpt lat="46.78794" lon="7.1288" /><trkpt lat="46.78784" lon="7.12862" /><trkpt lat="46.78775" lon="7.12842" /><trkpt lat="46.7877" lon="7.12833" /><trkpt lat="46.78766" lon="7.12823" /><trkpt lat="46.78762" lon="7.12815" /><trkpt lat="46.78758" lon="7.12807" /><trkpt lat="46.78753" lon="7.12796" /><trkpt lat="46.78749" lon="7.12785" /><trkpt lat="46.78745" lon="7.12775" /><trkpt lat="46.78742" lon="7.12766" /><trkpt lat="46.78738" lon="7.12756" /><trkpt lat="46.78735" lon="7.12747" /><trkpt lat="46.78732" lon="7.12736" /><trkpt lat="46.78729" lon="7.12727" /><trkpt lat="46.78726" lon="7.12716" /><trkpt lat="46.78723" lon="7.12707" /><trkpt lat="46.7872" lon="7.12698" /><trkpt lat="46.78718" lon="7.12688" /><trkpt lat="46.78714" lon="7.12673" /><trkpt lat="46.78711" lon="7.12659" /><trkpt lat="46.78709" lon="7.12646" /><trkpt lat="46.78706" lon="7.1263" /><trkpt lat="46.78703" lon="7.12615" /><trkpt lat="46.787" lon="7.12594" /><trkpt lat="46.78698" lon="7.12576" /><trkpt lat="46.78696" lon="7.12561" /><trkpt lat="46.78695" lon="7.12548" /><trkpt lat="46.78694" lon="7.12534" /><trkpt lat="46.78693" lon="7.12521" /><trkpt lat="46.78692" lon="7.12505" /><trkpt lat="46.78692" lon="7.12488" /><trkpt lat="46.78692" lon="7.12468" /><trkpt lat="46.78692" lon="7.12449" /><trkpt lat="46.78693" lon="7.12434" /><trkpt lat="46.78693" lon="7.12422" /><trkpt lat="46.78695" lon="7.12403" /><trkpt lat="46.78697" lon="7.12384" /><trkpt lat="46.78698" lon="7.12369" /><trkpt lat="46.787" lon="7.12353" /><trkpt lat="46.78703" lon="7.12337" /><trkpt lat="46.78705" lon="7.12322" /><trkpt lat="46.78709" lon="7.12303" /><trkpt lat="46.78712" lon="7.12287" /><trkpt lat="46.78716" lon="7.12271" /><trkpt lat="46.78721" lon="7.12253" /><trkpt lat="46.78724" lon="7.1224" /><trkpt lat="46.78728" lon="7.12226" /><trkpt lat="46.78735" lon="7.12207" /><trkpt lat="46.78741" lon="7.12189" /><trkpt lat="46.78747" lon="7.12174" /><trkpt lat="46.78752" lon="7.12161" /><trkpt lat="46.78758" lon="7.12147" /><trkpt lat="46.78763" lon="7.12135" /><trkpt lat="46.7877" lon="7.12121" /><trkpt lat="46.78778" lon="7.12106" /><trkpt lat="46.78787" lon="7.12088" /><trkpt lat="46.78798" lon="7.1207" /><trkpt lat="46.78808" lon="7.12053" /><trkpt lat="46.78824" lon="7.12028" /><trkpt lat="46.78841" lon="7.12002" /><trkpt lat="46.78851" lon="7.11985" /><trkpt lat="46.78859" lon="7.11972" /><trkpt lat="46.7887" lon="7.11954" /><trkpt lat="46.78875" lon="7.11945" /><trkpt lat="46.7888" lon="7.11936" /><trkpt lat="46.78887" lon="7.11924" /><trkpt lat="46.78894" lon="7.11911" /><trkpt lat="46.789" lon="7.11899" /><trkpt lat="46.78906" lon="7.11884" /><trkpt lat="46.78911" lon="7.11874" /><trkpt lat="46.78915" lon="7.11864" /><trkpt lat="46.78919" lon="7.11853" /><trkpt lat="46.78923" lon="7.11842" /><trkpt lat="46.78926" lon="7.11834" /><trkpt lat="46.7893" lon="7.11825" /><trkpt lat="46.78933" lon="7.11814" /><trkpt lat="46.78937" lon="7.11803" /><trkpt lat="46.78939" lon="7.11796" /><trkpt lat="46.78944" lon="7.11778" /><trkpt lat="46.78948" lon="7.11763" /><trkpt lat="46.78952" lon="7.11747" /><trkpt lat="46.78955" lon="7.11736" /><trkpt lat="46.78957" lon="7.11725" /><trkpt lat="46.78963" lon="7.11699" /><trkpt lat="46.78975" lon="7.11651" /><trkpt lat="46.78978" lon="7.11635" /><trkpt lat="46.78982" lon="7.1162" /><trkpt lat="46.78985" lon="7.11609" /><trkpt lat="46.78988" lon="7.11598" /><trkpt lat="46.78991" lon="7.11588" /><trkpt lat="46.78995" lon="7.11577" /><trkpt lat="46.78999" lon="7.11563" /><trkpt lat="46.79004" lon="7.11549" /><trkpt lat="46.79009" lon="7.11535" /><trkpt lat="46.79014" lon="7.11523" /><trkpt lat="46.7903" lon="7.11483" /><trkpt lat="46.79046" lon="7.11452" /><trkpt lat="46.79067" lon="7.11416" /><trkpt lat="46.79084" lon="7.11389" /><trkpt lat="46.79108" lon="7.11355" /><trkpt lat="46.79123" lon="7.11333" /><trkpt lat="46.79138" lon="7.1131" /><trkpt lat="46.79153" lon="7.11287" /><trkpt lat="46.79164" lon="7.11268" /><trkpt lat="46.79177" lon="7.11241" /><trkpt lat="46.7919" lon="7.11215" /><trkpt lat="46.79199" lon="7.11192" /><trkpt lat="46.79209" lon="7.11166" /><trkpt lat="46.79218" lon="7.11139" /><trkpt lat="46.79226" lon="7.11111" /><trkpt lat="46.79233" lon="7.11085" /><trkpt lat="46.79239" lon="7.11058" /><trkpt lat="46.79242" lon="7.11038" /><trkpt lat="46.79246" lon="7.11018" /><trkpt lat="46.79248" lon="7.11005" /><trkpt lat="46.7925" lon="7.10991" /><trkpt lat="46.79251" lon="7.10978" /><trkpt lat="46.79252" lon="7.10964" /><trkpt lat="46.79254" lon="7.10947" /><trkpt lat="46.79255" lon="7.10929" /><trkpt lat="46.79256" lon="7.10909" /><trkpt lat="46.79256" lon="7.1089" /><trkpt lat="46.79256" lon="7.10869" /><trkpt lat="46.79255" lon="7.10847" /><trkpt lat="46.79254" lon="7.10822" /><trkpt lat="46.79253" lon="7.10797" /><trkpt lat="46.79249" lon="7.10698" /><trkpt lat="46.79241" lon="7.10526" /><trkpt lat="46.7924" lon="7.10502" /><trkpt lat="46.79239" lon="7.10479" /><trkpt lat="46.79237" lon="7.10447" /><trkpt lat="46.79234" lon="7.10422" /><trkpt lat="46.79232" lon="7.10406" /><trkpt lat="46.7923" lon="7.10391" /><trkpt lat="46.79228" lon="7.10374" /><trkpt lat="46.79224" lon="7.10353" /><trkpt lat="46.7922" lon="7.10334" /><trkpt lat="46.79216" lon="7.10315" /><trkpt lat="46.79212" lon="7.10296" /><trkpt lat="46.79209" lon="7.10286" /><trkpt lat="46.79205" lon="7.10274" /><trkpt lat="46.792" lon="7.10256" /><trkpt lat="46.79196" lon="7.10244" /><trkpt lat="46.79192" lon="7.10233" /><trkpt lat="46.79186" lon="7.10217" /><trkpt lat="46.79178" lon="7.10197" /><trkpt lat="46.79171" lon="7.1018" /><trkpt lat="46.79163" lon="7.10162" /><trkpt lat="46.79154" lon="7.10145" /><trkpt lat="46.79145" lon="7.10127" /><trkpt lat="46.79135" lon="7.1011" /><trkpt lat="46.79125" lon="7.10093" /><trkpt lat="46.79115" lon="7.10077" /><trkpt lat="46.79103" lon="7.10059" /><trkpt lat="46.7909" lon="7.1004" /><trkpt lat="46.7906" lon="7.09994" /><trkpt lat="46.79047" lon="7.09976" /><trkpt lat="46.79035" lon="7.09957" /><trkpt lat="46.79025" lon="7.0994" /><trkpt lat="46.79019" lon="7.09932" /><trkpt lat="46.79014" lon="7.09923" /><trkpt lat="46.79009" lon="7.09915" /><trkpt lat="46.79004" lon="7.09906" /><trkpt lat="46.78995" lon="7.09889" /><trkpt lat="46.78986" lon="7.09871" /><trkpt lat="46.78977" lon="7.09853" /><trkpt lat="46.78961" lon="7.09815" /><trkpt lat="46.78944" lon="7.09775" /><trkpt lat="46.78926" lon="7.0973" /><trkpt lat="46.78855" lon="7.09559" /><trkpt lat="46.78808" lon="7.09443" /><trkpt lat="46.78794" lon="7.0941" /><trkpt lat="46.78787" lon="7.09391" /><trkpt lat="46.78779" lon="7.09372" /><trkpt lat="46.78766" lon="7.09332" /><trkpt lat="46.7876" lon="7.09311" /><trkpt lat="46.78754" lon="7.0929" /><trkpt lat="46.78749" lon="7.09269" /><trkpt lat="46.78744" lon="7.09248" /><trkpt lat="46.78741" lon="7.09226" /><trkpt lat="46.78737" lon="7.09205" /><trkpt lat="46.78735" lon="7.09183" /><trkpt lat="46.78732" lon="7.09161" /><trkpt lat="46.78731" lon="7.09138" /><trkpt lat="46.78729" lon="7.09116" /><trkpt lat="46.78729" lon="7.09094" /><trkpt lat="46.78729" lon="7.09071" /><trkpt lat="46.78729" lon="7.09049" /><trkpt lat="46.78731" lon="7.09027" /><trkpt lat="46.78732" lon="7.09005" /><trkpt lat="46.78735" lon="7.08983" /><trkpt lat="46.78737" lon="7.08961" /><trkpt lat="46.78741" lon="7.0894" /><trkpt lat="46.78745" lon="7.08918" /><trkpt lat="46.78749" lon="7.08897" /><trkpt lat="46.78757" lon="7.08859" /><trkpt lat="46.78766" lon="7.08819" /><trkpt lat="46.78774" lon="7.08779" /><trkpt lat="46.78778" lon="7.08759" /><trkpt lat="46.78782" lon="7.08739" /><trkpt lat="46.78786" lon="7.08717" /><trkpt lat="46.78789" lon="7.08695" /><trkpt lat="46.78791" lon="7.08674" /><trkpt lat="46.78793" lon="7.08652" /><trkpt lat="46.78794" lon="7.08629" /><trkpt lat="46.78795" lon="7.08607" /><trkpt lat="46.78795" lon="7.08585" /><trkpt lat="46.78795" lon="7.08563" /><trkpt lat="46.78794" lon="7.08541" /><trkpt lat="46.78793" lon="7.08518" /><trkpt lat="46.78791" lon="7.08496" /><trkpt lat="46.78789" lon="7.08474" /><trkpt lat="46.78786" lon="7.08454" /><trkpt lat="46.78783" lon="7.08433" /><trkpt lat="46.78779" lon="7.08411" /><trkpt lat="46.78774" lon="7.08389" /><trkpt lat="46.78769" lon="7.08366" /><trkpt lat="46.78763" lon="7.08344" /><trkpt lat="46.78757" lon="7.08322" /><trkpt lat="46.78751" lon="7.08301" /><trkpt lat="46.78744" lon="7.08281" /><trkpt lat="46.78737" lon="7.08261" /><trkpt lat="46.78729" lon="7.08242" /><trkpt lat="46.78721" lon="7.08223" /><trkpt lat="46.78712" lon="7.08204" /><trkpt lat="46.78703" lon="7.08186" /><trkpt lat="46.78694" lon="7.08169" /><trkpt lat="46.78684" lon="7.08152" /><trkpt lat="46.78673" lon="7.08135" /><trkpt lat="46.78663" lon="7.08119" /><trkpt lat="46.78655" lon="7.08108" /><trkpt lat="46.78647" lon="7.08098" /><trkpt lat="46.78644" lon="7.08094" /><trkpt lat="46.78635" lon="7.08081" /><trkpt lat="46.78632" lon="7.08078" /><trkpt lat="46.78625" lon="7.08068" /><trkpt lat="46.78618" lon="7.08059" /><trkpt lat="46.78591" lon="7.08027" /><trkpt lat="46.78578" lon="7.08011" /><trkpt lat="46.78565" lon="7.07994" /><trkpt lat="46.78552" lon="7.07977" /><trkpt lat="46.7854" lon="7.0796" /><trkpt lat="46.78529" lon="7.07943" /><trkpt lat="46.78518" lon="7.07926" /><trkpt lat="46.78507" lon="7.07907" /><trkpt lat="46.78496" lon="7.07887" /><trkpt lat="46.78485" lon="7.07868" /><trkpt lat="46.78476" lon="7.07847" /><trkpt lat="46.78466" lon="7.07826" /><trkpt lat="46.78457" lon="7.07805" /><trkpt lat="46.78449" lon="7.07784" /><trkpt lat="46.7844" lon="7.07761" /><trkpt lat="46.78433" lon="7.07739" /><trkpt lat="46.78426" lon="7.07716" /><trkpt lat="46.78419" lon="7.07693" /><trkpt lat="46.78413" lon="7.0767" /><trkpt lat="46.78405" lon="7.07641" /><trkpt lat="46.78398" lon="7.07612" /><trkpt lat="46.78391" lon="7.07579" /><trkpt lat="46.78384" lon="7.07546" /><trkpt lat="46.78376" lon="7.07512" /><trkpt lat="46.7837" lon="7.07478" /><trkpt lat="46.78363" lon="7.07444" /><trkpt lat="46.78357" lon="7.0741" /><trkpt lat="46.78351" lon="7.07375" /><trkpt lat="46.78345" lon="7.07341" /><trkpt lat="46.7834" lon="7.07306" /><trkpt lat="46.78335" lon="7.07272" /><trkpt lat="46.7833" lon="7.07237" /><trkpt lat="46.78326" lon="7.07202" /><trkpt lat="46.78322" lon="7.07168" /><trkpt lat="46.78318" lon="7.07133" /><trkpt lat="46.78314" lon="7.07098" /><trkpt lat="46.78311" lon="7.07063" /><trkpt lat="46.78308" lon="7.07027" /><trkpt lat="46.78306" lon="7.06991" /><trkpt lat="46.78304" lon="7.06958" /><trkpt lat="46.78302" lon="7.06926" /><trkpt lat="46.78298" lon="7.06861" /><trkpt lat="46.78294" lon="7.06768" /><trkpt lat="46.78292" lon="7.06718" /><trkpt lat="46.78283" lon="7.06541" /><trkpt lat="46.78279" lon="7.06457" /><trkpt lat="46.78277" lon="7.06407" /><trkpt lat="46.78276" lon="7.06389" /><trkpt lat="46.78275" lon="7.06371" /><trkpt lat="46.78273" lon="7.06347" /><trkpt lat="46.78271" lon="7.06324" /><trkpt lat="46.78268" lon="7.06302" /><trkpt lat="46.78267" lon="7.06292" /><trkpt lat="46.78265" lon="7.06283" /><trkpt lat="46.78264" lon="7.06273" /><trkpt lat="46.78262" lon="7.06263" /><trkpt lat="46.7826" lon="7.06253" /><trkpt lat="46.78258" lon="7.06243" /><trkpt lat="46.78256" lon="7.06233" /><trkpt lat="46.78254" lon="7.06223" /><trkpt lat="46.78252" lon="7.06215" /><trkpt lat="46.7825" lon="7.06207" /><trkpt lat="46.78248" lon="7.06199" /><trkpt lat="46.78246" lon="7.06193" /><trkpt lat="46.78245" lon="7.06186" /><trkpt lat="46.78242" lon="7.06178" /><trkpt lat="46.7824" lon="7.0617" /><trkpt lat="46.78238" lon="7.06162" /><trkpt lat="46.78235" lon="7.06153" /><trkpt lat="46.78232" lon="7.06145" /><trkpt lat="46.78229" lon="7.06137" /><trkpt lat="46.78226" lon="7.06128" /><trkpt lat="46.78223" lon="7.0612" /><trkpt lat="46.7822" lon="7.06112" /><trkpt lat="46.78217" lon="7.06104" /><trkpt lat="46.7821" lon="7.06087" /><trkpt lat="46.78202" lon="7.0607" /><trkpt lat="46.78198" lon="7.06062" /><trkpt lat="46.78193" lon="7.06053" /><trkpt lat="46.78187" lon="7.0604" /><trkpt lat="46.78182" lon="7.06031" /><trkpt lat="46.78176" lon="7.06022" /><trkpt lat="46.7817" lon="7.06011" /><trkpt lat="46.78164" lon="7.06001" /><trkpt lat="46.78159" lon="7.05993" /><trkpt lat="46.78154" lon="7.05986" /><trkpt lat="46.7815" lon="7.0598" /><trkpt lat="46.78145" lon="7.05974" /><trkpt lat="46.7814" lon="7.05968" /><trkpt lat="46.78135" lon="7.05961" /><trkpt lat="46.78131" lon="7.05956" /><trkpt lat="46.78125" lon="7.05949" /><trkpt lat="46.78121" lon="7.05944" /><trkpt lat="46.78116" lon="7.05938" /><trkpt lat="46.78111" lon="7.05933" /><trkpt lat="46.78101" lon="7.05922" /><trkpt lat="46.78096" lon="7.05917" /><trkpt lat="46.7809" lon="7.05912" /><trkpt lat="46.7808" lon="7.05902" /><trkpt lat="46.78074" lon="7.05898" /><trkpt lat="46.78069" lon="7.05893" /><trkpt lat="46.78058" lon="7.05885" /><trkpt lat="46.78052" lon="7.0588" /><trkpt lat="46.78046" lon="7.05876" /><trkpt lat="46.78039" lon="7.05871" /><trkpt lat="46.78031" lon="7.05866" /><trkpt lat="46.78026" lon="7.05863" /><trkpt lat="46.78019" lon="7.05859" /><trkpt lat="46.78011" lon="7.05855" /><trkpt lat="46.78001" lon="7.0585" /><trkpt lat="46.77993" lon="7.05846" /><trkpt lat="46.77986" lon="7.05843" /><trkpt lat="46.77978" lon="7.05839" /><trkpt lat="46.7797" lon="7.05836" /><trkpt lat="46.77961" lon="7.05833" /><trkpt lat="46.77949" lon="7.05829" /><trkpt lat="46.77942" lon="7.05828" /><trkpt lat="46.77935" lon="7.05826" /><trkpt lat="46.77929" lon="7.05825" /><trkpt lat="46.77922" lon="7.05823" /><trkpt lat="46.77912" lon="7.05822" /><trkpt lat="46.77902" lon="7.05821" /><trkpt lat="46.77894" lon="7.0582" /><trkpt lat="46.77884" lon="7.05819" /><trkpt lat="46.77874" lon="7.05819" /><trkpt lat="46.77867" lon="7.05819" /><trkpt lat="46.77859" lon="7.05819" /><trkpt lat="46.77849" lon="7.0582" /><trkpt lat="46.77841" lon="7.05821" /><trkpt lat="46.77829" lon="7.05823" /><trkpt lat="46.77816" lon="7.05825" /><trkpt lat="46.77808" lon="7.05827" /><trkpt lat="46.778" lon="7.05829" /><trkpt lat="46.77794" lon="7.05831" /><trkpt lat="46.77788" lon="7.05832" /><trkpt lat="46.77779" lon="7.05835" /><trkpt lat="46.77769" lon="7.05839" /><trkpt lat="46.7776" lon="7.05842" /><trkpt lat="46.7775" lon="7.05846" /><trkpt lat="46.77743" lon="7.0585" /><trkpt lat="46.77735" lon="7.05853" /><trkpt lat="46.77728" lon="7.05857" /><trkpt lat="46.77719" lon="7.05861" /><trkpt lat="46.77712" lon="7.05865" /><trkpt lat="46.77705" lon="7.05869" /><trkpt lat="46.77698" lon="7.05873" /><trkpt lat="46.77691" lon="7.05877" /><trkpt lat="46.77684" lon="7.05881" /><trkpt lat="46.77677" lon="7.05886" /><trkpt lat="46.77671" lon="7.05889" /><trkpt lat="46.77616" lon="7.05923" /><trkpt lat="46.77575" lon="7.0595" /><trkpt lat="46.77538" lon="7.05973" /><trkpt lat="46.77521" lon="7.05985" /><trkpt lat="46.77513" lon="7.0599" /><trkpt lat="46.77503" lon="7.05997" /><trkpt lat="46.77497" lon="7.06001" /><trkpt lat="46.77491" lon="7.06006" /><trkpt lat="46.77484" lon="7.0601" /><trkpt lat="46.77478" lon="7.06015" /><trkpt lat="46.77469" lon="7.06023" /><trkpt lat="46.77461" lon="7.06029" /><trkpt lat="46.77455" lon="7.06035" /><trkpt lat="46.77449" lon="7.06041" /><trkpt lat="46.7744" lon="7.06049" /><trkpt lat="46.77433" lon="7.06057" /><trkpt lat="46.77424" lon="7.06066" /><trkpt lat="46.77417" lon="7.06074" /><trkpt lat="46.77411" lon="7.06081" /><trkpt lat="46.77405" lon="7.06089" /><trkpt lat="46.77395" lon="7.061" /><trkpt lat="46.77112" lon="7.0645" /><trkpt lat="46.77105" lon="7.06459" /><trkpt lat="46.77097" lon="7.06468" /><trkpt lat="46.77087" lon="7.0648" /><trkpt lat="46.77079" lon="7.06489" /><trkpt lat="46.77071" lon="7.06498" /><trkpt lat="46.77063" lon="7.06506" /><trkpt lat="46.77054" lon="7.06515" /><trkpt lat="46.77045" lon="7.06524" /><trkpt lat="46.77038" lon="7.0653" /><trkpt lat="46.77032" lon="7.06535" /><trkpt lat="46.77021" lon="7.06544" /><trkpt lat="46.77012" lon="7.06551" /><trkpt lat="46.77002" lon="7.06558" /><trkpt lat="46.76993" lon="7.06564" /><trkpt lat="46.76983" lon="7.06569" /><trkpt lat="46.76975" lon="7.06574" /><trkpt lat="46.76965" lon="7.0658" /><trkpt lat="46.76954" lon="7.06585" /><trkpt lat="46.76946" lon="7.06588" /><trkpt lat="46.76938" lon="7.06592" /><trkpt lat="46.76927" lon="7.06596" /><trkpt lat="46.76916" lon="7.066" /><trkpt lat="46.76906" lon="7.06602" /><trkpt lat="46.76889" lon="7.06607" /><trkpt lat="46.76877" lon="7.06609" /><trkpt lat="46.76865" lon="7.0661" /><trkpt lat="46.76855" lon="7.06611" /><trkpt lat="46.76847" lon="7.06612" /><trkpt lat="46.76838" lon="7.06612" /><trkpt lat="46.76831" lon="7.06612" /><trkpt lat="46.76823" lon="7.06612" /><trkpt lat="46.76814" lon="7.06612" /><trkpt lat="46.76805" lon="7.06611" /><trkpt lat="46.76797" lon="7.0661" /><trkpt lat="46.7679" lon="7.06609" /><trkpt lat="46.76781" lon="7.06608" /><trkpt lat="46.76772" lon="7.06606" /><trkpt lat="46.76764" lon="7.06604" /><trkpt lat="46.76753" lon="7.06601" /><trkpt lat="46.76742" lon="7.06598" /><trkpt lat="46.76732" lon="7.06594" /><trkpt lat="46.76721" lon="7.0659" /><trkpt lat="46.7671" lon="7.06585" /><trkpt lat="46.76701" lon="7.0658" /><trkpt lat="46.76692" lon="7.06576" /><trkpt lat="46.76687" lon="7.06573" /><trkpt lat="46.76682" lon="7.0657" /><trkpt lat="46.76674" lon="7.06565" /><trkpt lat="46.76666" lon="7.06561" /><trkpt lat="46.76658" lon="7.06555" /><trkpt lat="46.7665" lon="7.06549" /><trkpt lat="46.76642" lon="7.06543" /><trkpt lat="46.76635" lon="7.06537" /><trkpt lat="46.7663" lon="7.06534" /><trkpt lat="46.76624" lon="7.06528" /><trkpt lat="46.76616" lon="7.06521" /><trkpt lat="46.76607" lon="7.06512" /><trkpt lat="46.76597" lon="7.06502" /><trkpt lat="46.76587" lon="7.06492" /><trkpt lat="46.7658" lon="7.06484" /><trkpt lat="46.76573" lon="7.06476" /><trkpt lat="46.76567" lon="7.06467" /><trkpt lat="46.7656" lon="7.06458" /><trkpt lat="46.76552" lon="7.06448" /><trkpt lat="46.76546" lon="7.06439" /><trkpt lat="46.76539" lon="7.06429" /><trkpt lat="46.76532" lon="7.06418" /><trkpt lat="46.76526" lon="7.06408" /><trkpt lat="46.76502" lon="7.06362" /><trkpt lat="46.76486" lon="7.06325" /><trkpt lat="46.76471" lon="7.06284" /><trkpt lat="46.7647" lon="7.06283" /><trkpt lat="46.76212" lon="7.05581" /><trkpt lat="46.7619" lon="7.05519" /><trkpt lat="46.76173" lon="7.05467" /><trkpt lat="46.7616" lon="7.05422" /><trkpt lat="46.76152" lon="7.05383" /><trkpt lat="46.76143" lon="7.0534" /><trkpt lat="46.76131" lon="7.05267" /><trkpt lat="46.76121" lon="7.05207" /><trkpt lat="46.76109" lon="7.05146" /><trkpt lat="46.76101" lon="7.05115" /><trkpt lat="46.76091" lon="7.05082" /><trkpt lat="46.76079" lon="7.05041" /><trkpt lat="46.76067" lon="7.05006" /><trkpt lat="46.76045" lon="7.04952" /><trkpt lat="46.76024" lon="7.04908" /><trkpt lat="46.75993" lon="7.04847" /><trkpt lat="46.75979" lon="7.0482" /><trkpt lat="46.75978" lon="7.04818" /><trkpt lat="46.75925" lon="7.0472" /><trkpt lat="46.75896" lon="7.04666" /><trkpt lat="46.75862" lon="7.04605" /><trkpt lat="46.7584" lon="7.04569" /><trkpt lat="46.75818" lon="7.04536" /><trkpt lat="46.75795" lon="7.04507" /><trkpt lat="46.75771" lon="7.04476" /><trkpt lat="46.75747" lon="7.04449" /><trkpt lat="46.75716" lon="7.04417" /><trkpt lat="46.75684" lon="7.04387" /><trkpt lat="46.75651" lon="7.0436" /><trkpt lat="46.75629" lon="7.04342" /><trkpt lat="46.75617" lon="7.04334" /><trkpt lat="46.75605" lon="7.04326" /><trkpt lat="46.75596" lon="7.0432" /><trkpt lat="46.75586" lon="7.04315" /><trkpt lat="46.75581" lon="7.04312" /><trkpt lat="46.75575" lon="7.04309" /><trkpt lat="46.75564" lon="7.04303" /><trkpt lat="46.75553" lon="7.04297" /><trkpt lat="46.75545" lon="7.04293" /><trkpt lat="46.75536" lon="7.04289" /><trkpt lat="46.75519" lon="7.04281" /><trkpt lat="46.75502" lon="7.04273" /><trkpt lat="46.75487" lon="7.04266" /><trkpt lat="46.75471" lon="7.04258" /><trkpt lat="46.75459" lon="7.04252" /><trkpt lat="46.75449" lon="7.04246" /><trkpt lat="46.75439" lon="7.0424" /><trkpt lat="46.75428" lon="7.04233" /><trkpt lat="46.75419" lon="7.04227" /><trkpt lat="46.75409" lon="7.0422" /><trkpt lat="46.75399" lon="7.04212" /><trkpt lat="46.7539" lon="7.04205" /><trkpt lat="46.75382" lon="7.04198" /><trkpt lat="46.75373" lon="7.0419" /><trkpt lat="46.75365" lon="7.04183" /><trkpt lat="46.75356" lon="7.04175" /><trkpt lat="46.75348" lon="7.04166" /><trkpt lat="46.75339" lon="7.04157" /><trkpt lat="46.7533" lon="7.04147" /><trkpt lat="46.75322" lon="7.04137" /><trkpt lat="46.75312" lon="7.04125" /><trkpt lat="46.75303" lon="7.04113" /><trkpt lat="46.75295" lon="7.04102" /><trkpt lat="46.75287" lon="7.0409" /><trkpt lat="46.75276" lon="7.04074" /><trkpt lat="46.75269" lon="7.04062" /><trkpt lat="46.7526" lon="7.04046" /><trkpt lat="46.75251" lon="7.0403" /><trkpt lat="46.75244" lon="7.04016" /><trkpt lat="46.75236" lon="7.04" /><trkpt lat="46.7523" lon="7.03987" /><trkpt lat="46.75223" lon="7.03972" /><trkpt lat="46.75217" lon="7.03957" /><trkpt lat="46.75212" lon="7.03944" /><trkpt lat="46.75206" lon="7.03928" /><trkpt lat="46.75202" lon="7.03914" /><trkpt lat="46.75197" lon="7.03899" /><trkpt lat="46.75192" lon="7.03883" /><trkpt lat="46.75188" lon="7.03869" /><trkpt lat="46.75184" lon="7.03853" /><trkpt lat="46.75179" lon="7.03835" /><trkpt lat="46.75175" lon="7.03818" /><trkpt lat="46.75172" lon="7.03799" /><trkpt lat="46.75168" lon="7.0378" /><trkpt lat="46.75164" lon="7.03759" /><trkpt lat="46.75161" lon="7.03742" /><trkpt lat="46.75158" lon="7.03725" /><trkpt lat="46.75155" lon="7.03707" /><trkpt lat="46.75152" lon="7.0369" /><trkpt lat="46.7515" lon="7.03672" /><trkpt lat="46.75147" lon="7.03651" /><trkpt lat="46.75145" lon="7.03633" /><trkpt lat="46.75142" lon="7.03608" /><trkpt lat="46.7514" lon="7.03586" /><trkpt lat="46.75138" lon="7.03566" /><trkpt lat="46.75136" lon="7.03544" /><trkpt lat="46.75135" lon="7.03522" /><trkpt lat="46.75134" lon="7.03502" /><trkpt lat="46.75133" lon="7.03483" /><trkpt lat="46.75133" lon="7.03464" /><trkpt lat="46.75133" lon="7.03445" /><trkpt lat="46.75133" lon="7.03423" /><trkpt lat="46.75132" lon="7.03401" /><trkpt lat="46.75133" lon="7.03123" /><trkpt lat="46.75133" lon="7.03108" /><trkpt lat="46.75133" lon="7.03087" /><trkpt lat="46.75133" lon="7.03069" /><trkpt lat="46.75134" lon="7.03056" /><trkpt lat="46.75134" lon="7.03046" /><trkpt lat="46.75135" lon="7.03037" /><trkpt lat="46.75135" lon="7.03021" /><trkpt lat="46.75137" lon="7.03003" /><trkpt lat="46.75138" lon="7.02984" /><trkpt lat="46.75141" lon="7.02953" /><trkpt lat="46.75149" lon="7.02882" /><trkpt lat="46.75151" lon="7.0286" /><trkpt lat="46.75153" lon="7.02842" /><trkpt lat="46.75154" lon="7.02824" /><trkpt lat="46.75156" lon="7.02808" /><trkpt lat="46.75157" lon="7.0279" /><trkpt lat="46.75157" lon="7.02772" /><trkpt lat="46.75158" lon="7.02755" /><trkpt lat="46.75158" lon="7.02743" /><trkpt lat="46.75158" lon="7.02731" /><trkpt lat="46.75158" lon="7.02717" /><trkpt lat="46.75158" lon="7.02704" /><trkpt lat="46.75158" lon="7.02689" /><trkpt lat="46.75157" lon="7.02674" /><trkpt lat="46.75157" lon="7.02663" /><trkpt lat="46.75156" lon="7.02652" /><trkpt lat="46.75155" lon="7.02633" /><trkpt lat="46.75153" lon="7.02609" /><trkpt lat="46.75151" lon="7.02584" /><trkpt lat="46.7515" lon="7.02562" /><trkpt lat="46.75148" lon="7.02543" /><trkpt lat="46.75147" lon="7.02521" /><trkpt lat="46.75146" lon="7.02501" /><trkpt lat="46.75145" lon="7.02488" /><trkpt lat="46.75144" lon="7.02472" /><trkpt lat="46.75144" lon="7.02458" /><trkpt lat="46.75144" lon="7.02444" /><trkpt lat="46.75144" lon="7.02427" /><trkpt lat="46.75144" lon="7.02414" /><trkpt lat="46.75144" lon="7.02402" /><trkpt lat="46.75145" lon="7.02386" /><trkpt lat="46.75146" lon="7.02376" /><trkpt lat="46.75147" lon="7.02361" /><trkpt lat="46.75148" lon="7.02345" /><trkpt lat="46.75149" lon="7.02333" /><trkpt lat="46.7515" lon="7.02322" /><trkpt lat="46.75151" lon="7.02311" /><trkpt lat="46.75153" lon="7.02296" /><trkpt lat="46.75155" lon="7.02284" /><trkpt lat="46.75157" lon="7.02272" /><trkpt lat="46.75159" lon="7.02258" /><trkpt lat="46.75161" lon="7.02244" /><trkpt lat="46.75163" lon="7.02232" /><trkpt lat="46.75166" lon="7.02218" /><trkpt lat="46.7517" lon="7.02202" /><trkpt lat="46.75174" lon="7.02183" /><trkpt lat="46.75179" lon="7.02164" /><trkpt lat="46.75189" lon="7.02124" /><trkpt lat="46.75246" lon="7.01897" /><trkpt lat="46.75293" lon="7.01713" /><trkpt lat="46.75301" lon="7.0168" /><trkpt lat="46.75305" lon="7.01664" /><trkpt lat="46.75309" lon="7.01648" /><trkpt lat="46.75314" lon="7.01626" /><trkpt lat="46.75319" lon="7.01604" /><trkpt lat="46.75322" lon="7.01586" /><trkpt lat="46.75325" lon="7.01568" /><trkpt lat="46.75326" lon="7.01556" /><trkpt lat="46.75328" lon="7.01546" /><trkpt lat="46.7533" lon="7.01525" /><trkpt lat="46.75332" lon="7.01504" /><trkpt lat="46.75333" lon="7.01482" /><trkpt lat="46.75333" lon="7.01473" /><trkpt lat="46.75334" lon="7.01462" /><trkpt lat="46.75334" lon="7.01442" /><trkpt lat="46.75333" lon="7.01425" /><trkpt lat="46.75333" lon="7.01409" /><trkpt lat="46.75332" lon="7.01398" /><trkpt lat="46.75331" lon="7.01386" /><trkpt lat="46.75329" lon="7.01362" /><trkpt lat="46.75328" lon="7.01347" /><trkpt lat="46.75326" lon="7.01331" /><trkpt lat="46.75323" lon="7.01316" /><trkpt lat="46.75321" lon="7.01301" /><trkpt lat="46.75319" lon="7.0129" /><trkpt lat="46.75316" lon="7.01278" /><trkpt lat="46.75311" lon="7.01257" /><trkpt lat="46.75308" lon="7.01242" /><trkpt lat="46.75303" lon="7.01226" /><trkpt lat="46.753" lon="7.01214" /><trkpt lat="46.75296" lon="7.01202" /><trkpt lat="46.75289" lon="7.01181" /><trkpt lat="46.75281" lon="7.01163" /><trkpt lat="46.75274" lon="7.01145" /><trkpt lat="46.75268" lon="7.01132" /><trkpt lat="46.75262" lon="7.01118" /><trkpt lat="46.75254" lon="7.01104" /><trkpt lat="46.75246" lon="7.01087" /><trkpt lat="46.75237" lon="7.01073" /><trkpt lat="46.75228" lon="7.01058" /><trkpt lat="46.75219" lon="7.01044" /><trkpt lat="46.75208" lon="7.01028" /><trkpt lat="46.75198" lon="7.01014" /><trkpt lat="46.75187" lon="7.01" /><trkpt lat="46.75166" lon="7.00971" /><trkpt lat="46.75144" lon="7.00942" /><trkpt lat="46.7513" lon="7.00922" /><trkpt lat="46.75118" lon="7.00903" /><trkpt lat="46.75114" lon="7.00897" /><trkpt lat="46.75107" lon="7.00885" /><trkpt lat="46.751" lon="7.00873" /><trkpt lat="46.75092" lon="7.00861" /><trkpt lat="46.75085" lon="7.00848" /><trkpt lat="46.75074" lon="7.00827" /><trkpt lat="46.75069" lon="7.00817" /><trkpt lat="46.75064" lon="7.00807" /><trkpt lat="46.75055" lon="7.00788" /><trkpt lat="46.75045" lon="7.00767" /><trkpt lat="46.75041" lon="7.00757" /><trkpt lat="46.75037" lon="7.00747" /><trkpt lat="46.75029" lon="7.00728" /><trkpt lat="46.75024" lon="7.00715" /><trkpt lat="46.75019" lon="7.00702" /><trkpt lat="46.75011" lon="7.00679" /><trkpt lat="46.75003" lon="7.00657" /><trkpt lat="46.74997" lon="7.00638" /><trkpt lat="46.74991" lon="7.00621" /><trkpt lat="46.74987" lon="7.00604" /><trkpt lat="46.74982" lon="7.00587" /><trkpt lat="46.74976" lon="7.00569" /><trkpt lat="46.74971" lon="7.00549" /><trkpt lat="46.74967" lon="7.00533" /><trkpt lat="46.74963" lon="7.00516" /><trkpt lat="46.74959" lon="7.00499" /><trkpt lat="46.74955" lon="7.0048" /><trkpt lat="46.74951" lon="7.00461" /><trkpt lat="46.74948" lon="7.00443" /><trkpt lat="46.74945" lon="7.00426" /><trkpt lat="46.74943" lon="7.00409" /><trkpt lat="46.7494" lon="7.00392" /><trkpt lat="46.74939" lon="7.00379" /><trkpt lat="46.74937" lon="7.00365" /><trkpt lat="46.74935" lon="7.00351" /><trkpt lat="46.74934" lon="7.00337" /><trkpt lat="46.74933" lon="7.00321" /><trkpt lat="46.74931" lon="7.00307" /><trkpt lat="46.74931" lon="7.00293" /><trkpt lat="46.74929" lon="7.00256" /><trkpt lat="46.74927" lon="7.00213" /><trkpt lat="46.74925" lon="7.00129" /><trkpt lat="46.74924" lon="7.001" /><trkpt lat="46.74923" lon="7.00071" /><trkpt lat="46.74922" lon="7.00057" /><trkpt lat="46.74921" lon="7.00042" /><trkpt lat="46.74918" lon="7.0001" /><trkpt lat="46.74915" lon="6.99977" /><trkpt lat="46.74912" lon="6.9995" /><trkpt lat="46.74908" lon="6.99922" /><trkpt lat="46.74904" lon="6.99897" /><trkpt lat="46.74899" lon="6.99871" /><trkpt lat="46.74892" lon="6.99837" /><trkpt lat="46.74888" lon="6.9982" /><trkpt lat="46.74884" lon="6.99803" /><trkpt lat="46.74878" lon="6.99777" /><trkpt lat="46.74871" lon="6.99753" /><trkpt lat="46.74867" lon="6.99739" /><trkpt lat="46.74863" lon="6.99725" /><trkpt lat="46.74859" lon="6.99713" /><trkpt lat="46.74855" lon="6.997" /><trkpt lat="46.74846" lon="6.99674" /><trkpt lat="46.74842" lon="6.99663" /><trkpt lat="46.74838" lon="6.99651" /><trkpt lat="46.74831" lon="6.99634" /><trkpt lat="46.74824" lon="6.99616" /><trkpt lat="46.74815" lon="6.99594" /><trkpt lat="46.74806" lon="6.99575" /><trkpt lat="46.74799" lon="6.99559" /><trkpt lat="46.74792" lon="6.99545" /><trkpt lat="46.74786" lon="6.99532" /><trkpt lat="46.7478" lon="6.99521" /><trkpt lat="46.74764" lon="6.9949" /><trkpt lat="46.74754" lon="6.99471" /><trkpt lat="46.7474" lon="6.99446" /><trkpt lat="46.74665" lon="6.9931" /><trkpt lat="46.74624" lon="6.99237" /><trkpt lat="46.74564" lon="6.99128" /><trkpt lat="46.74561" lon="6.99123" /><trkpt lat="46.74441" lon="6.98907" /><trkpt lat="46.74422" lon="6.98873" /><trkpt lat="46.74404" lon="6.98839" /><trkpt lat="46.74393" lon="6.98818" /><trkpt lat="46.74383" lon="6.98797" /><trkpt lat="46.74373" lon="6.98776" /><trkpt lat="46.74362" lon="6.98755" /><trkpt lat="46.74353" lon="6.98734" /><trkpt lat="46.74345" lon="6.98715" /><trkpt lat="46.74336" lon="6.98696" /><trkpt lat="46.74328" lon="6.98677" /><trkpt lat="46.74316" lon="6.98649" /><trkpt lat="46.74304" lon="6.9862" /><trkpt lat="46.74292" lon="6.98588" /><trkpt lat="46.74281" lon="6.98558" /><trkpt lat="46.74269" lon="6.98525" /><trkpt lat="46.74259" lon="6.98495" /><trkpt lat="46.74252" lon="6.98476" /><trkpt lat="46.74245" lon="6.98456" /><trkpt lat="46.74238" lon="6.98432" /><trkpt lat="46.74231" lon="6.98407" /><trkpt lat="46.74224" lon="6.98386" /><trkpt lat="46.74218" lon="6.98364" /><trkpt lat="46.74206" lon="6.98321" /><trkpt lat="46.74167" lon="6.9817" /><trkpt lat="46.7416" lon="6.98144" /><trkpt lat="46.74154" lon="6.98124" /><trkpt lat="46.74149" lon="6.98104" /><trkpt lat="46.74141" lon="6.98077" /><trkpt lat="46.74137" lon="6.98063" /><trkpt lat="46.74132" lon="6.98049" /><trkpt lat="46.74128" lon="6.98037" /><trkpt lat="46.74124" lon="6.98025" /><trkpt lat="46.7412" lon="6.98012" /><trkpt lat="46.74115" lon="6.98" /><trkpt lat="46.7411" lon="6.97986" /><trkpt lat="46.74105" lon="6.97972" /><trkpt lat="46.741" lon="6.9796" /><trkpt lat="46.74095" lon="6.97948" /><trkpt lat="46.74085" lon="6.97925" /><trkpt lat="46.74075" lon="6.97901" /><trkpt lat="46.74067" lon="6.97884" /><trkpt lat="46.74058" lon="6.97867" /><trkpt lat="46.74049" lon="6.9785" /><trkpt lat="46.74041" lon="6.97834" /><trkpt lat="46.74033" lon="6.9782" /><trkpt lat="46.74024" lon="6.97804" /><trkpt lat="46.74017" lon="6.97793" /><trkpt lat="46.74006" lon="6.97775" /><trkpt lat="46.73996" lon="6.97759" /><trkpt lat="46.73985" lon="6.97743" /><trkpt lat="46.73974" lon="6.97727" /><trkpt lat="46.7396" lon="6.97708" /><trkpt lat="46.73947" lon="6.97691" /><trkpt lat="46.73934" lon="6.97675" /><trkpt lat="46.7392" lon="6.97658" /><trkpt lat="46.73904" lon="6.97639" /><trkpt lat="46.73887" lon="6.97621" /><trkpt lat="46.73878" lon="6.97611" /><trkpt lat="46.73793" lon="6.97519" /><trkpt lat="46.73667" lon="6.97383" /><trkpt lat="46.73537" lon="6.97242" /><trkpt lat="46.73483" lon="6.97183" /><trkpt lat="46.73445" lon="6.97143" /><trkpt lat="46.73426" lon="6.97122" /><trkpt lat="46.73407" lon="6.97102" /><trkpt lat="46.73387" lon="6.97081" /><trkpt lat="46.73377" lon="6.97072" /><trkpt lat="46.73367" lon="6.97062" /><trkpt lat="46.73347" lon="6.97044" /><trkpt lat="46.73327" lon="6.97026" /><trkpt lat="46.73306" lon="6.97008" /><trkpt lat="46.73288" lon="6.96993" /><trkpt lat="46.73268" lon="6.96977" /><trkpt lat="46.73247" lon="6.96961" /><trkpt lat="46.73225" lon="6.96946" /><trkpt lat="46.73204" lon="6.96932" /><trkpt lat="46.73183" lon="6.96917" /><trkpt lat="46.73095" lon="6.96859" /><trkpt lat="46.73031" lon="6.96816" /><trkpt lat="46.73011" lon="6.96803" /><trkpt lat="46.7299" lon="6.96789" /><trkpt lat="46.72969" lon="6.96773" /><trkpt lat="46.72949" lon="6.96759" /><trkpt lat="46.7293" lon="6.96743" /><trkpt lat="46.72909" lon="6.96727" /><trkpt lat="46.72889" lon="6.9671" /><trkpt lat="46.72877" lon="6.967" /><trkpt lat="46.72849" lon="6.96676" /><trkpt lat="46.72725" lon="6.96564" /><trkpt lat="46.72661" lon="6.96506" /><trkpt lat="46.72606" lon="6.96457" /><trkpt lat="46.7259" lon="6.96443" /><trkpt lat="46.72574" lon="6.96429" /><trkpt lat="46.72558" lon="6.96416" /><trkpt lat="46.72545" lon="6.96405" /><trkpt lat="46.7253" lon="6.96394" /><trkpt lat="46.72514" lon="6.96381" /><trkpt lat="46.72497" lon="6.9637" /><trkpt lat="46.72481" lon="6.96359" /><trkpt lat="46.72465" lon="6.9635" /><trkpt lat="46.72449" lon="6.9634" /><trkpt lat="46.72431" lon="6.96329" /><trkpt lat="46.72382" lon="6.96301" /><trkpt lat="46.72315" lon="6.96263" /><trkpt lat="46.72298" lon="6.96254" /><trkpt lat="46.72281" lon="6.96244" /><trkpt lat="46.72262" lon="6.96232" /><trkpt lat="46.72246" lon="6.96222" /><trkpt lat="46.72236" lon="6.96216" /><trkpt lat="46.72228" lon="6.9621" /><trkpt lat="46.72209" lon="6.96197" /><trkpt lat="46.72201" lon="6.96191" /><trkpt lat="46.72192" lon="6.96184" /><trkpt lat="46.72174" lon="6.9617" /><trkpt lat="46.7216" lon="6.96158" /><trkpt lat="46.72147" lon="6.96146" /><trkpt lat="46.72138" lon="6.96138" /><trkpt lat="46.72129" lon="6.9613" /><trkpt lat="46.72115" lon="6.96117" /><trkpt lat="46.72106" lon="6.96108" /><trkpt lat="46.72099" lon="6.96101" /><trkpt lat="46.72088" lon="6.96089" /><trkpt lat="46.72076" lon="6.96077" /><trkpt lat="46.72062" lon="6.96061" /><trkpt lat="46.7205" lon="6.96047" /><trkpt lat="46.72034" lon="6.96029" /><trkpt lat="46.72021" lon="6.96012" /><trkpt lat="46.72007" lon="6.95993" /><trkpt lat="46.71997" lon="6.9598" /><trkpt lat="46.71988" lon="6.95967" /><trkpt lat="46.71978" lon="6.95953" /><trkpt lat="46.71969" lon="6.95939" /><trkpt lat="46.71958" lon="6.95923" /><trkpt lat="46.7195" lon="6.95909" /><trkpt lat="46.71941" lon="6.95895" /><trkpt lat="46.71933" lon="6.95882" /><trkpt lat="46.71926" lon="6.95869" /><trkpt lat="46.71918" lon="6.95855" /><trkpt lat="46.7191" lon="6.95841" /><trkpt lat="46.71902" lon="6.95825" /><trkpt lat="46.71893" lon="6.95809" /><trkpt lat="46.71885" lon="6.95793" /><trkpt lat="46.71877" lon="6.95777" /><trkpt lat="46.71867" lon="6.95757" /><trkpt lat="46.71675" lon="6.95369" /><trkpt lat="46.71667" lon="6.95354" /><trkpt lat="46.71404" lon="6.94824" /><trkpt lat="46.71398" lon="6.94811" /><trkpt lat="46.71376" lon="6.94767" /><trkpt lat="46.71302" lon="6.94618" /><trkpt lat="46.71216" lon="6.94445" /><trkpt lat="46.71213" lon="6.94438" /><trkpt lat="46.71163" lon="6.94337" /><trkpt lat="46.71118" lon="6.94248" /><trkpt lat="46.7109" lon="6.94191" /><trkpt lat="46.71029" lon="6.94068" /><trkpt lat="46.70939" lon="6.93882" /><trkpt lat="46.70848" lon="6.93694" /><trkpt lat="46.70729" lon="6.93448" /><trkpt lat="46.70685" lon="6.93358" /><trkpt lat="46.70675" lon="6.93338" /><trkpt lat="46.70635" lon="6.93256" /><trkpt lat="46.70633" lon="6.9325" /><trkpt lat="46.70597" lon="6.93176" /><trkpt lat="46.70495" lon="6.92965" /><trkpt lat="46.70309" lon="6.92583" /><trkpt lat="46.70155" lon="6.92264" /><trkpt lat="46.70148" lon="6.92249" /><trkpt lat="46.70068" lon="6.92086" /><trkpt lat="46.70038" lon="6.92024" /><trkpt lat="46.70008" lon="6.91962" /><trkpt lat="46.69989" lon="6.91923" /><trkpt lat="46.6993" lon="6.91801" /><trkpt lat="46.69904" lon="6.91747" /><trkpt lat="46.69892" lon="6.91724" /><trkpt lat="46.69885" lon="6.91711" /><trkpt lat="46.69878" lon="6.91697" /><trkpt lat="46.69869" lon="6.91681" /><trkpt lat="46.6986" lon="6.91665" /><trkpt lat="46.6985" lon="6.91648" /><trkpt lat="46.69839" lon="6.91632" /><trkpt lat="46.69828" lon="6.91617" /><trkpt lat="46.69818" lon="6.91602" /><trkpt lat="46.69809" lon="6.91591" /><trkpt lat="46.69799" lon="6.91579" /><trkpt lat="46.69789" lon="6.91567" /><trkpt lat="46.69778" lon="6.91556" /><trkpt lat="46.69769" lon="6.91546" /><trkpt lat="46.69759" lon="6.91537" /><trkpt lat="46.69749" lon="6.91528" /><trkpt lat="46.6974" lon="6.9152" /><trkpt lat="46.69732" lon="6.91514" /><trkpt lat="46.69725" lon="6.91508" /><trkpt lat="46.69717" lon="6.91502" /><trkpt lat="46.697" lon="6.9149" /><trkpt lat="46.69682" lon="6.91478" /><trkpt lat="46.69622" lon="6.9144" /><trkpt lat="46.69616" lon="6.91436" /><trkpt lat="46.69566" lon="6.91404" /><trkpt lat="46.69538" lon="6.91386" /><trkpt lat="46.69522" lon="6.91375" /><trkpt lat="46.69513" lon="6.91368" /><trkpt lat="46.69504" lon="6.91361" /><trkpt lat="46.69495" lon="6.91354" /><trkpt lat="46.69487" lon="6.91347" /><trkpt lat="46.69481" lon="6.91341" /><trkpt lat="46.69475" lon="6.91337" /><trkpt lat="46.6947" lon="6.91331" /><trkpt lat="46.69463" lon="6.91325" /><trkpt lat="46.69457" lon="6.91317" /><trkpt lat="46.6945" lon="6.9131" /><trkpt lat="46.69444" lon="6.91303" /><trkpt lat="46.69438" lon="6.91296" /><trkpt lat="46.69432" lon="6.91288" /><trkpt lat="46.69426" lon="6.91281" /><trkpt lat="46.69417" lon="6.91268" /><trkpt lat="46.69409" lon="6.91256" /><trkpt lat="46.69401" lon="6.91244" /><trkpt lat="46.69389" lon="6.91224" /><trkpt lat="46.69377" lon="6.91205" /><trkpt lat="46.69267" lon="6.91016" /><trkpt lat="46.69211" lon="6.90921" /><trkpt lat="46.69197" lon="6.90898" /><trkpt lat="46.69191" lon="6.90889" /><trkpt lat="46.69184" lon="6.90879" /><trkpt lat="46.69176" lon="6.90867" /><trkpt lat="46.69167" lon="6.90856" /><trkpt lat="46.69158" lon="6.90845" /><trkpt lat="46.6915" lon="6.90835" /><trkpt lat="46.69142" lon="6.90825" /><trkpt lat="46.69122" lon="6.90802" /><trkpt lat="46.69094" lon="6.9077" /><trkpt lat="46.69066" lon="6.90738" /><trkpt lat="46.69035" lon="6.90703" /><trkpt lat="46.6902" lon="6.90687" /><trkpt lat="46.6901" lon="6.90676" /><trkpt lat="46.69" lon="6.90666" /><trkpt lat="46.68992" lon="6.9066" /><trkpt lat="46.68984" lon="6.90652" /><trkpt lat="46.68972" lon="6.90643" /><trkpt lat="46.68966" lon="6.90638" /><trkpt lat="46.6896" lon="6.90634" /><trkpt lat="46.68954" lon="6.90629" /><trkpt lat="46.68947" lon="6.90625" /><trkpt lat="46.68936" lon="6.90618" /><trkpt lat="46.68922" lon="6.9061" /><trkpt lat="46.6891" lon="6.90605" /><trkpt lat="46.68902" lon="6.90601" /><trkpt lat="46.68894" lon="6.90598" /><trkpt lat="46.68883" lon="6.90594" /><trkpt lat="46.68875" lon="6.90591" /><trkpt lat="46.68864" lon="6.90588" /><trkpt lat="46.68854" lon="6.90586" /><trkpt lat="46.68847" lon="6.90584" /><trkpt lat="46.68838" lon="6.90583" /><trkpt lat="46.68826" lon="6.90581" /><trkpt lat="46.68814" lon="6.9058" /><trkpt lat="46.68799" lon="6.90579" /><trkpt lat="46.68785" lon="6.90579" /><trkpt lat="46.68771" lon="6.9058" /><trkpt lat="46.68757" lon="6.9058" /><trkpt lat="46.68689" lon="6.90584" /><trkpt lat="46.68544" lon="6.90593" /><trkpt lat="46.68465" lon="6.90597" /><trkpt lat="46.68439" lon="6.90597" /><trkpt lat="46.68426" lon="6.90596" /><trkpt lat="46.68415" lon="6.90595" /><trkpt lat="46.684" lon="6.90593" /><trkpt lat="46.6839" lon="6.90591" /><trkpt lat="46.6838" lon="6.90589" /><trkpt lat="46.68366" lon="6.90585" /><trkpt lat="46.68352" lon="6.9058" /><trkpt lat="46.68338" lon="6.90575" /><trkpt lat="46.68325" lon="6.90569" /><trkpt lat="46.6831" lon="6.90561" /><trkpt lat="46.68296" lon="6.90553" /><trkpt lat="46.68283" lon="6.90545" /><trkpt lat="46.6827" lon="6.90537" /><trkpt lat="46.68257" lon="6.90526" /><trkpt lat="46.68244" lon="6.90516" /><trkpt lat="46.68231" lon="6.90504" /><trkpt lat="46.68218" lon="6.90492" /><trkpt lat="46.68205" lon="6.90478" /><trkpt lat="46.68193" lon="6.90464" /><trkpt lat="46.6818" lon="6.90448" /><trkpt lat="46.68166" lon="6.90432" /><trkpt lat="46.68144" lon="6.90404" /><trkpt lat="46.68131" lon="6.90388" /><trkpt lat="46.68112" lon="6.90366" /><trkpt lat="46.68111" lon="6.90364" /><trkpt lat="46.68079" lon="6.90328" /><trkpt lat="46.68062" lon="6.9031" /><trkpt lat="46.68053" lon="6.90302" /><trkpt lat="46.68044" lon="6.90293" /><trkpt lat="46.68036" lon="6.90285" /><trkpt lat="46.68027" lon="6.90277" /><trkpt lat="46.68018" lon="6.90269" /><trkpt lat="46.68008" lon="6.9026" /><trkpt lat="46.67992" lon="6.90247" /><trkpt lat="46.67982" lon="6.90239" /><trkpt lat="46.67973" lon="6.90232" /><trkpt lat="46.67962" lon="6.90224" /><trkpt lat="46.67944" lon="6.90212" /><trkpt lat="46.67931" lon="6.90203" /><trkpt lat="46.67916" lon="6.90193" /><trkpt lat="46.67901" lon="6.90184" /><trkpt lat="46.67882" lon="6.90173" /><trkpt lat="46.67862" lon="6.90163" /><trkpt lat="46.67836" lon="6.9015" /><trkpt lat="46.67793" lon="6.90129" /><trkpt lat="46.67711" lon="6.9009" /><trkpt lat="46.67233" lon="6.8986" /><trkpt lat="46.67231" lon="6.89859" /><trkpt lat="46.67057" lon="6.89775" /><trkpt lat="46.67044" lon="6.89768" /><trkpt lat="46.67031" lon="6.89762" /><trkpt lat="46.67019" lon="6.89755" /><trkpt lat="46.67009" lon="6.8975" /><trkpt lat="46.66999" lon="6.89743" /><trkpt lat="46.66988" lon="6.89736" /><trkpt lat="46.66978" lon="6.89728" /><trkpt lat="46.66968" lon="6.8972" /><trkpt lat="46.66959" lon="6.89713" /><trkpt lat="46.66949" lon="6.89704" /><trkpt lat="46.66937" lon="6.89692" /><trkpt lat="46.6692" lon="6.89676" /><trkpt lat="46.669" lon="6.89656" /><trkpt lat="46.66816" lon="6.89571" /><trkpt lat="46.66793" lon="6.89547" /><trkpt lat="46.66767" lon="6.89522" /><trkpt lat="46.66749" lon="6.89505" /><trkpt lat="46.66734" lon="6.89491" /><trkpt lat="46.665" lon="6.89282" /><trkpt lat="46.66499" lon="6.89281" /><trkpt lat="46.66424" lon="6.89214" /><trkpt lat="46.66412" lon="6.89203" /><trkpt lat="46.66401" lon="6.89192" /><trkpt lat="46.66391" lon="6.89182" /><trkpt lat="46.66381" lon="6.89172" /><trkpt lat="46.66371" lon="6.8916" /><trkpt lat="46.6636" lon="6.89147" /><trkpt lat="46.66351" lon="6.89136" /><trkpt lat="46.66342" lon="6.89125" /><trkpt lat="46.66333" lon="6.89112" /><trkpt lat="46.66324" lon="6.89098" /><trkpt lat="46.66315" lon="6.89082" /><trkpt lat="46.66306" lon="6.89067" /><trkpt lat="46.66295" lon="6.89047" /><trkpt lat="46.66284" lon="6.89024" /><trkpt lat="46.66183" lon="6.88828" /><trkpt lat="46.6616" lon="6.88781" /><trkpt lat="46.66145" lon="6.88754" /><trkpt lat="46.66137" lon="6.88739" /><trkpt lat="46.66127" lon="6.88722" /><trkpt lat="46.66122" lon="6.88713" /><trkpt lat="46.66115" lon="6.88703" /><trkpt lat="46.66109" lon="6.88694" /><trkpt lat="46.66103" lon="6.88685" /><trkpt lat="46.66092" lon="6.8867" /><trkpt lat="46.6608" lon="6.88655" /><trkpt lat="46.66071" lon="6.88645" /><trkpt lat="46.66062" lon="6.88634" /><trkpt lat="46.6605" lon="6.88623" /><trkpt lat="46.66045" lon="6.88617" /><trkpt lat="46.66039" lon="6.88612" /><trkpt lat="46.66031" lon="6.88604" /><trkpt lat="46.66025" lon="6.886" /><trkpt lat="46.6602" lon="6.88595" /><trkpt lat="46.66007" lon="6.88585" /><trkpt lat="46.65999" lon="6.88579" /><trkpt lat="46.6599" lon="6.88573" /><trkpt lat="46.65981" lon="6.88567" /><trkpt lat="46.65972" lon="6.88561" /><trkpt lat="46.65963" lon="6.88555" /><trkpt lat="46.65811" lon="6.8847" /><trkpt lat="46.65746" lon="6.88433" /><trkpt lat="46.65729" lon="6.88423" /><trkpt lat="46.65709" lon="6.88412" /><trkpt lat="46.6569" lon="6.884" /><trkpt lat="46.65671" lon="6.88387" /><trkpt lat="46.65652" lon="6.88374" /><trkpt lat="46.65631" lon="6.88359" /><trkpt lat="46.6561" lon="6.88343" /><trkpt lat="46.65599" lon="6.88334" /><trkpt lat="46.65589" lon="6.88326" /><trkpt lat="46.65579" lon="6.88317" /><trkpt lat="46.65569" lon="6.88309" /><trkpt lat="46.65559" lon="6.883" /><trkpt lat="46.6555" lon="6.88292" /><trkpt lat="46.65538" lon="6.88281" /><trkpt lat="46.65529" lon="6.88272" /><trkpt lat="46.65518" lon="6.88262" /><trkpt lat="46.65461" lon="6.88208" /><trkpt lat="46.65358" lon="6.88109" /><trkpt lat="46.65201" lon="6.87959" /><trkpt lat="46.65189" lon="6.87948" /><trkpt lat="46.65172" lon="6.87933" /><trkpt lat="46.65155" lon="6.87917" /><trkpt lat="46.65127" lon="6.87894" /><trkpt lat="46.65083" lon="6.87857" /><trkpt lat="46.64677" lon="6.87514" /><trkpt lat="46.64093" lon="6.87022" /><trkpt lat="46.6399" lon="6.86935" /><trkpt lat="46.63878" lon="6.86842" /><trkpt lat="46.63785" lon="6.86761" /><trkpt lat="46.6369" lon="6.86672" /><trkpt lat="46.63594" lon="6.86575" /><trkpt lat="46.63507" lon="6.86483" /><trkpt lat="46.63335" lon="6.8628" /><trkpt lat="46.63168" lon="6.86064" /><trkpt lat="46.6299" lon="6.85844" /><trkpt lat="46.62817" lon="6.85656" /><trkpt lat="46.62631" lon="6.85478" /><trkpt lat="46.62445" lon="6.8531" /><trkpt lat="46.62401" lon="6.85271" /><trkpt lat="46.62379" lon="6.8525" /><trkpt lat="46.62359" lon="6.85231" /><trkpt lat="46.62334" lon="6.85208" /><trkpt lat="46.6231" lon="6.85184" /><trkpt lat="46.62237" lon="6.8511" /><trkpt lat="46.62235" lon="6.85108" /><trkpt lat="46.62225" lon="6.85098" /><trkpt lat="46.62223" lon="6.85096" /><trkpt lat="46.62152" lon="6.85024" /><trkpt lat="46.62132" lon="6.85004" /><trkpt lat="46.62075" lon="6.84946" /><trkpt lat="46.62059" lon="6.8493" /><trkpt lat="46.6205" lon="6.84921" /><trkpt lat="46.62034" lon="6.84907" /><trkpt lat="46.62026" lon="6.84899" /><trkpt lat="46.62016" lon="6.84891" /><trkpt lat="46.62005" lon="6.84883" /><trkpt lat="46.61992" lon="6.84874" /><trkpt lat="46.6198" lon="6.84866" /><trkpt lat="46.61967" lon="6.84858" /><trkpt lat="46.61938" lon="6.84842" /><trkpt lat="46.61894" lon="6.84816" /><trkpt lat="46.61859" lon="6.84796" /><trkpt lat="46.61848" lon="6.84789" /><trkpt lat="46.61838" lon="6.84783" /><trkpt lat="46.61824" lon="6.84773" /><trkpt lat="46.61809" lon="6.84761" /><trkpt lat="46.61794" lon="6.8475" /><trkpt lat="46.61723" lon="6.84695" /><trkpt lat="46.61706" lon="6.84683" /><trkpt lat="46.61689" lon="6.84671" /><trkpt lat="46.61672" lon="6.8466" /><trkpt lat="46.61654" lon="6.84649" /><trkpt lat="46.61636" lon="6.84638" /><trkpt lat="46.6161" lon="6.84623" /><trkpt lat="46.61527" lon="6.84576" /><trkpt lat="46.61486" lon="6.84553" /><trkpt lat="46.61467" lon="6.84542" /><trkpt lat="46.61456" lon="6.84536" /><trkpt lat="46.61446" lon="6.8453" /><trkpt lat="46.61433" lon="6.84522" /><trkpt lat="46.6142" lon="6.84514" /><trkpt lat="46.61408" lon="6.84505" /><trkpt lat="46.61396" lon="6.84496" /><trkpt lat="46.61387" lon="6.84488" /><trkpt lat="46.61377" lon="6.84479" /><trkpt lat="46.61366" lon="6.84468" /><trkpt lat="46.61355" lon="6.84457" /><trkpt lat="46.61347" lon="6.84447" /><trkpt lat="46.61339" lon="6.84437" /><trkpt lat="46.61331" lon="6.84426" /><trkpt lat="46.61322" lon="6.84414" /><trkpt lat="46.61314" lon="6.84401" /><trkpt lat="46.61308" lon="6.84393" /><trkpt lat="46.61304" lon="6.84385" /><trkpt lat="46.61296" lon="6.84372" /><trkpt lat="46.61289" lon="6.84359" /><trkpt lat="46.61276" lon="6.84335" /><trkpt lat="46.61268" lon="6.8432" /><trkpt lat="46.61259" lon="6.84302" /><trkpt lat="46.61248" lon="6.84285" /><trkpt lat="46.61236" lon="6.84267" /><trkpt lat="46.61228" lon="6.84255" /><trkpt lat="46.61219" lon="6.84243" /><trkpt lat="46.61213" lon="6.84235" /><trkpt lat="46.61204" lon="6.84224" /><trkpt lat="46.61195" lon="6.84215" /><trkpt lat="46.61186" lon="6.84205" /><trkpt lat="46.61176" lon="6.84196" /><trkpt lat="46.61166" lon="6.84186" /><trkpt lat="46.61155" lon="6.84177" /><trkpt lat="46.61148" lon="6.84172" /><trkpt lat="46.61142" lon="6.84167" /><trkpt lat="46.61135" lon="6.84163" /><trkpt lat="46.61128" lon="6.84158" /><trkpt lat="46.61117" lon="6.84152" /><trkpt lat="46.61105" lon="6.84145" /><trkpt lat="46.61094" lon="6.8414" /><trkpt lat="46.61083" lon="6.84135" /><trkpt lat="46.61073" lon="6.84132" /><trkpt lat="46.61062" lon="6.84128" /><trkpt lat="46.61052" lon="6.84126" /><trkpt lat="46.61041" lon="6.84123" /><trkpt lat="46.6103" lon="6.84121" /><trkpt lat="46.6102" lon="6.8412" /><trkpt lat="46.61011" lon="6.8412" /><trkpt lat="46.61002" lon="6.84119" /><trkpt lat="46.60991" lon="6.84119" /><trkpt lat="46.60981" lon="6.8412" /><trkpt lat="46.6097" lon="6.84121" /><trkpt lat="46.60958" lon="6.84123" /><trkpt lat="46.60946" lon="6.84126" /><trkpt lat="46.60935" lon="6.84129" /><trkpt lat="46.60921" lon="6.84133" /><trkpt lat="46.60908" lon="6.84138" /><trkpt lat="46.60898" lon="6.84141" /><trkpt lat="46.6088" lon="6.84149" /><trkpt lat="46.60864" lon="6.84155" /><trkpt lat="46.60839" lon="6.84165" /><trkpt lat="46.60826" lon="6.84169" /><trkpt lat="46.60814" lon="6.84173" /><trkpt lat="46.60804" lon="6.84175" /><trkpt lat="46.60792" lon="6.84178" /><trkpt lat="46.60778" lon="6.8418" /><trkpt lat="46.60767" lon="6.8418" /><trkpt lat="46.60755" lon="6.84181" /><trkpt lat="46.60744" lon="6.84181" /><trkpt lat="46.60733" lon="6.8418" /><trkpt lat="46.60724" lon="6.84179" /><trkpt lat="46.60711" lon="6.84176" /><trkpt lat="46.60696" lon="6.84173" /><trkpt lat="46.60683" lon="6.84169" /><trkpt lat="46.6067" lon="6.84164" /><trkpt lat="46.60658" lon="6.84159" /><trkpt lat="46.60648" lon="6.84154" /><trkpt lat="46.60638" lon="6.84148" /><trkpt lat="46.60626" lon="6.84141" /><trkpt lat="46.60612" lon="6.84131" /><trkpt lat="46.60601" lon="6.84123" /><trkpt lat="46.60591" lon="6.84114" /><trkpt lat="46.60581" lon="6.84104" /><trkpt lat="46.6057" lon="6.84094" /><trkpt lat="46.60562" lon="6.84085" /><trkpt lat="46.60555" lon="6.84077" /><trkpt lat="46.60547" lon="6.84067" /><trkpt lat="46.60539" lon="6.84056" /><trkpt lat="46.60529" lon="6.84042" /><trkpt lat="46.60514" lon="6.84019" /><trkpt lat="46.60505" lon="6.84004" /><trkpt lat="46.60496" lon="6.83989" /><trkpt lat="46.60356" lon="6.83753" /><trkpt lat="46.60345" lon="6.83735" /><trkpt lat="46.60335" lon="6.83719" /><trkpt lat="46.60326" lon="6.83704" /><trkpt lat="46.60317" lon="6.83691" /><trkpt lat="46.60308" lon="6.83678" /><trkpt lat="46.60296" lon="6.83663" /><trkpt lat="46.60289" lon="6.83654" /><trkpt lat="46.60279" lon="6.83642" /><trkpt lat="46.60268" lon="6.83631" /><trkpt lat="46.60257" lon="6.8362" /><trkpt lat="46.60247" lon="6.83611" /><trkpt lat="46.60237" lon="6.83603" /><trkpt lat="46.60228" lon="6.83595" /><trkpt lat="46.60218" lon="6.83589" /><trkpt lat="46.60209" lon="6.83582" /><trkpt lat="46.60201" lon="6.83578" /><trkpt lat="46.60193" lon="6.83573" /><trkpt lat="46.60182" lon="6.83567" /><trkpt lat="46.6017" lon="6.83561" /><trkpt lat="46.60161" lon="6.83557" /><trkpt lat="46.60152" lon="6.83554" /><trkpt lat="46.60142" lon="6.8355" /><trkpt lat="46.60132" lon="6.83547" /><trkpt lat="46.6012" lon="6.83544" /><trkpt lat="46.60108" lon="6.83541" /><trkpt lat="46.60099" lon="6.8354" /><trkpt lat="46.60088" lon="6.83538" /><trkpt lat="46.60077" lon="6.83538" /><trkpt lat="46.60064" lon="6.83537" /><trkpt lat="46.60054" lon="6.83538" /><trkpt lat="46.60044" lon="6.83538" /><trkpt lat="46.60024" lon="6.8354" /><trkpt lat="46.60007" lon="6.83542" /><trkpt lat="46.59833" lon="6.83563" /><trkpt lat="46.59638" lon="6.83586" /><trkpt lat="46.59626" lon="6.83587" /><trkpt lat="46.5961" lon="6.83589" /><trkpt lat="46.59594" lon="6.8359" /><trkpt lat="46.59582" lon="6.83591" /><trkpt lat="46.5957" lon="6.83591" /><trkpt lat="46.59562" lon="6.8359" /><trkpt lat="46.59555" lon="6.8359" /><trkpt lat="46.59548" lon="6.83589" /><trkpt lat="46.59541" lon="6.83588" /><trkpt lat="46.59534" lon="6.83587" /><trkpt lat="46.59527" lon="6.83585" /><trkpt lat="46.59519" lon="6.83583" /><trkpt lat="46.59512" lon="6.83581" /><trkpt lat="46.59504" lon="6.83579" /><trkpt lat="46.59495" lon="6.83575" /><trkpt lat="46.59486" lon="6.83571" /><trkpt lat="46.59476" lon="6.83567" /><trkpt lat="46.59468" lon="6.83562" /><trkpt lat="46.59461" lon="6.83558" /><trkpt lat="46.59454" lon="6.83554" /><trkpt lat="46.59448" lon="6.8355" /><trkpt lat="46.59438" lon="6.83543" /><trkpt lat="46.59432" lon="6.83538" /><trkpt lat="46.59421" lon="6.83529" /><trkpt lat="46.59409" lon="6.83519" /><trkpt lat="46.59386" lon="6.83499" /><trkpt lat="46.59206" lon="6.8334" /><trkpt lat="46.59191" lon="6.83327" /><trkpt lat="46.59175" lon="6.83313" /><trkpt lat="46.59164" lon="6.83304" /><trkpt lat="46.59151" lon="6.83294" /><trkpt lat="46.59141" lon="6.83286" /><trkpt lat="46.5913" lon="6.83279" /><trkpt lat="46.59119" lon="6.83272" /><trkpt lat="46.59108" lon="6.83265" /><trkpt lat="46.59097" lon="6.83259" /><trkpt lat="46.59085" lon="6.83253" /><trkpt lat="46.59072" lon="6.83247" /><trkpt lat="46.59057" lon="6.83242" /><trkpt lat="46.59037" lon="6.83234" /><trkpt lat="46.59017" lon="6.83227" /><trkpt lat="46.58843" lon="6.83164" /><trkpt lat="46.5883" lon="6.8316" /><trkpt lat="46.58817" lon="6.83156" /><trkpt lat="46.58805" lon="6.83153" /><trkpt lat="46.58795" lon="6.83151" /><trkpt lat="46.58787" lon="6.83149" /><trkpt lat="46.58779" lon="6.83148" /><trkpt lat="46.58772" lon="6.83147" /><trkpt lat="46.58764" lon="6.83147" /><trkpt lat="46.58757" lon="6.83146" /><trkpt lat="46.58743" lon="6.83146" /><trkpt lat="46.58736" lon="6.83147" /><trkpt lat="46.5873" lon="6.83147" /><trkpt lat="46.58724" lon="6.83148" /><trkpt lat="46.58718" lon="6.83149" /><trkpt lat="46.58712" lon="6.83149" /><trkpt lat="46.58707" lon="6.8315" /><trkpt lat="46.587" lon="6.83152" /><trkpt lat="46.58694" lon="6.83153" /><trkpt lat="46.58686" lon="6.83155" /><trkpt lat="46.58674" lon="6.83159" /><trkpt lat="46.58665" lon="6.83162" /><trkpt lat="46.58657" lon="6.83166" /><trkpt lat="46.58646" lon="6.83171" /><trkpt lat="46.58635" lon="6.83176" /><trkpt lat="46.58632" lon="6.83178" /><trkpt lat="46.58625" lon="6.83182" /><trkpt lat="46.5853" lon="6.83242" /><trkpt lat="46.58504" lon="6.83259" /><trkpt lat="46.5849" lon="6.83269" /><trkpt lat="46.58475" lon="6.8328" /><trkpt lat="46.58456" lon="6.83293" /><trkpt lat="46.58433" lon="6.83308" /><trkpt lat="46.58374" lon="6.83346" /><trkpt lat="46.58362" lon="6.83353" /><trkpt lat="46.5835" lon="6.83361" /><trkpt lat="46.58338" lon="6.83369" /><trkpt lat="46.58327" lon="6.83376" /><trkpt lat="46.5832" lon="6.83381" /><trkpt lat="46.58311" lon="6.83387" /><trkpt lat="46.58301" lon="6.83395" /><trkpt lat="46.58291" lon="6.83403" /><trkpt lat="46.58281" lon="6.83412" /><trkpt lat="46.58275" lon="6.83418" /><trkpt lat="46.58268" lon="6.83424" /><trkpt lat="46.58258" lon="6.83435" /><trkpt lat="46.58248" lon="6.83447" /><trkpt lat="46.58239" lon="6.83459" /><trkpt lat="46.58229" lon="6.83473" /><trkpt lat="46.58219" lon="6.83488" /><trkpt lat="46.5821" lon="6.83504" /><trkpt lat="46.58201" lon="6.8352" /><trkpt lat="46.58192" lon="6.83537" /><trkpt lat="46.58104" lon="6.83707" /><trkpt lat="46.58093" lon="6.83727" /><trkpt lat="46.58082" lon="6.83748" /><trkpt lat="46.58073" lon="6.83764" /><trkpt lat="46.58066" lon="6.83775" /><trkpt lat="46.5806" lon="6.83785" /><trkpt lat="46.5805" lon="6.838" /><trkpt lat="46.58039" lon="6.83814" /><trkpt lat="46.58029" lon="6.83827" /><trkpt lat="46.58017" lon="6.8384" /><trkpt lat="46.58008" lon="6.83849" /><trkpt lat="46.57999" lon="6.83858" /><trkpt lat="46.57988" lon="6.83867" /><trkpt lat="46.57977" lon="6.83877" /><trkpt lat="46.57967" lon="6.83884" /><trkpt lat="46.5796" lon="6.83889" /><trkpt lat="46.57951" lon="6.83894" /><trkpt lat="46.57942" lon="6.839" /><trkpt lat="46.57931" lon="6.83905" /><trkpt lat="46.57922" lon="6.8391" /><trkpt lat="46.5791" lon="6.83915" /><trkpt lat="46.579" lon="6.83918" /><trkpt lat="46.57887" lon="6.83922" /><trkpt lat="46.5788" lon="6.83924" /><trkpt lat="46.57872" lon="6.83926" /><trkpt lat="46.57862" lon="6.83928" /><trkpt lat="46.57851" lon="6.83929" /><trkpt lat="46.57842" lon="6.8393" /><trkpt lat="46.57831" lon="6.83931" /><trkpt lat="46.57819" lon="6.83931" /><trkpt lat="46.57807" lon="6.8393" /><trkpt lat="46.57794" lon="6.83929" /><trkpt lat="46.57781" lon="6.83928" /><trkpt lat="46.57754" lon="6.83925" /><trkpt lat="46.57647" lon="6.83914" /><trkpt lat="46.57619" lon="6.83911" /><trkpt lat="46.57597" lon="6.83908" /><trkpt lat="46.57589" lon="6.83907" /><trkpt lat="46.57577" lon="6.83905" /><trkpt lat="46.57569" lon="6.83903" /><trkpt lat="46.57558" lon="6.839" /><trkpt lat="46.57547" lon="6.83898" /><trkpt lat="46.57533" lon="6.83893" /><trkpt lat="46.57522" lon="6.83889" /><trkpt lat="46.5751" lon="6.83884" /><trkpt lat="46.57493" lon="6.83877" /><trkpt lat="46.57481" lon="6.8387" /><trkpt lat="46.57472" lon="6.83865" /><trkpt lat="46.57462" lon="6.8386" /><trkpt lat="46.57453" lon="6.83854" /><trkpt lat="46.57445" lon="6.83849" /><trkpt lat="46.57431" lon="6.83839" /><trkpt lat="46.57351" lon="6.83784" /><trkpt lat="46.57335" lon="6.83772" /><trkpt lat="46.57324" lon="6.83765" /><trkpt lat="46.57317" lon="6.8376" /><trkpt lat="46.57309" lon="6.83755" /><trkpt lat="46.57296" lon="6.83747" /><trkpt lat="46.5729" lon="6.83744" /><trkpt lat="46.57283" lon="6.83741" /><trkpt lat="46.57268" lon="6.83733" /><trkpt lat="46.57253" lon="6.83727" /><trkpt lat="46.5724" lon="6.83721" /><trkpt lat="46.57227" lon="6.83715" /><trkpt lat="46.57208" lon="6.83707" /><trkpt lat="46.57199" lon="6.83703" /><trkpt lat="46.57189" lon="6.83699" /><trkpt lat="46.5717" lon="6.83692" /><trkpt lat="46.57154" lon="6.83687" /><trkpt lat="46.57136" lon="6.83681" /><trkpt lat="46.57112" lon="6.83675" /><trkpt lat="46.57101" lon="6.83672" /><trkpt lat="46.57085" lon="6.83669" /><trkpt lat="46.57069" lon="6.83666" /><trkpt lat="46.57051" lon="6.83663" /><trkpt lat="46.57032" lon="6.83661" /><trkpt lat="46.57016" lon="6.83659" /><trkpt lat="46.57" lon="6.83658" /><trkpt lat="46.56981" lon="6.83657" /><trkpt lat="46.56962" lon="6.83657" /><trkpt lat="46.56945" lon="6.83657" /><trkpt lat="46.56928" lon="6.83658" /><trkpt lat="46.56913" lon="6.83659" /><trkpt lat="46.56897" lon="6.83661" /><trkpt lat="46.5688" lon="6.83663" /><trkpt lat="46.56861" lon="6.83666" /><trkpt lat="46.56839" lon="6.8367" /><trkpt lat="46.56817" lon="6.83675" /><trkpt lat="46.56793" lon="6.83681" /><trkpt lat="46.5677" lon="6.83688" /><trkpt lat="46.5676" lon="6.83692" /><trkpt lat="46.5675" lon="6.83695" /><trkpt lat="46.56731" lon="6.83702" /><trkpt lat="46.56717" lon="6.83708" /><trkpt lat="46.56703" lon="6.83714" /><trkpt lat="46.56688" lon="6.83721" /><trkpt lat="46.5667" lon="6.8373" /><trkpt lat="46.56652" lon="6.83739" /><trkpt lat="46.56639" lon="6.83746" /><trkpt lat="46.56626" lon="6.83754" /><trkpt lat="46.56614" lon="6.83762" /><trkpt lat="46.566" lon="6.8377" /><trkpt lat="46.56587" lon="6.83779" /><trkpt lat="46.56573" lon="6.83788" /><trkpt lat="46.56563" lon="6.83796" /><trkpt lat="46.56553" lon="6.83803" /><trkpt lat="46.56533" lon="6.83819" /><trkpt lat="46.56519" lon="6.8383" /><trkpt lat="46.56505" lon="6.83842" /><trkpt lat="46.56489" lon="6.83856" /><trkpt lat="46.5645" lon="6.83889" /><trkpt lat="46.56275" lon="6.84039" /><trkpt lat="46.56261" lon="6.84052" /><trkpt lat="46.56248" lon="6.84063" /><trkpt lat="46.56238" lon="6.84073" /><trkpt lat="46.56229" lon="6.84082" /><trkpt lat="46.56221" lon="6.84091" /><trkpt lat="46.56212" lon="6.84101" /><trkpt lat="46.56204" lon="6.84112" /><trkpt lat="46.56195" lon="6.84124" /><trkpt lat="46.56186" lon="6.84136" /><trkpt lat="46.56178" lon="6.84148" /><trkpt lat="46.56169" lon="6.84163" /><trkpt lat="46.56161" lon="6.84178" /><trkpt lat="46.56126" lon="6.84241" /><trkpt lat="46.56108" lon="6.84273" /><trkpt lat="46.561" lon="6.84287" /><trkpt lat="46.56091" lon="6.84301" /><trkpt lat="46.56085" lon="6.84311" /><trkpt lat="46.56077" lon="6.84322" /><trkpt lat="46.56068" lon="6.84334" /><trkpt lat="46.56059" lon="6.84346" /><trkpt lat="46.56051" lon="6.84356" /><trkpt lat="46.56042" lon="6.84366" /><trkpt lat="46.56032" lon="6.84375" /><trkpt lat="46.56023" lon="6.84385" /><trkpt lat="46.55935" lon="6.84466" /><trkpt lat="46.55929" lon="6.84472" /><trkpt lat="46.55914" lon="6.84485" /><trkpt lat="46.55903" lon="6.84493" /><trkpt lat="46.55894" lon="6.84501" /><trkpt lat="46.55886" lon="6.84506" /><trkpt lat="46.55878" lon="6.84512" /><trkpt lat="46.55862" lon="6.84521" /><trkpt lat="46.55851" lon="6.84527" /><trkpt lat="46.55838" lon="6.84534" /><trkpt lat="46.55828" lon="6.84538" /><trkpt lat="46.55818" lon="6.84541" /><trkpt lat="46.55811" lon="6.84544" /><trkpt lat="46.558" lon="6.84547" /><trkpt lat="46.55788" lon="6.8455" /><trkpt lat="46.55778" lon="6.84552" /><trkpt lat="46.55769" lon="6.84553" /><trkpt lat="46.55755" lon="6.84554" /><trkpt lat="46.55745" lon="6.84555" /><trkpt lat="46.55733" lon="6.84555" /><trkpt lat="46.55719" lon="6.84554" /><trkpt lat="46.55709" lon="6.84553" /><trkpt lat="46.55698" lon="6.84551" /><trkpt lat="46.55688" lon="6.84549" /><trkpt lat="46.55678" lon="6.84546" /><trkpt lat="46.55666" lon="6.84543" /><trkpt lat="46.55655" lon="6.84539" /><trkpt lat="46.55647" lon="6.84536" /><trkpt lat="46.5564" lon="6.84532" /><trkpt lat="46.55626" lon="6.84526" /><trkpt lat="46.55586" lon="6.84508" /><trkpt lat="46.55565" lon="6.84498" /><trkpt lat="46.55547" lon="6.8449" /><trkpt lat="46.55531" lon="6.84484" /><trkpt lat="46.55518" lon="6.84479" /><trkpt lat="46.55504" lon="6.84474" /><trkpt lat="46.55489" lon="6.8447" /><trkpt lat="46.55475" lon="6.84467" /><trkpt lat="46.55459" lon="6.84463" /><trkpt lat="46.55446" lon="6.84461" /><trkpt lat="46.55431" lon="6.84459" /><trkpt lat="46.55418" lon="6.84458" /><trkpt lat="46.55404" lon="6.84457" /><trkpt lat="46.55376" lon="6.84455" /><trkpt lat="46.55372" lon="6.84454" /><trkpt lat="46.55324" lon="6.84451" /><trkpt lat="46.55152" lon="6.84439" /><trkpt lat="46.55136" lon="6.84438" /><trkpt lat="46.55119" lon="6.84438" /><trkpt lat="46.55106" lon="6.84438" /><trkpt lat="46.55092" lon="6.84438" /><trkpt lat="46.55078" lon="6.84439" /><trkpt lat="46.55066" lon="6.84441" /><trkpt lat="46.55057" lon="6.84442" /><trkpt lat="46.55039" lon="6.84445" /><trkpt lat="46.55026" lon="6.84448" /><trkpt lat="46.55011" lon="6.84452" /><trkpt lat="46.54992" lon="6.84457" /><trkpt lat="46.54941" lon="6.84473" /><trkpt lat="46.54929" lon="6.84476" /><trkpt lat="46.54917" lon="6.84479" /><trkpt lat="46.54905" lon="6.84481" /><trkpt lat="46.54895" lon="6.84483" /><trkpt lat="46.54882" lon="6.84484" /><trkpt lat="46.5487" lon="6.84485" /><trkpt lat="46.54858" lon="6.84485" /><trkpt lat="46.54844" lon="6.84485" /><trkpt lat="46.5483" lon="6.84484" /><trkpt lat="46.54821" lon="6.84483" /><trkpt lat="46.54813" lon="6.84482" /><trkpt lat="46.54806" lon="6.8448" /><trkpt lat="46.54799" lon="6.84479" /><trkpt lat="46.54789" lon="6.84477" /><trkpt lat="46.54781" lon="6.84475" /><trkpt lat="46.54769" lon="6.84471" /><trkpt lat="46.5476" lon="6.84468" /><trkpt lat="46.54752" lon="6.84465" /><trkpt lat="46.54741" lon="6.84461" /><trkpt lat="46.5473" lon="6.84456" /><trkpt lat="46.54718" lon="6.8445" /><trkpt lat="46.54708" lon="6.84445" /><trkpt lat="46.54698" lon="6.84439" /><trkpt lat="46.54692" lon="6.84435" /><trkpt lat="46.54685" lon="6.84431" /><trkpt lat="46.54681" lon="6.84428" /><trkpt lat="46.54669" lon="6.84419" /><trkpt lat="46.54663" lon="6.84415" /><trkpt lat="46.54656" lon="6.84409" /><trkpt lat="46.54643" lon="6.84399" /><trkpt lat="46.54632" lon="6.84389" /><trkpt lat="46.54621" lon="6.84378" /><trkpt lat="46.54612" lon="6.84368" /><trkpt lat="46.54603" lon="6.84358" /><trkpt lat="46.54594" lon="6.84348" /><trkpt lat="46.54587" lon="6.84339" /><trkpt lat="46.54579" lon="6.84329" /><trkpt lat="46.54573" lon="6.84319" /><trkpt lat="46.54566" lon="6.8431" /><trkpt lat="46.5456" lon="6.843" /><trkpt lat="46.54552" lon="6.84287" /><trkpt lat="46.54544" lon="6.84271" /><trkpt lat="46.54536" lon="6.84255" /><trkpt lat="46.54531" lon="6.84244" /><trkpt lat="46.54526" lon="6.84233" /><trkpt lat="46.54521" lon="6.8422" /><trkpt lat="46.54515" lon="6.84205" /><trkpt lat="46.545" lon="6.84162" /><trkpt lat="46.54488" lon="6.84129" /><trkpt lat="46.54475" lon="6.84092" /><trkpt lat="46.54466" lon="6.84065" /><trkpt lat="46.54457" lon="6.84042" /><trkpt lat="46.54448" lon="6.84017" /><trkpt lat="46.54444" lon="6.84005" /><trkpt lat="46.54439" lon="6.83993" /><trkpt lat="46.54433" lon="6.83979" /><trkpt lat="46.54427" lon="6.83965" /><trkpt lat="46.5442" lon="6.83952" /><trkpt lat="46.54413" lon="6.83938" /><trkpt lat="46.54406" lon="6.83927" /><trkpt lat="46.544" lon="6.83916" /><trkpt lat="46.54391" lon="6.83902" /><trkpt lat="46.54383" lon="6.83889" /><trkpt lat="46.54376" lon="6.83878" /><trkpt lat="46.54368" lon="6.83868" /><trkpt lat="46.5436" lon="6.83857" /><trkpt lat="46.54351" lon="6.83846" /><trkpt lat="46.54342" lon="6.83835" /><trkpt lat="46.54332" lon="6.83825" /><trkpt lat="46.54325" lon="6.83817" /><trkpt lat="46.54316" lon="6.83808" /><trkpt lat="46.54302" lon="6.83796" /><trkpt lat="46.54292" lon="6.83787" /><trkpt lat="46.5428" lon="6.83778" /><trkpt lat="46.54272" lon="6.83772" /><trkpt lat="46.54263" lon="6.83766" /><trkpt lat="46.54252" lon="6.83759" /><trkpt lat="46.54242" lon="6.83753" /><trkpt lat="46.54232" lon="6.83747" /><trkpt lat="46.54222" lon="6.83742" /><trkpt lat="46.54214" lon="6.83738" /><trkpt lat="46.54204" lon="6.83734" /><trkpt lat="46.54194" lon="6.8373" /><trkpt lat="46.54184" lon="6.83727" /><trkpt lat="46.54172" lon="6.83723" /><trkpt lat="46.54163" lon="6.83721" /><trkpt lat="46.5415" lon="6.83719" /><trkpt lat="46.54138" lon="6.83717" /><trkpt lat="46.54125" lon="6.83716" /><trkpt lat="46.54107" lon="6.83714" /><trkpt lat="46.54045" lon="6.83709" /><trkpt lat="46.54023" lon="6.83706" /><trkpt lat="46.54011" lon="6.83704" /><trkpt lat="46.53997" lon="6.83702" /><trkpt lat="46.53983" lon="6.83699" /><trkpt lat="46.53911" lon="6.83681" /><trkpt lat="46.53867" lon="6.83669" /><trkpt lat="46.53857" lon="6.83667" /><trkpt lat="46.53847" lon="6.83664" /><trkpt lat="46.53834" lon="6.8366" /><trkpt lat="46.53825" lon="6.83656" /><trkpt lat="46.53816" lon="6.83653" /><trkpt lat="46.53807" lon="6.83649" /><trkpt lat="46.53799" lon="6.83646" /><trkpt lat="46.53789" lon="6.83642" /><trkpt lat="46.53778" lon="6.83636" /><trkpt lat="46.53767" lon="6.83631" /><trkpt lat="46.53757" lon="6.83625" /><trkpt lat="46.53746" lon="6.83619" /><trkpt lat="46.53734" lon="6.83612" /><trkpt lat="46.53722" lon="6.83604" /><trkpt lat="46.53707" lon="6.83594" /><trkpt lat="46.53695" lon="6.83586" /><trkpt lat="46.53685" lon="6.83578" /><trkpt lat="46.53672" lon="6.83568" /><trkpt lat="46.53659" lon="6.83558" /><trkpt lat="46.5365" lon="6.8355" /><trkpt lat="46.53641" lon="6.83542" /><trkpt lat="46.53633" lon="6.83534" /><trkpt lat="46.53628" lon="6.83529" /><trkpt lat="46.53622" lon="6.83523" /><trkpt lat="46.53617" lon="6.83517" /><trkpt lat="46.53609" lon="6.83509" /><trkpt lat="46.53603" lon="6.83501" /><trkpt lat="46.53597" lon="6.83493" /><trkpt lat="46.5359" lon="6.83484" /><trkpt lat="46.53584" lon="6.83475" /><trkpt lat="46.53578" lon="6.83466" /><trkpt lat="46.53572" lon="6.83457" /><trkpt lat="46.53565" lon="6.83445" /><trkpt lat="46.53558" lon="6.83433" /><trkpt lat="46.53551" lon="6.8342" /><trkpt lat="46.53544" lon="6.83407" /><trkpt lat="46.53539" lon="6.83398" /><trkpt lat="46.53535" lon="6.83388" /><trkpt lat="46.5353" lon="6.83378" /><trkpt lat="46.53521" lon="6.83356" /><trkpt lat="46.53516" lon="6.83343" /><trkpt lat="46.53507" lon="6.83322" /><trkpt lat="46.53406" lon="6.83064" /><trkpt lat="46.53395" lon="6.83037" /><trkpt lat="46.53385" lon="6.83014" /><trkpt lat="46.53379" lon="6.82998" /><trkpt lat="46.53371" lon="6.82982" /><trkpt lat="46.53363" lon="6.82964" /><trkpt lat="46.53355" lon="6.82947" /><trkpt lat="46.53347" lon="6.8293" /><trkpt lat="46.53338" lon="6.82912" /><trkpt lat="46.53329" lon="6.82896" /><trkpt lat="46.53321" lon="6.8288" /><trkpt lat="46.53309" lon="6.82859" /><trkpt lat="46.53273" lon="6.82794" /><trkpt lat="46.53258" lon="6.82766" /><trkpt lat="46.53248" lon="6.82748" /><trkpt lat="46.53241" lon="6.82736" /><trkpt lat="46.53235" lon="6.82724" /><trkpt lat="46.53223" lon="6.827" /><trkpt lat="46.53216" lon="6.82686" /><trkpt lat="46.53207" lon="6.82668" /><trkpt lat="46.53199" lon="6.82651" /><trkpt lat="46.53193" lon="6.82638" /><trkpt lat="46.53187" lon="6.82626" /><trkpt lat="46.53182" lon="6.82613" /><trkpt lat="46.53175" lon="6.82598" /><trkpt lat="46.53169" lon="6.82584" /><trkpt lat="46.53165" lon="6.82574" /><trkpt lat="46.5316" lon="6.82563" /><trkpt lat="46.53152" lon="6.82543" /><trkpt lat="46.53145" lon="6.82525" /><trkpt lat="46.53138" lon="6.82508" /><trkpt lat="46.53133" lon="6.82495" /><trkpt lat="46.53128" lon="6.82481" /><trkpt lat="46.53119" lon="6.82458" /><trkpt lat="46.53112" lon="6.82439" /><trkpt lat="46.53105" lon="6.82419" /><trkpt lat="46.53092" lon="6.82381" /><trkpt lat="46.53065" lon="6.82303" /><trkpt lat="46.5306" lon="6.82287" /><trkpt lat="46.53055" lon="6.82273" /><trkpt lat="46.53051" lon="6.82261" /><trkpt lat="46.53047" lon="6.82248" /><trkpt lat="46.53044" lon="6.82236" /><trkpt lat="46.5304" lon="6.82224" /><trkpt lat="46.53037" lon="6.8221" /><trkpt lat="46.53033" lon="6.82196" /><trkpt lat="46.5303" lon="6.8218" /><trkpt lat="46.53027" lon="6.82165" /><trkpt lat="46.53025" lon="6.8215" /><trkpt lat="46.53022" lon="6.82131" /><trkpt lat="46.5302" lon="6.82116" /><trkpt lat="46.53018" lon="6.82097" /><trkpt lat="46.53016" lon="6.82083" /><trkpt lat="46.53014" lon="6.82068" /><trkpt lat="46.53013" lon="6.82053" /><trkpt lat="46.53011" lon="6.8204" /><trkpt lat="46.53009" lon="6.82023" /><trkpt lat="46.53006" lon="6.82005" /><trkpt lat="46.53004" lon="6.8199" /><trkpt lat="46.53001" lon="6.81974" /><trkpt lat="46.52997" lon="6.81957" /><trkpt lat="46.52992" lon="6.81938" /><trkpt lat="46.52987" lon="6.81921" /><trkpt lat="46.52982" lon="6.81903" /><trkpt lat="46.52976" lon="6.81887" /><trkpt lat="46.52971" lon="6.81871" /><trkpt lat="46.52964" lon="6.81854" /><trkpt lat="46.52956" lon="6.81833" /><trkpt lat="46.52946" lon="6.81812" /><trkpt lat="46.52939" lon="6.81797" /><trkpt lat="46.52931" lon="6.81781" /><trkpt lat="46.52924" lon="6.81766" /><trkpt lat="46.52915" lon="6.81751" /><trkpt lat="46.52906" lon="6.81737" /><trkpt lat="46.52897" lon="6.81722" /><trkpt lat="46.52888" lon="6.81709" /><trkpt lat="46.52879" lon="6.81697" /><trkpt lat="46.52869" lon="6.81685" /><trkpt lat="46.52859" lon="6.81673" /><trkpt lat="46.52849" lon="6.81663" /><trkpt lat="46.5284" lon="6.81653" /><trkpt lat="46.5283" lon="6.81644" /><trkpt lat="46.5282" lon="6.81635" /><trkpt lat="46.5281" lon="6.81627" /><trkpt lat="46.52798" lon="6.81617" /><trkpt lat="46.52783" lon="6.81606" /><trkpt lat="46.52704" lon="6.81545" /><trkpt lat="46.52672" lon="6.81521" /><trkpt lat="46.52653" lon="6.81506" /><trkpt lat="46.5264" lon="6.81495" /><trkpt lat="46.52628" lon="6.81484" /><trkpt lat="46.52615" lon="6.81472" /><trkpt lat="46.52602" lon="6.81459" /><trkpt lat="46.5259" lon="6.81445" /><trkpt lat="46.52582" lon="6.81437" /><trkpt lat="46.52574" lon="6.81427" /><trkpt lat="46.52566" lon="6.81417" /><trkpt lat="46.52557" lon="6.81405" /><trkpt lat="46.52541" lon="6.81383" /><trkpt lat="46.52525" lon="6.8136" /><trkpt lat="46.52484" lon="6.813" /><trkpt lat="46.52464" lon="6.8127" /><trkpt lat="46.5245" lon="6.8125" /><trkpt lat="46.52442" lon="6.81239" /><trkpt lat="46.52433" lon="6.81228" /><trkpt lat="46.52423" lon="6.81214" /><trkpt lat="46.5241" lon="6.812" /><trkpt lat="46.52401" lon="6.81189" /><trkpt lat="46.52389" lon="6.81177" /><trkpt lat="46.5238" lon="6.81168" /><trkpt lat="46.5237" lon="6.81159" /><trkpt lat="46.52358" lon="6.81149" /><trkpt lat="46.52345" lon="6.81138" /><trkpt lat="46.52334" lon="6.8113" /><trkpt lat="46.52323" lon="6.81121" /><trkpt lat="46.52257" lon="6.81071" /><trkpt lat="46.5214" lon="6.80983" /><trkpt lat="46.52094" lon="6.80948" /><trkpt lat="46.52071" lon="6.8093" /><trkpt lat="46.52049" lon="6.80913" /><trkpt lat="46.52035" lon="6.80901" /><trkpt lat="46.52021" lon="6.80889" /><trkpt lat="46.52008" lon="6.80877" /><trkpt lat="46.51994" lon="6.80865" /><trkpt lat="46.51985" lon="6.80857" /><trkpt lat="46.51932" lon="6.80808" /><trkpt lat="46.51803" lon="6.80683" /><trkpt lat="46.51789" lon="6.80669" /><trkpt lat="46.51775" lon="6.80654" /><trkpt lat="46.51761" lon="6.80639" /><trkpt lat="46.51747" lon="6.80621" /><trkpt lat="46.51733" lon="6.80604" /><trkpt lat="46.51721" lon="6.80587" /><trkpt lat="46.51707" lon="6.80567" /><trkpt lat="46.51695" lon="6.80548" /><trkpt lat="46.51686" lon="6.80533" /><trkpt lat="46.51677" lon="6.80517" /><trkpt lat="46.51668" lon="6.805" /><trkpt lat="46.51659" lon="6.80483" /><trkpt lat="46.5165" lon="6.80465" /><trkpt lat="46.51642" lon="6.80447" /><trkpt lat="46.51633" lon="6.80425" /><trkpt lat="46.51624" lon="6.80403" /><trkpt lat="46.51617" lon="6.80383" /><trkpt lat="46.5161" lon="6.80362" /><trkpt lat="46.51603" lon="6.80342" /><trkpt lat="46.51597" lon="6.80321" /><trkpt lat="46.51592" lon="6.80301" /><trkpt lat="46.51587" lon="6.80282" /><trkpt lat="46.51581" lon="6.80256" /><trkpt lat="46.51577" lon="6.80235" /><trkpt lat="46.51574" lon="6.80219" /><trkpt lat="46.51571" lon="6.80204" /><trkpt lat="46.51569" lon="6.80188" /><trkpt lat="46.51567" lon="6.80172" /><trkpt lat="46.51565" lon="6.80155" /><trkpt lat="46.51563" lon="6.80137" /><trkpt lat="46.51561" lon="6.80118" /><trkpt lat="46.5156" lon="6.801" /><trkpt lat="46.51558" lon="6.80073" /><trkpt lat="46.51557" lon="6.80046" /><trkpt lat="46.51557" lon="6.8002" /><trkpt lat="46.51557" lon="6.79995" /><trkpt lat="46.51558" lon="6.7997" /><trkpt lat="46.51559" lon="6.79945" /><trkpt lat="46.51564" lon="6.79814" /><trkpt lat="46.51566" lon="6.79781" /><trkpt lat="46.51567" lon="6.7975" /><trkpt lat="46.51567" lon="6.79718" /><trkpt lat="46.51567" lon="6.79687" /><trkpt lat="46.51566" lon="6.79667" /><trkpt lat="46.51566" lon="6.79646" /><trkpt lat="46.51565" lon="6.79626" /><trkpt lat="46.51564" lon="6.79606" /><trkpt lat="46.51561" lon="6.79578" /><trkpt lat="46.51559" lon="6.79552" /><trkpt lat="46.51556" lon="6.79531" /><trkpt lat="46.51554" lon="6.79512" /><trkpt lat="46.5155" lon="6.79485" /><trkpt lat="46.51546" lon="6.79462" /><trkpt lat="46.51541" lon="6.79431" /><trkpt lat="46.51533" lon="6.79395" /><trkpt lat="46.51526" lon="6.79365" /><trkpt lat="46.51519" lon="6.79336" /><trkpt lat="46.51515" lon="6.79321" /><trkpt lat="46.51511" lon="6.79308" /><trkpt lat="46.51507" lon="6.79294" /><trkpt lat="46.51503" lon="6.7928" /><trkpt lat="46.51493" lon="6.79252" /><trkpt lat="46.51483" lon="6.79223" /><trkpt lat="46.51475" lon="6.79202" /><trkpt lat="46.51466" lon="6.7918" /><trkpt lat="46.51458" lon="6.7916" /><trkpt lat="46.51451" lon="6.79145" /><trkpt lat="46.51443" lon="6.79126" /><trkpt lat="46.51434" lon="6.79109" /><trkpt lat="46.51426" lon="6.79092" /><trkpt lat="46.51417" lon="6.79075" /><trkpt lat="46.51408" lon="6.79059" /><trkpt lat="46.51399" lon="6.79043" /><trkpt lat="46.5139" lon="6.79028" /><trkpt lat="46.51381" lon="6.79012" /><trkpt lat="46.51372" lon="6.78997" /><trkpt lat="46.51362" lon="6.78982" /><trkpt lat="46.5135" lon="6.78963" /><trkpt lat="46.51334" lon="6.7894" /><trkpt lat="46.51317" lon="6.78918" /><trkpt lat="46.51299" lon="6.78894" /><trkpt lat="46.51281" lon="6.78871" /><trkpt lat="46.51262" lon="6.78849" /><trkpt lat="46.51258" lon="6.78845" /><trkpt lat="46.51235" lon="6.7882" /><trkpt lat="46.51222" lon="6.78806" /><trkpt lat="46.51207" lon="6.78792" /><trkpt lat="46.51194" lon="6.78779" /><trkpt lat="46.51179" lon="6.78765" /><trkpt lat="46.51166" lon="6.78753" /><trkpt lat="46.51152" lon="6.78742" /><trkpt lat="46.51139" lon="6.78732" /><trkpt lat="46.51126" lon="6.78721" /><trkpt lat="46.51114" lon="6.78713" /><trkpt lat="46.51103" lon="6.78704" /><trkpt lat="46.5109" lon="6.78695" /><trkpt lat="46.51071" lon="6.78683" /><trkpt lat="46.51056" lon="6.78673" /><trkpt lat="46.5104" lon="6.78664" /><trkpt lat="46.51026" lon="6.78656" /><trkpt lat="46.51011" lon="6.78648" /><trkpt lat="46.50997" lon="6.78642" /><trkpt lat="46.50981" lon="6.78634" /><trkpt lat="46.50956" lon="6.78623" /><trkpt lat="46.50935" lon="6.78614" /><trkpt lat="46.50862" lon="6.78584" /><trkpt lat="46.50803" lon="6.78559" /><trkpt lat="46.50727" lon="6.78528" /><trkpt lat="46.50653" lon="6.78498" /><trkpt lat="46.50631" lon="6.78488" /><trkpt lat="46.50607" lon="6.78479" /><trkpt lat="46.50587" lon="6.7847" /><trkpt lat="46.50567" lon="6.7846" /><trkpt lat="46.50547" lon="6.7845" /><trkpt lat="46.50533" lon="6.78442" /><trkpt lat="46.5052" lon="6.78436" /><trkpt lat="46.5051" lon="6.7843" /><trkpt lat="46.505" lon="6.78424" /><trkpt lat="46.50494" lon="6.7842" /><trkpt lat="46.50467" lon="6.78403" /><trkpt lat="46.50454" lon="6.78394" /><trkpt lat="46.50441" lon="6.78384" /><trkpt lat="46.50429" lon="6.78376" /><trkpt lat="46.50414" lon="6.78363" /><trkpt lat="46.50399" lon="6.78351" /><trkpt lat="46.50383" lon="6.78337" /><trkpt lat="46.50369" lon="6.78324" /><trkpt lat="46.50355" lon="6.78311" /><trkpt lat="46.50341" lon="6.78296" /><trkpt lat="46.5033" lon="6.78284" /><trkpt lat="46.50318" lon="6.78271" /><trkpt lat="46.50306" lon="6.78257" /><trkpt lat="46.50291" lon="6.78239" /><trkpt lat="46.50275" lon="6.78218" /><trkpt lat="46.50265" lon="6.78206" /><trkpt lat="46.50256" lon="6.78193" /><trkpt lat="46.50244" lon="6.78177" /><trkpt lat="46.50236" lon="6.78165" /><trkpt lat="46.50229" lon="6.78154" /><trkpt lat="46.50216" lon="6.78134" /><trkpt lat="46.50202" lon="6.78111" /><trkpt lat="46.50189" lon="6.78089" /><trkpt lat="46.50176" lon="6.78065" /><trkpt lat="46.50165" lon="6.78045" /><trkpt lat="46.50154" lon="6.78023" /><trkpt lat="46.50143" lon="6.78" /><trkpt lat="46.50134" lon="6.7798" /><trkpt lat="46.50124" lon="6.77958" /><trkpt lat="46.50115" lon="6.77934" /><trkpt lat="46.50107" lon="6.77913" /><trkpt lat="46.501" lon="6.77892" /><trkpt lat="46.50092" lon="6.77869" /><trkpt lat="46.50086" lon="6.77848" /><trkpt lat="46.5008" lon="6.77829" /><trkpt lat="46.50075" lon="6.77811" /><trkpt lat="46.5007" lon="6.77792" /><trkpt lat="46.50066" lon="6.77774" /><trkpt lat="46.50063" lon="6.77758" /><trkpt lat="46.50058" lon="6.77736" /><trkpt lat="46.50054" lon="6.77715" /><trkpt lat="46.50051" lon="6.77698" /><trkpt lat="46.50049" lon="6.77684" /><trkpt lat="46.50046" lon="6.77665" /><trkpt lat="46.50044" lon="6.77645" /><trkpt lat="46.50041" lon="6.77626" /><trkpt lat="46.5004" lon="6.77608" /><trkpt lat="46.50038" lon="6.77588" /><trkpt lat="46.50037" lon="6.77568" /><trkpt lat="46.50036" lon="6.77541" /><trkpt lat="46.50034" lon="6.77512" /><trkpt lat="46.5003" lon="6.77383" /><trkpt lat="46.50028" lon="6.77315" /><trkpt lat="46.50027" lon="6.77289" /><trkpt lat="46.50025" lon="6.77266" /><trkpt lat="46.50023" lon="6.77242" /><trkpt lat="46.50022" lon="6.77226" /><trkpt lat="46.50019" lon="6.77208" /><trkpt lat="46.50016" lon="6.77188" /><trkpt lat="46.50012" lon="6.77167" /><trkpt lat="46.50008" lon="6.77148" /><trkpt lat="46.50003" lon="6.77128" /><trkpt lat="46.49998" lon="6.77107" /><trkpt lat="46.49992" lon="6.77086" /><trkpt lat="46.49986" lon="6.77069" /><trkpt lat="46.49979" lon="6.7705" /><trkpt lat="46.49971" lon="6.7703" /><trkpt lat="46.49963" lon="6.7701" /><trkpt lat="46.49955" lon="6.76994" /><trkpt lat="46.49948" lon="6.76979" /><trkpt lat="46.4994" lon="6.76964" /><trkpt lat="46.49931" lon="6.76948" /><trkpt lat="46.49919" lon="6.76929" /><trkpt lat="46.49907" lon="6.76911" /><trkpt lat="46.49897" lon="6.76897" /><trkpt lat="46.4989" lon="6.76888" /><trkpt lat="46.49883" lon="6.76879" /><trkpt lat="46.49876" lon="6.7687" /><trkpt lat="46.49868" lon="6.7686" /><trkpt lat="46.49857" lon="6.76849" /><trkpt lat="46.4985" lon="6.76842" /><trkpt lat="46.49843" lon="6.76835" /><trkpt lat="46.49833" lon="6.76826" /><trkpt lat="46.49822" lon="6.76817" /><trkpt lat="46.49809" lon="6.76807" /><trkpt lat="46.49803" lon="6.76802" /><trkpt lat="46.49796" lon="6.76798" /><trkpt lat="46.49791" lon="6.76794" /><trkpt lat="46.49784" lon="6.7679" /><trkpt lat="46.49777" lon="6.76786" /><trkpt lat="46.49771" lon="6.76782" /><trkpt lat="46.49761" lon="6.76777" /><trkpt lat="46.4975" lon="6.76772" /><trkpt lat="46.49738" lon="6.76767" /><trkpt lat="46.49725" lon="6.76762" /><trkpt lat="46.49717" lon="6.7676" /><trkpt lat="46.4971" lon="6.76757" /><trkpt lat="46.49693" lon="6.76753" /><trkpt lat="46.49662" lon="6.76745" /><trkpt lat="46.49626" lon="6.76737" /><trkpt lat="46.49604" lon="6.76732" /><trkpt lat="46.49592" lon="6.76728" /><trkpt lat="46.4958" lon="6.76725" /><trkpt lat="46.49573" lon="6.76723" /><trkpt lat="46.49566" lon="6.7672" /><trkpt lat="46.49557" lon="6.76717" /><trkpt lat="46.49549" lon="6.76714" /><trkpt lat="46.49537" lon="6.76709" /><trkpt lat="46.49527" lon="6.76704" /><trkpt lat="46.49513" lon="6.76696" /><trkpt lat="46.49498" lon="6.76687" /><trkpt lat="46.49486" lon="6.7668" /><trkpt lat="46.49476" lon="6.76673" /><trkpt lat="46.49468" lon="6.76668" /><trkpt lat="46.49454" lon="6.76657" /><trkpt lat="46.49446" lon="6.76651" /><trkpt lat="46.49438" lon="6.76645" /><trkpt lat="46.49425" lon="6.76633" /><trkpt lat="46.49411" lon="6.7662" /><trkpt lat="46.4939" lon="6.766" /><trkpt lat="46.4936" lon="6.76569" /><trkpt lat="46.49276" lon="6.76482" /><trkpt lat="46.4921" lon="6.76414" /><trkpt lat="46.49181" lon="6.76384" /><trkpt lat="46.49156" lon="6.76358" /><trkpt lat="46.49141" lon="6.76342" /><trkpt lat="46.49132" lon="6.76331" /><trkpt lat="46.4912" lon="6.76316" /><trkpt lat="46.49109" lon="6.76302" /><trkpt lat="46.49099" lon="6.76287" /><trkpt lat="46.49093" lon="6.76278" /><trkpt lat="46.49083" lon="6.76262" /><trkpt lat="46.49074" lon="6.76246" /><trkpt lat="46.49063" lon="6.76226" /><trkpt lat="46.49055" lon="6.76209" /><trkpt lat="46.49047" lon="6.76191" /><trkpt lat="46.49041" lon="6.76174" /><trkpt lat="46.49033" lon="6.76153" /><trkpt lat="46.49027" lon="6.76135" /><trkpt lat="46.49021" lon="6.76115" /><trkpt lat="46.49016" lon="6.76096" /><trkpt lat="46.49012" lon="6.76075" /><trkpt lat="46.49007" lon="6.76051" /><trkpt lat="46.49002" lon="6.76024" /><trkpt lat="46.48995" lon="6.75966" /><trkpt lat="46.48993" lon="6.75906" /><trkpt lat="46.48993" lon="6.75873" /><trkpt lat="46.48995" lon="6.75836" /><trkpt lat="46.48999" lon="6.75795" /><trkpt lat="46.49005" lon="6.75755" /><trkpt lat="46.49014" lon="6.7571" /><trkpt lat="46.49024" lon="6.75671" /><trkpt lat="46.49035" lon="6.75637" /><trkpt lat="46.49047" lon="6.75605" /><trkpt lat="46.49059" lon="6.75575" /><trkpt lat="46.49073" lon="6.75546" /><trkpt lat="46.49088" lon="6.75518" /><trkpt lat="46.49104" lon="6.75492" /><trkpt lat="46.49122" lon="6.75467" /><trkpt lat="46.49141" lon="6.75444" /><trkpt lat="46.49148" lon="6.75436" /><trkpt lat="46.49155" lon="6.75427" /><trkpt lat="46.49169" lon="6.75412" /><trkpt lat="46.4919" lon="6.75391" /><trkpt lat="46.49201" lon="6.7538" /><trkpt lat="46.49209" lon="6.7537" /><trkpt lat="46.49221" lon="6.75358" /><trkpt lat="46.4923" lon="6.75347" /><trkpt lat="46.4924" lon="6.75336" /><trkpt lat="46.49249" lon="6.75323" /><trkpt lat="46.4926" lon="6.75309" /><trkpt lat="46.49267" lon="6.75298" /><trkpt lat="46.49272" lon="6.75291" /><trkpt lat="46.49281" lon="6.75276" /><trkpt lat="46.4929" lon="6.75259" /><trkpt lat="46.493" lon="6.75241" /><trkpt lat="46.49307" lon="6.75227" /><trkpt lat="46.49313" lon="6.75214" /><trkpt lat="46.49329" lon="6.75178" /><trkpt lat="46.49344" lon="6.75145" /><trkpt lat="46.49351" lon="6.7513" /><trkpt lat="46.49358" lon="6.75116" /><trkpt lat="46.49365" lon="6.75104" /><trkpt lat="46.4937" lon="6.75094" /><trkpt lat="46.49377" lon="6.75082" /><trkpt lat="46.49383" lon="6.75072" /><trkpt lat="46.49391" lon="6.7506" /><trkpt lat="46.49398" lon="6.7505" /><trkpt lat="46.49407" lon="6.75037" /><trkpt lat="46.49418" lon="6.75023" /><trkpt lat="46.49428" lon="6.75011" /><trkpt lat="46.49439" lon="6.74998" /><trkpt lat="46.49464" lon="6.7497" /><trkpt lat="46.49479" lon="6.74953" /><trkpt lat="46.49489" lon="6.74943" /><trkpt lat="46.49498" lon="6.74932" /><trkpt lat="46.49507" lon="6.74921" /><trkpt lat="46.49515" lon="6.74911" /><trkpt lat="46.49522" lon="6.74901" /><trkpt lat="46.49532" lon="6.74888" /><trkpt lat="46.49541" lon="6.74875" /><trkpt lat="46.49548" lon="6.74864" /><trkpt lat="46.49555" lon="6.74852" /><trkpt lat="46.49563" lon="6.74838" /><trkpt lat="46.49572" lon="6.74823" /><trkpt lat="46.49579" lon="6.7481" /><trkpt lat="46.49587" lon="6.74793" /><trkpt lat="46.49593" lon="6.7478" /><trkpt lat="46.49599" lon="6.74767" /><trkpt lat="46.49605" lon="6.74753" /><trkpt lat="46.4961" lon="6.74738" /><trkpt lat="46.49616" lon="6.74723" /><trkpt lat="46.49621" lon="6.7471" /><trkpt lat="46.49627" lon="6.74691" /><trkpt lat="46.49633" lon="6.7467" /><trkpt lat="46.49638" lon="6.74653" /><trkpt lat="46.49642" lon="6.74635" /><trkpt lat="46.49645" lon="6.74618" /><trkpt lat="46.4965" lon="6.74597" /><trkpt lat="46.49654" lon="6.74573" /><trkpt lat="46.49657" lon="6.7455" /><trkpt lat="46.4966" lon="6.74526" /><trkpt lat="46.49663" lon="6.74504" /><trkpt lat="46.49701" lon="6.74148" /><trkpt lat="46.49704" lon="6.74122" /><trkpt lat="46.49706" lon="6.74103" /><trkpt lat="46.49709" lon="6.74082" /><trkpt lat="46.49712" lon="6.74064" /><trkpt lat="46.49715" lon="6.74047" /><trkpt lat="46.49719" lon="6.7403" /><trkpt lat="46.49722" lon="6.74014" /><trkpt lat="46.49727" lon="6.73997" /><trkpt lat="46.4973" lon="6.73982" /><trkpt lat="46.49734" lon="6.73967" /><trkpt lat="46.49738" lon="6.73954" /><trkpt lat="46.49743" lon="6.7394" /><trkpt lat="46.49747" lon="6.73927" /><trkpt lat="46.49752" lon="6.73915" /><trkpt lat="46.49756" lon="6.73904" /><trkpt lat="46.49762" lon="6.73887" /><trkpt lat="46.49768" lon="6.73872" /><trkpt lat="46.49776" lon="6.73853" /><trkpt lat="46.49802" lon="6.73795" /><trkpt lat="46.49811" lon="6.73776" /><trkpt lat="46.4982" lon="6.73753" /><trkpt lat="46.49827" lon="6.73735" /><trkpt lat="46.4983" lon="6.73725" /><trkpt lat="46.49834" lon="6.73715" /><trkpt lat="46.49839" lon="6.73699" /><trkpt lat="46.49844" lon="6.73683" /><trkpt lat="46.49849" lon="6.73664" /><trkpt lat="46.49852" lon="6.73652" /><trkpt lat="46.49855" lon="6.73641" /><trkpt lat="46.49859" lon="6.73625" /><trkpt lat="46.49861" lon="6.73613" /><trkpt lat="46.49864" lon="6.73597" /><trkpt lat="46.49867" lon="6.7358" /><trkpt lat="46.49869" lon="6.73565" /><trkpt lat="46.49871" lon="6.7355" /><trkpt lat="46.49873" lon="6.73532" /><trkpt lat="46.49875" lon="6.73517" /><trkpt lat="46.49876" lon="6.73501" /><trkpt lat="46.49877" lon="6.73487" /><trkpt lat="46.49878" lon="6.73468" /><trkpt lat="46.49878" lon="6.73448" /><trkpt lat="46.49878" lon="6.73431" /><trkpt lat="46.49878" lon="6.73413" /><trkpt lat="46.49877" lon="6.73397" /><trkpt lat="46.49876" lon="6.73381" /><trkpt lat="46.49875" lon="6.73366" /><trkpt lat="46.49874" lon="6.73351" /><trkpt lat="46.49872" lon="6.73332" /><trkpt lat="46.49869" lon="6.73313" /><trkpt lat="46.49866" lon="6.73292" /><trkpt lat="46.49864" lon="6.73277" /><trkpt lat="46.49859" lon="6.7325" /><trkpt lat="46.49852" lon="6.73208" /><trkpt lat="46.49765" lon="6.72713" /><trkpt lat="46.49761" lon="6.72695" /><trkpt lat="46.49758" lon="6.72679" /><trkpt lat="46.49746" lon="6.72618" /><trkpt lat="46.49736" lon="6.72558" /><trkpt lat="46.49714" lon="6.72436" /><trkpt lat="46.49696" lon="6.72337" /><trkpt lat="46.49679" lon="6.72238" /><trkpt lat="46.49663" lon="6.72149" /><trkpt lat="46.49648" lon="6.7206" /><trkpt lat="46.49645" lon="6.72044" /><trkpt lat="46.49642" lon="6.72028" /><trkpt lat="46.4964" lon="6.7201" /><trkpt lat="46.49638" lon="6.71995" /><trkpt lat="46.49637" lon="6.71983" /><trkpt lat="46.49635" lon="6.7197" /><trkpt lat="46.49634" lon="6.71956" /><trkpt lat="46.49633" lon="6.71942" /><trkpt lat="46.49633" lon="6.71928" /><trkpt lat="46.49632" lon="6.71913" /><trkpt lat="46.49632" lon="6.719" /><trkpt lat="46.49632" lon="6.71886" /><trkpt lat="46.49632" lon="6.71874" /><trkpt lat="46.49632" lon="6.71863" /><trkpt lat="46.49633" lon="6.7185" /><trkpt lat="46.49633" lon="6.71837" /><trkpt lat="46.49634" lon="6.71822" /><trkpt lat="46.49635" lon="6.71812" /><trkpt lat="46.49637" lon="6.71798" /><trkpt lat="46.49638" lon="6.71788" /><trkpt lat="46.49639" lon="6.7178" /><trkpt lat="46.49641" lon="6.71763" /><trkpt lat="46.49645" lon="6.71742" /><trkpt lat="46.49646" lon="6.71735" /><trkpt lat="46.49648" lon="6.71722" /><trkpt lat="46.49653" lon="6.71703" /><trkpt lat="46.49657" lon="6.71686" /><trkpt lat="46.49662" lon="6.71667" /><trkpt lat="46.49667" lon="6.71649" /><trkpt lat="46.49673" lon="6.71631" /><trkpt lat="46.49678" lon="6.71615" /><trkpt lat="46.49683" lon="6.71602" /><trkpt lat="46.49688" lon="6.7159" /><trkpt lat="46.49693" lon="6.71578" /><trkpt lat="46.49697" lon="6.71569" /><trkpt lat="46.49702" lon="6.71557" /><trkpt lat="46.49708" lon="6.71545" /><trkpt lat="46.49715" lon="6.71532" /><trkpt lat="46.49722" lon="6.71519" /><trkpt lat="46.49729" lon="6.71506" /><trkpt lat="46.49736" lon="6.71496" /><trkpt lat="46.49743" lon="6.71484" /><trkpt lat="46.49752" lon="6.71472" /><trkpt lat="46.49761" lon="6.71459" /><trkpt lat="46.4977" lon="6.71447" /><trkpt lat="46.49782" lon="6.71432" /><trkpt lat="46.49792" lon="6.71421" /><trkpt lat="46.49802" lon="6.7141" /><trkpt lat="46.4981" lon="6.71403" /><trkpt lat="46.49817" lon="6.71396" /><trkpt lat="46.49825" lon="6.71388" /><trkpt lat="46.49832" lon="6.71382" /><trkpt lat="46.4984" lon="6.71376" /><trkpt lat="46.49847" lon="6.7137" /><trkpt lat="46.49854" lon="6.71365" /><trkpt lat="46.49859" lon="6.71361" /><trkpt lat="46.49871" lon="6.71353" /><trkpt lat="46.49879" lon="6.71348" /><trkpt lat="46.49888" lon="6.71343" /><trkpt lat="46.4993" lon="6.71317" /><trkpt lat="46.49944" lon="6.71308" /><trkpt lat="46.49955" lon="6.713" /><trkpt lat="46.49964" lon="6.71294" /><trkpt lat="46.49975" lon="6.71285" /><trkpt lat="46.49983" lon="6.71279" /><trkpt lat="46.49991" lon="6.71272" /><trkpt lat="46.49999" lon="6.71264" /><trkpt lat="46.50008" lon="6.71255" /><trkpt lat="46.50017" lon="6.71245" /><trkpt lat="46.50027" lon="6.71234" /><trkpt lat="46.50036" lon="6.71224" /><trkpt lat="46.50043" lon="6.71214" /><trkpt lat="46.50052" lon="6.71202" /><trkpt lat="46.50063" lon="6.71185" /><trkpt lat="46.50071" lon="6.71173" /><trkpt lat="46.50079" lon="6.7116" /><trkpt lat="46.50085" lon="6.71149" /><trkpt lat="46.50091" lon="6.71139" /><trkpt lat="46.50093" lon="6.71133" /><trkpt lat="46.501" lon="6.7112" /><trkpt lat="46.50107" lon="6.71106" /><trkpt lat="46.50117" lon="6.71083" /><trkpt lat="46.50122" lon="6.71069" /><trkpt lat="46.50128" lon="6.71055" /><trkpt lat="46.50133" lon="6.71039" /><trkpt lat="46.50139" lon="6.71022" /><trkpt lat="46.50144" lon="6.71004" /><trkpt lat="46.50149" lon="6.70985" /><trkpt lat="46.50153" lon="6.7097" /><trkpt lat="46.50155" lon="6.70958" /><trkpt lat="46.50159" lon="6.70938" /><trkpt lat="46.50162" lon="6.70921" /><trkpt lat="46.50165" lon="6.70905" /><trkpt lat="46.50171" lon="6.70872" /><trkpt lat="46.50177" lon="6.7084" /><trkpt lat="46.50181" lon="6.70815" /><trkpt lat="46.50187" lon="6.70789" /><trkpt lat="46.5019" lon="6.70776" /><trkpt lat="46.50197" lon="6.70752" /><trkpt lat="46.50202" lon="6.70734" /><trkpt lat="46.50207" lon="6.70717" /><trkpt lat="46.50212" lon="6.70701" /><trkpt lat="46.50215" lon="6.70689" /><trkpt lat="46.50219" lon="6.70677" /><trkpt lat="46.50225" lon="6.70661" /><trkpt lat="46.50232" lon="6.70643" /><trkpt lat="46.50239" lon="6.70625" /><trkpt lat="46.50249" lon="6.70603" /><trkpt lat="46.50259" lon="6.7058" /><trkpt lat="46.50269" lon="6.70561" /><trkpt lat="46.50273" lon="6.70552" /><trkpt lat="46.50278" lon="6.70543" /><trkpt lat="46.50289" lon="6.70524" /><trkpt lat="46.50293" lon="6.70517" /><trkpt lat="46.50298" lon="6.70509" /><trkpt lat="46.5031" lon="6.7049" /><trkpt lat="46.50314" lon="6.70483" /><trkpt lat="46.50319" lon="6.70476" /><trkpt lat="46.50328" lon="6.70464" /><trkpt lat="46.5034" lon="6.70448" /><trkpt lat="46.5035" lon="6.70436" /><trkpt lat="46.5036" lon="6.70424" /><trkpt lat="46.50369" lon="6.70414" /><trkpt lat="46.50375" lon="6.70407" /><trkpt lat="46.5038" lon="6.70402" /><trkpt lat="46.50391" lon="6.70392" /><trkpt lat="46.50399" lon="6.70385" /><trkpt lat="46.50413" lon="6.70373" /><trkpt lat="46.50426" lon="6.70363" /><trkpt lat="46.5044" lon="6.70353" /><trkpt lat="46.50453" lon="6.70343" /><trkpt lat="46.50468" lon="6.70333" /><trkpt lat="46.50482" lon="6.70323" /><trkpt lat="46.50538" lon="6.70285" /><trkpt lat="46.50555" lon="6.70274" /><trkpt lat="46.50572" lon="6.70262" /><trkpt lat="46.5059" lon="6.70251" /><trkpt lat="46.50608" lon="6.7024" /><trkpt lat="46.50731" lon="6.70167" /><trkpt lat="46.50739" lon="6.70162" /><trkpt lat="46.50751" lon="6.70155" /><trkpt lat="46.50764" lon="6.70147" /><trkpt lat="46.50775" lon="6.7014" /><trkpt lat="46.50785" lon="6.70133" /><trkpt lat="46.50806" lon="6.70117" /><trkpt lat="46.50817" lon="6.70108" /><trkpt lat="46.50826" lon="6.70101" /><trkpt lat="46.50835" lon="6.70093" /><trkpt lat="46.50843" lon="6.70085" /><trkpt lat="46.5085" lon="6.70078" /><trkpt lat="46.50857" lon="6.70071" /><trkpt lat="46.50872" lon="6.70056" /><trkpt lat="46.50882" lon="6.70045" /><trkpt lat="46.50893" lon="6.70032" /><trkpt lat="46.50902" lon="6.70021" /><trkpt lat="46.50911" lon="6.70009" /><trkpt lat="46.50918" lon="6.7" /><trkpt lat="46.50925" lon="6.69991" /><trkpt lat="46.50931" lon="6.69982" /><trkpt lat="46.50937" lon="6.69974" /><trkpt lat="46.50942" lon="6.69965" /><trkpt lat="46.50948" lon="6.69957" /><trkpt lat="46.50954" lon="6.69947" /><trkpt lat="46.5096" lon="6.69937" /><trkpt lat="46.5097" lon="6.6992" /><trkpt lat="46.50973" lon="6.69915" /><trkpt lat="46.50976" lon="6.69909" /><trkpt lat="46.50981" lon="6.699" /><trkpt lat="46.50986" lon="6.69891" /><trkpt lat="46.50998" lon="6.69868" /><trkpt lat="46.51022" lon="6.69824" /><trkpt lat="46.51087" lon="6.69702" /><trkpt lat="46.51099" lon="6.69679" /><trkpt lat="46.5111" lon="6.69657" /><trkpt lat="46.51117" lon="6.69643" /><trkpt lat="46.51124" lon="6.69629" /><trkpt lat="46.5113" lon="6.69615" /><trkpt lat="46.51136" lon="6.696" /><trkpt lat="46.51144" lon="6.6958" /><trkpt lat="46.51151" lon="6.69559" /><trkpt lat="46.51155" lon="6.69547" /><trkpt lat="46.51159" lon="6.69535" /><trkpt lat="46.51166" lon="6.69514" /><trkpt lat="46.51172" lon="6.69491" /><trkpt lat="46.51176" lon="6.69474" /><trkpt lat="46.51181" lon="6.69452" /><trkpt lat="46.51185" lon="6.69432" /><trkpt lat="46.51189" lon="6.69409" /><trkpt lat="46.51192" lon="6.6939" /><trkpt lat="46.51194" lon="6.6937" /><trkpt lat="46.51196" lon="6.69351" /><trkpt lat="46.51198" lon="6.6933" /><trkpt lat="46.51199" lon="6.6931" /><trkpt lat="46.512" lon="6.69285" /><trkpt lat="46.51201" lon="6.69261" /><trkpt lat="46.51201" lon="6.69254" /><trkpt lat="46.51201" lon="6.6924" /><trkpt lat="46.512" lon="6.69225" /><trkpt lat="46.512" lon="6.69209" /><trkpt lat="46.51199" lon="6.69194" /><trkpt lat="46.51198" lon="6.69176" /><trkpt lat="46.51196" lon="6.69155" /><trkpt lat="46.51194" lon="6.69136" /><trkpt lat="46.51192" lon="6.69116" /><trkpt lat="46.51188" lon="6.69077" /><trkpt lat="46.51133" lon="6.68631" /><trkpt lat="46.51126" lon="6.68575" /><trkpt lat="46.51123" lon="6.68547" /><trkpt lat="46.5112" lon="6.6852" /><trkpt lat="46.51116" lon="6.6848" /><trkpt lat="46.51114" lon="6.68442" /><trkpt lat="46.51112" lon="6.68408" /><trkpt lat="46.5111" lon="6.6837" /><trkpt lat="46.51109" lon="6.68333" /><trkpt lat="46.51109" lon="6.68308" /><trkpt lat="46.51109" lon="6.68291" /><trkpt lat="46.51109" lon="6.68269" /><trkpt lat="46.5111" lon="6.68253" /><trkpt lat="46.51111" lon="6.68236" /><trkpt lat="46.51113" lon="6.68217" /><trkpt lat="46.51115" lon="6.68198" /><trkpt lat="46.51118" lon="6.68181" /><trkpt lat="46.5112" lon="6.68166" /><trkpt lat="46.51123" lon="6.68151" /><trkpt lat="46.51127" lon="6.68136" /><trkpt lat="46.51131" lon="6.68119" /><trkpt lat="46.51135" lon="6.68102" /><trkpt lat="46.5114" lon="6.68088" /><trkpt lat="46.51145" lon="6.68071" /><trkpt lat="46.51151" lon="6.68057" /><trkpt lat="46.51157" lon="6.68041" /><trkpt lat="46.51164" lon="6.68024" /><trkpt lat="46.51172" lon="6.68008" /><trkpt lat="46.51181" lon="6.67991" /><trkpt lat="46.51191" lon="6.67974" /><trkpt lat="46.51196" lon="6.67966" /><trkpt lat="46.51204" lon="6.67953" /><trkpt lat="46.51214" lon="6.67939" /><trkpt lat="46.51235" lon="6.67911" /><trkpt lat="46.51272" lon="6.67862" /><trkpt lat="46.51284" lon="6.67845" /><trkpt lat="46.51324" lon="6.67792" /><trkpt lat="46.51359" lon="6.67746" /><trkpt lat="46.51372" lon="6.67728" /><trkpt lat="46.51385" lon="6.67711" /><trkpt lat="46.51394" lon="6.67696" /><trkpt lat="46.51404" lon="6.67682" /><trkpt lat="46.51413" lon="6.67666" /><trkpt lat="46.51419" lon="6.67656" /><trkpt lat="46.51425" lon="6.67645" /><trkpt lat="46.51434" lon="6.67626" /><trkpt lat="46.51439" lon="6.67616" /><trkpt lat="46.51445" lon="6.67603" /><trkpt lat="46.5145" lon="6.67591" /><trkpt lat="46.51459" lon="6.67569" /><trkpt lat="46.51466" lon="6.6755" /><trkpt lat="46.51472" lon="6.67532" /><trkpt lat="46.51479" lon="6.67511" /><trkpt lat="46.51483" lon="6.67496" /><trkpt lat="46.5149" lon="6.67468" /><trkpt lat="46.51495" lon="6.67449" /><trkpt lat="46.51495" lon="6.67448" /><trkpt lat="46.51498" lon="6.67436" /><trkpt lat="46.51501" lon="6.6742" /><trkpt lat="46.51504" lon="6.674" /><trkpt lat="46.51506" lon="6.67388" /><trkpt lat="46.51508" lon="6.67376" /><trkpt lat="46.51509" lon="6.67364" /><trkpt lat="46.51511" lon="6.67353" /><trkpt lat="46.51512" lon="6.67337" /><trkpt lat="46.51514" lon="6.67321" /><trkpt lat="46.51515" lon="6.67305" /><trkpt lat="46.51515" lon="6.67289" /><trkpt lat="46.51516" lon="6.6727" /><trkpt lat="46.51516" lon="6.67251" /><trkpt lat="46.51516" lon="6.67234" /><trkpt lat="46.51515" lon="6.67215" /><trkpt lat="46.51515" lon="6.67199" /><trkpt lat="46.51514" lon="6.67185" /><trkpt lat="46.51512" lon="6.6717" /><trkpt lat="46.51511" lon="6.67157" /><trkpt lat="46.51509" lon="6.67143" /><trkpt lat="46.51507" lon="6.67127" /><trkpt lat="46.51505" lon="6.67112" /><trkpt lat="46.515" lon="6.67084" /><trkpt lat="46.51495" lon="6.67056" /><trkpt lat="46.51489" lon="6.67022" /><trkpt lat="46.51486" lon="6.67002" /><trkpt lat="46.51483" lon="6.66983" /><trkpt lat="46.51481" lon="6.66962" /><trkpt lat="46.51479" lon="6.66945" /><trkpt lat="46.51477" lon="6.66925" /><trkpt lat="46.51476" lon="6.66901" /><trkpt lat="46.51475" lon="6.66877" /><trkpt lat="46.51475" lon="6.66808" /><trkpt lat="46.51475" lon="6.66807" /><trkpt lat="46.51474" lon="6.667" /><trkpt lat="46.51474" lon="6.66461" /><trkpt lat="46.51474" lon="6.66374" /><trkpt lat="46.51474" lon="6.66352" /><trkpt lat="46.51473" lon="6.65803" /><trkpt lat="46.51473" lon="6.65618" /><trkpt lat="46.51473" lon="6.65617" /><trkpt lat="46.51473" lon="6.65443" /><trkpt lat="46.51472" lon="6.64865" /><trkpt lat="46.51471" lon="6.64841" /><trkpt lat="46.51471" lon="6.6481" /><trkpt lat="46.51471" lon="6.64792" /><trkpt lat="46.5147" lon="6.64775" /><trkpt lat="46.51469" lon="6.64759" /><trkpt lat="46.51468" lon="6.64739" /><trkpt lat="46.51467" lon="6.64722" /><trkpt lat="46.51466" lon="6.64705" /><trkpt lat="46.51464" lon="6.64676" /><trkpt lat="46.51462" lon="6.64656" /><trkpt lat="46.5146" lon="6.64635" /><trkpt lat="46.51457" lon="6.64614" /><trkpt lat="46.51454" lon="6.64593" /><trkpt lat="46.51452" lon="6.64575" /><trkpt lat="46.51449" lon="6.64557" /><trkpt lat="46.51445" lon="6.64534" /><trkpt lat="46.51441" lon="6.64511" /><trkpt lat="46.51437" lon="6.64492" /><trkpt lat="46.51433" lon="6.64472" /><trkpt lat="46.51431" lon="6.64461" /><trkpt lat="46.51428" lon="6.64447" /><trkpt lat="46.51421" lon="6.64419" /><trkpt lat="46.51417" lon="6.64402" /><trkpt lat="46.51412" lon="6.64382" /><trkpt lat="46.51405" lon="6.64356" /><trkpt lat="46.51398" lon="6.64333" /><trkpt lat="46.51389" lon="6.64302" /><trkpt lat="46.51379" lon="6.6427" /><trkpt lat="46.51373" lon="6.6425" /><trkpt lat="46.51365" lon="6.64225" /><trkpt lat="46.5136" lon="6.64204" /><trkpt lat="46.51356" lon="6.6419" /><trkpt lat="46.51353" lon="6.64175" /><trkpt lat="46.51348" lon="6.64154" /><trkpt lat="46.51344" lon="6.64136" /><trkpt lat="46.51341" lon="6.64119" /><trkpt lat="46.51339" lon="6.64103" /><trkpt lat="46.51336" lon="6.64083" /><trkpt lat="46.51333" lon="6.64066" /><trkpt lat="46.51331" lon="6.64051" /><trkpt lat="46.5133" lon="6.64037" /><trkpt lat="46.51328" lon="6.64012" /><trkpt lat="46.51326" lon="6.63984" /><trkpt lat="46.51325" lon="6.63965" /><trkpt lat="46.51324" lon="6.63944" /><trkpt lat="46.51324" lon="6.63937" /><trkpt lat="46.51324" lon="6.63907" /><trkpt lat="46.51324" lon="6.63885" /><trkpt lat="46.51325" lon="6.63863" /><trkpt lat="46.51326" lon="6.63846" /><trkpt lat="46.51327" lon="6.63837" /><trkpt lat="46.51328" lon="6.63824" /><trkpt lat="46.51329" lon="6.6381" /><trkpt lat="46.51331" lon="6.63788" /><trkpt lat="46.51333" lon="6.63768" /><trkpt lat="46.51335" lon="6.63753" /><trkpt lat="46.51338" lon="6.63735" /><trkpt lat="46.51341" lon="6.63717" /><trkpt lat="46.51343" lon="6.63706" /><trkpt lat="46.51346" lon="6.63691" /><trkpt lat="46.51348" lon="6.63682" /><trkpt lat="46.51352" lon="6.63666" /><trkpt lat="46.51356" lon="6.63646" /><trkpt lat="46.51361" lon="6.63629" /><trkpt lat="46.51365" lon="6.63612" /><trkpt lat="46.51372" lon="6.63588" /><trkpt lat="46.51375" lon="6.63578" /><trkpt lat="46.51379" lon="6.63569" /><trkpt lat="46.51385" lon="6.6355" /><trkpt lat="46.51389" lon="6.63539" /><trkpt lat="46.51394" lon="6.63528" /><trkpt lat="46.51399" lon="6.63516" /><trkpt lat="46.51406" lon="6.63501" /><trkpt lat="46.51411" lon="6.63492" /><trkpt lat="46.51416" lon="6.63482" /><trkpt lat="46.51423" lon="6.63469" /><trkpt lat="46.51435" lon="6.63449" /><trkpt lat="46.51441" lon="6.6344" /><trkpt lat="46.51447" lon="6.63431" /><trkpt lat="46.51456" lon="6.63418" /><trkpt lat="46.51483" lon="6.63381" /><trkpt lat="46.51492" lon="6.63369" /><trkpt lat="46.51505" lon="6.63351" /><trkpt lat="46.51517" lon="6.63338" /><trkpt lat="46.51528" lon="6.63326" /><trkpt lat="46.51536" lon="6.63315" /><trkpt lat="46.51538" lon="6.63313" /><trkpt lat="46.51548" lon="6.633" /><trkpt lat="46.51583" lon="6.6325" /><trkpt lat="46.51593" lon="6.63237" /><trkpt lat="46.51604" lon="6.63221" /><trkpt lat="46.51609" lon="6.63212" /><trkpt lat="46.51614" lon="6.63203" /><trkpt lat="46.51621" lon="6.63191" /><trkpt lat="46.51628" lon="6.63177" /><trkpt lat="46.51633" lon="6.63166" /><trkpt lat="46.51637" lon="6.63154" /><trkpt lat="46.51642" lon="6.63142" /><trkpt lat="46.51645" lon="6.63131" /><trkpt lat="46.51649" lon="6.63118" /><trkpt lat="46.51651" lon="6.6311" /><trkpt lat="46.51656" lon="6.63091" /><trkpt lat="46.51659" lon="6.63072" /><trkpt lat="46.51664" lon="6.6304" /><trkpt lat="46.51681" lon="6.62922" /><trkpt lat="46.51683" lon="6.62912" /><trkpt lat="46.51683" lon="6.62912" /></trkseg></trk></gpx>