<gpx version="1.1" creator="Trainlog.me"><trk><name>Trip Path</name><trkseg><trkpt lat="46.47504" lon="7.28404" /><trkpt lat="46.47537" lon="7.28365" /><trkpt lat="46.47574" lon="7.2832" /><trkpt lat="46.47584" lon="7.28308" /><trkpt lat="46.4759" lon="7.28299" /><trkpt lat="46.47598" lon="7.28288" /><trkpt lat="46.47604" lon="7.28278" /><trkpt lat="46.47609" lon="7.2827" /><trkpt lat="46.47613" lon="7.28263" /><trkpt lat="46.47617" lon="7.28255" /><trkpt lat="46.47621" lon="7.28246" /><trkpt lat="46.47627" lon="7.28233" /><trkpt lat="46.4765" lon="7.28177" /><trkpt lat="46.47661" lon="7.28148" /><trkpt lat="46.47674" lon="7.28119" /><trkpt lat="46.47679" lon="7.28107" /><trkpt lat="46.47685" lon="7.28095" /><trkpt lat="46.4773" lon="7.27995" /><trkpt lat="46.47737" lon="7.2798" /><trkpt lat="46.47744" lon="7.27965" /><trkpt lat="46.47879" lon="7.27688" /><trkpt lat="46.47895" lon="7.27655" /><trkpt lat="46.47903" lon="7.27639" /><trkpt lat="46.47911" lon="7.27624" /><trkpt lat="46.4792" lon="7.27609" /><trkpt lat="46.47928" lon="7.27594" /><trkpt lat="46.47938" lon="7.27579" /><trkpt lat="46.47947" lon="7.27564" /><trkpt lat="46.47957" lon="7.2755" /><trkpt lat="46.48" lon="7.27493" /><trkpt lat="46.48215" lon="7.27212" /><trkpt lat="46.48408" lon="7.2699" /><trkpt lat="46.48443" lon="7.26948" /><trkpt lat="46.48475" lon="7.26898" /><trkpt lat="46.48591" lon="7.26716" /><trkpt lat="46.48598" lon="7.26705" /><trkpt lat="46.48599" lon="7.26704" /><trkpt lat="46.48776" lon="7.26424" /><trkpt lat="46.48786" lon="7.26407" /><trkpt lat="46.48794" lon="7.26392" /><trkpt lat="46.488" lon="7.26376" /><trkpt lat="46.48807" lon="7.26354" /><trkpt lat="46.48823" lon="7.26301" /><trkpt lat="46.48833" lon="7.26265" /><trkpt lat="46.4884" lon="7.26235" /><trkpt lat="46.48843" lon="7.26217" /><trkpt lat="46.48844" lon="7.26203" /><trkpt lat="46.48844" lon="7.26191" /><trkpt lat="46.48844" lon="7.26172" /><trkpt lat="46.48844" lon="7.26074" /><trkpt lat="46.48843" lon="7.25983" /><trkpt lat="46.48843" lon="7.25964" /><trkpt lat="46.48843" lon="7.25955" /><trkpt lat="46.48843" lon="7.25947" /><trkpt lat="46.48843" lon="7.25907" /><trkpt lat="46.48842" lon="7.25882" /><trkpt lat="46.4884" lon="7.25857" /><trkpt lat="46.48838" lon="7.25841" /><trkpt lat="46.48836" lon="7.25825" /><trkpt lat="46.48808" lon="7.25653" /><trkpt lat="46.48802" lon="7.25613" /><trkpt lat="46.48798" lon="7.25577" /><trkpt lat="46.48795" lon="7.25546" /><trkpt lat="46.48793" lon="7.2551" /><trkpt lat="46.48793" lon="7.2547" /><trkpt lat="46.48794" lon="7.25433" /><trkpt lat="46.48799" lon="7.25208" /><trkpt lat="46.488" lon="7.25148" /><trkpt lat="46.488" lon="7.2509" /><trkpt lat="46.48794" lon="7.25026" /><trkpt lat="46.48789" lon="7.24989" /><trkpt lat="46.48772" lon="7.24862" /><trkpt lat="46.48768" lon="7.24825" /><trkpt lat="46.48766" lon="7.24803" /><trkpt lat="46.48767" lon="7.24777" /><trkpt lat="46.48768" lon="7.24753" /><trkpt lat="46.48772" lon="7.24708" /><trkpt lat="46.48775" lon="7.24672" /><trkpt lat="46.48777" lon="7.24636" /><trkpt lat="46.48777" lon="7.246" /><trkpt lat="46.48774" lon="7.24564" /><trkpt lat="46.48745" lon="7.24304" /><trkpt lat="46.48741" lon="7.24261" /><trkpt lat="46.48739" lon="7.24208" /><trkpt lat="46.48734" lon="7.23989" /><trkpt lat="46.48732" lon="7.23904" /><trkpt lat="46.48731" lon="7.23867" /><trkpt lat="46.48732" lon="7.23833" /><trkpt lat="46.48742" lon="7.23745" /><trkpt lat="46.48744" lon="7.23704" /><trkpt lat="46.48745" lon="7.2368" /><trkpt lat="46.48745" lon="7.23652" /><trkpt lat="46.48743" lon="7.23619" /><trkpt lat="46.4874" lon="7.23588" /><trkpt lat="46.48735" lon="7.23555" /><trkpt lat="46.48729" lon="7.23517" /><trkpt lat="46.48715" lon="7.23417" /><trkpt lat="46.48696" lon="7.23324" /><trkpt lat="46.48685" lon="7.23261" /><trkpt lat="46.48678" lon="7.23201" /><trkpt lat="46.48675" lon="7.23174" /><trkpt lat="46.48675" lon="7.23147" /><trkpt lat="46.48675" lon="7.231" /><trkpt lat="46.48677" lon="7.23069" /><trkpt lat="46.4868" lon="7.23038" /><trkpt lat="46.48685" lon="7.22997" /><trkpt lat="46.48699" lon="7.22916" /><trkpt lat="46.48708" lon="7.22873" /><trkpt lat="46.48712" lon="7.22844" /><trkpt lat="46.48715" lon="7.22817" /><trkpt lat="46.48719" lon="7.22787" /><trkpt lat="46.48721" lon="7.22753" /><trkpt lat="46.48723" lon="7.22719" /><trkpt lat="46.48723" lon="7.22682" /><trkpt lat="46.48725" lon="7.22542" /><trkpt lat="46.48727" lon="7.22496" /><trkpt lat="46.48729" lon="7.22447" /><trkpt lat="46.48733" lon="7.2237" /><trkpt lat="46.48735" lon="7.22332" /><trkpt lat="46.48738" lon="7.22297" /><trkpt lat="46.48743" lon="7.22261" /><trkpt lat="46.48749" lon="7.22222" /><trkpt lat="46.48757" lon="7.22186" /><trkpt lat="46.48803" lon="7.22002" /><trkpt lat="46.48807" lon="7.21985" /><trkpt lat="46.48837" lon="7.21863" /><trkpt lat="46.48843" lon="7.2184" /><trkpt lat="46.48849" lon="7.21814" /><trkpt lat="46.48855" lon="7.2178" /><trkpt lat="46.48859" lon="7.21747" /><trkpt lat="46.48864" lon="7.21707" /><trkpt lat="46.48866" lon="7.21667" /><trkpt lat="46.48867" lon="7.2163" /><trkpt lat="46.48866" lon="7.21592" /><trkpt lat="46.48852" lon="7.21198" /><trkpt lat="46.48851" lon="7.21185" /><trkpt lat="46.48851" lon="7.21163" /><trkpt lat="46.48848" lon="7.21086" /><trkpt lat="46.48845" lon="7.21011" /><trkpt lat="46.48842" lon="7.20922" /><trkpt lat="46.48842" lon="7.20912" /><trkpt lat="46.4884" lon="7.20878" /><trkpt lat="46.48838" lon="7.2082" /><trkpt lat="46.48838" lon="7.20789" /><trkpt lat="46.48837" lon="7.20778" /><trkpt lat="46.48826" lon="7.20468" /><trkpt lat="46.48825" lon="7.20438" /><trkpt lat="46.48824" lon="7.20419" /><trkpt lat="46.48823" lon="7.204" /><trkpt lat="46.48819" lon="7.20378" /><trkpt lat="46.48813" lon="7.20359" /><trkpt lat="46.48807" lon="7.20341" /><trkpt lat="46.488" lon="7.20324" /><trkpt lat="46.4879" lon="7.20306" /><trkpt lat="46.48779" lon="7.2029" /><trkpt lat="46.48767" lon="7.20277" /><trkpt lat="46.48749" lon="7.20262" /><trkpt lat="46.48714" lon="7.20236" /><trkpt lat="46.48693" lon="7.20221" /><trkpt lat="46.48678" lon="7.20209" /><trkpt lat="46.48662" lon="7.20191" /><trkpt lat="46.48652" lon="7.20176" /><trkpt lat="46.48642" lon="7.20158" /><trkpt lat="46.48632" lon="7.20134" /><trkpt lat="46.48559" lon="7.19939" /><trkpt lat="46.48542" lon="7.19896" /><trkpt lat="46.48469" lon="7.19719" /><trkpt lat="46.48451" lon="7.1967" /><trkpt lat="46.48437" lon="7.19628" /><trkpt lat="46.48422" lon="7.19584" /><trkpt lat="46.48408" lon="7.19532" /><trkpt lat="46.48397" lon="7.19485" /><trkpt lat="46.48389" lon="7.19447" /><trkpt lat="46.48379" lon="7.19396" /><trkpt lat="46.48368" lon="7.19333" /><trkpt lat="46.48329" lon="7.19105" /><trkpt lat="46.48308" lon="7.18984" /><trkpt lat="46.48301" lon="7.18952" /><trkpt lat="46.48291" lon="7.18913" /><trkpt lat="46.48278" lon="7.18873" /><trkpt lat="46.48263" lon="7.18824" /><trkpt lat="46.48258" lon="7.18811" /><trkpt lat="46.48254" lon="7.18796" /><trkpt lat="46.4825" lon="7.18781" /><trkpt lat="46.48246" lon="7.18762" /><trkpt lat="46.48242" lon="7.18743" /><trkpt lat="46.48229" lon="7.18669" /><trkpt lat="46.48206" lon="7.1855" /><trkpt lat="46.48182" lon="7.18419" /><trkpt lat="46.48175" lon="7.18383" /><trkpt lat="46.48171" lon="7.18367" /><trkpt lat="46.48167" lon="7.1835" /><trkpt lat="46.48149" lon="7.18296" /><trkpt lat="46.48148" lon="7.18292" /><trkpt lat="46.48099" lon="7.18143" /><trkpt lat="46.4809" lon="7.18118" /><trkpt lat="46.48084" lon="7.18096" /><trkpt lat="46.4808" lon="7.18078" /><trkpt lat="46.48077" lon="7.18054" /><trkpt lat="46.48073" lon="7.18021" /><trkpt lat="46.4807" lon="7.17983" /><trkpt lat="46.48066" lon="7.17945" /><trkpt lat="46.4806" lon="7.17881" /><trkpt lat="46.48057" lon="7.17852" /><trkpt lat="46.48054" lon="7.17833" /><trkpt lat="46.48052" lon="7.1782" /><trkpt lat="46.48049" lon="7.17805" /><trkpt lat="46.48046" lon="7.17791" /><trkpt lat="46.48042" lon="7.17775" /><trkpt lat="46.48038" lon="7.17759" /><trkpt lat="46.48032" lon="7.17738" /><trkpt lat="46.48026" lon="7.17718" /><trkpt lat="46.4802" lon="7.17703" /><trkpt lat="46.48014" lon="7.17687" /><trkpt lat="46.48007" lon="7.17671" /><trkpt lat="46.47997" lon="7.1765" /><trkpt lat="46.47989" lon="7.17633" /><trkpt lat="46.47981" lon="7.1762" /><trkpt lat="46.47974" lon="7.17607" /><trkpt lat="46.47965" lon="7.17594" /><trkpt lat="46.47957" lon="7.17581" /><trkpt lat="46.47947" lon="7.17567" /><trkpt lat="46.47913" lon="7.17525" /><trkpt lat="46.47866" lon="7.17466" /><trkpt lat="46.4783" lon="7.17424" /><trkpt lat="46.47812" lon="7.17401" /><trkpt lat="46.47804" lon="7.17392" /><trkpt lat="46.47798" lon="7.17383" /><trkpt lat="46.47793" lon="7.17375" /><trkpt lat="46.47789" lon="7.17367" /><trkpt lat="46.47786" lon="7.17361" /><trkpt lat="46.47783" lon="7.17354" /><trkpt lat="46.4778" lon="7.17345" /><trkpt lat="46.47778" lon="7.17337" /><trkpt lat="46.47775" lon="7.17327" /><trkpt lat="46.47748" lon="7.17216" /><trkpt lat="46.4774" lon="7.17182" /><trkpt lat="46.47728" lon="7.1713" /><trkpt lat="46.47725" lon="7.17119" /><trkpt lat="46.47721" lon="7.17108" /><trkpt lat="46.47717" lon="7.17097" /><trkpt lat="46.47712" lon="7.17087" /><trkpt lat="46.47706" lon="7.17076" /><trkpt lat="46.47696" lon="7.17064" /><trkpt lat="46.47688" lon="7.17056" /><trkpt lat="46.47671" lon="7.17041" /><trkpt lat="46.47574" lon="7.16962" /><trkpt lat="46.47561" lon="7.1695" /><trkpt lat="46.4755" lon="7.16939" /><trkpt lat="46.47542" lon="7.16928" /><trkpt lat="46.47533" lon="7.16915" /><trkpt lat="46.47525" lon="7.16902" /><trkpt lat="46.47519" lon="7.16888" /><trkpt lat="46.47512" lon="7.16871" /><trkpt lat="46.47507" lon="7.16855" /><trkpt lat="46.47502" lon="7.16834" /><trkpt lat="46.47498" lon="7.16813" /><trkpt lat="46.47495" lon="7.16791" /><trkpt lat="46.47489" lon="7.16748" /><trkpt lat="46.47478" lon="7.16664" /><trkpt lat="46.47466" lon="7.16574" /><trkpt lat="46.47461" lon="7.16534" /><trkpt lat="46.47457" lon="7.16511" /><trkpt lat="46.47452" lon="7.1649" /><trkpt lat="46.47445" lon="7.16468" /><trkpt lat="46.47435" lon="7.16436" /><trkpt lat="46.47429" lon="7.16419" /><trkpt lat="46.47423" lon="7.16406" /><trkpt lat="46.47418" lon="7.16396" /><trkpt lat="46.47417" lon="7.16395" /><trkpt lat="46.47413" lon="7.16389" /><trkpt lat="46.4741" lon="7.16385" /><trkpt lat="46.47406" lon="7.16381" /><trkpt lat="46.47403" lon="7.16378" /><trkpt lat="46.474" lon="7.16375" /><trkpt lat="46.47396" lon="7.16372" /><trkpt lat="46.47392" lon="7.16369" /><trkpt lat="46.47387" lon="7.16366" /><trkpt lat="46.47382" lon="7.16363" /><trkpt lat="46.47364" lon="7.16355" /><trkpt lat="46.4736" lon="7.16352" /><trkpt lat="46.47355" lon="7.1635" /><trkpt lat="46.4735" lon="7.16346" /><trkpt lat="46.47346" lon="7.16343" /><trkpt lat="46.47342" lon="7.16339" /><trkpt lat="46.47337" lon="7.16335" /><trkpt lat="46.47333" lon="7.1633" /><trkpt lat="46.47329" lon="7.16326" /><trkpt lat="46.47325" lon="7.1632" /><trkpt lat="46.4732" lon="7.16312" /><trkpt lat="46.47316" lon="7.16306" /><trkpt lat="46.47313" lon="7.163" /><trkpt lat="46.4731" lon="7.16293" /><trkpt lat="46.47307" lon="7.16286" /><trkpt lat="46.47305" lon="7.16279" /><trkpt lat="46.47303" lon="7.1627" /><trkpt lat="46.47302" lon="7.16263" /><trkpt lat="46.47301" lon="7.16256" /><trkpt lat="46.473" lon="7.16248" /><trkpt lat="46.473" lon="7.16242" /><trkpt lat="46.473" lon="7.16236" /><trkpt lat="46.473" lon="7.1623" /><trkpt lat="46.473" lon="7.16223" /><trkpt lat="46.47301" lon="7.16218" /><trkpt lat="46.47302" lon="7.16211" /><trkpt lat="46.47304" lon="7.16204" /><trkpt lat="46.47305" lon="7.16197" /><trkpt lat="46.47307" lon="7.16191" /><trkpt lat="46.4731" lon="7.16184" /><trkpt lat="46.47313" lon="7.16176" /><trkpt lat="46.47317" lon="7.16169" /><trkpt lat="46.47321" lon="7.16163" /><trkpt lat="46.47325" lon="7.16159" /><trkpt lat="46.47332" lon="7.1615" /><trkpt lat="46.47338" lon="7.16144" /><trkpt lat="46.47347" lon="7.16135" /><trkpt lat="46.47352" lon="7.1613" /><trkpt lat="46.47357" lon="7.16124" /><trkpt lat="46.47362" lon="7.16118" /><trkpt lat="46.47366" lon="7.16113" /><trkpt lat="46.4737" lon="7.16106" /><trkpt lat="46.47373" lon="7.16099" /><trkpt lat="46.47376" lon="7.16092" /><trkpt lat="46.47378" lon="7.16086" /><trkpt lat="46.47381" lon="7.16077" /><trkpt lat="46.47382" lon="7.1607" /><trkpt lat="46.47384" lon="7.16062" /><trkpt lat="46.47384" lon="7.16056" /><trkpt lat="46.47385" lon="7.16051" /><trkpt lat="46.47385" lon="7.16046" /><trkpt lat="46.47385" lon="7.1604" /><trkpt lat="46.47385" lon="7.16032" /><trkpt lat="46.47384" lon="7.16025" /><trkpt lat="46.47383" lon="7.16019" /><trkpt lat="46.47382" lon="7.16011" /><trkpt lat="46.4738" lon="7.16002" /><trkpt lat="46.47378" lon="7.15994" /><trkpt lat="46.47371" lon="7.15969" /><trkpt lat="46.47369" lon="7.1596" /><trkpt lat="46.47367" lon="7.15953" /><trkpt lat="46.47366" lon="7.15946" /><trkpt lat="46.47365" lon="7.1594" /><trkpt lat="46.47365" lon="7.15934" /><trkpt lat="46.47364" lon="7.15927" /><trkpt lat="46.47364" lon="7.15921" /><trkpt lat="46.47364" lon="7.15913" /><trkpt lat="46.47365" lon="7.15906" /><trkpt lat="46.47366" lon="7.15897" /><trkpt lat="46.47373" lon="7.15836" /><trkpt lat="46.47373" lon="7.15827" /><trkpt lat="46.47374" lon="7.15819" /><trkpt lat="46.47374" lon="7.15812" /><trkpt lat="46.47373" lon="7.15804" /><trkpt lat="46.47373" lon="7.15796" /><trkpt lat="46.47372" lon="7.15787" /><trkpt lat="46.47371" lon="7.1578" /><trkpt lat="46.47369" lon="7.15771" /><trkpt lat="46.47365" lon="7.15756" /><trkpt lat="46.47359" lon="7.15732" /><trkpt lat="46.47357" lon="7.15722" /><trkpt lat="46.47356" lon="7.15714" /><trkpt lat="46.47354" lon="7.15706" /><trkpt lat="46.47353" lon="7.157" /><trkpt lat="46.47353" lon="7.15694" /><trkpt lat="46.47352" lon="7.15687" /><trkpt lat="46.47352" lon="7.15681" /><trkpt lat="46.47352" lon="7.15675" /><trkpt lat="46.47353" lon="7.15669" /><trkpt lat="46.47353" lon="7.15662" /><trkpt lat="46.47354" lon="7.15655" /><trkpt lat="46.47356" lon="7.15648" /><trkpt lat="46.47358" lon="7.15641" /><trkpt lat="46.4736" lon="7.15633" /><trkpt lat="46.47362" lon="7.15628" /><trkpt lat="46.47365" lon="7.1562" /><trkpt lat="46.47369" lon="7.15614" /><trkpt lat="46.47374" lon="7.15605" /><trkpt lat="46.4739" lon="7.15578" /><trkpt lat="46.47404" lon="7.15555" /><trkpt lat="46.4741" lon="7.15539" /><trkpt lat="46.47415" lon="7.15523" /><trkpt lat="46.47418" lon="7.15506" /><trkpt lat="46.47419" lon="7.15488" /><trkpt lat="46.4742" lon="7.15469" /><trkpt lat="46.4742" lon="7.15439" /><trkpt lat="46.47421" lon="7.15421" /><trkpt lat="46.47423" lon="7.15404" /><trkpt lat="46.47428" lon="7.15385" /><trkpt lat="46.47434" lon="7.15367" /><trkpt lat="46.47523" lon="7.15142" /><trkpt lat="46.47528" lon="7.15128" /><trkpt lat="46.47531" lon="7.15117" /><trkpt lat="46.47532" lon="7.15107" /><trkpt lat="46.47534" lon="7.15095" /><trkpt lat="46.47534" lon="7.1508" /><trkpt lat="46.47533" lon="7.15067" /><trkpt lat="46.47532" lon="7.15051" /><trkpt lat="46.47524" lon="7.15003" /><trkpt lat="46.4752" lon="7.14974" /><trkpt lat="46.47517" lon="7.14945" /><trkpt lat="46.47515" lon="7.14911" /><trkpt lat="46.4751" lon="7.14826" /><trkpt lat="46.47507" lon="7.14766" /><trkpt lat="46.47505" lon="7.14712" /><trkpt lat="46.47506" lon="7.14669" /><trkpt lat="46.47508" lon="7.14636" /><trkpt lat="46.47512" lon="7.14604" /><trkpt lat="46.47518" lon="7.14571" /><trkpt lat="46.47525" lon="7.14539" /><trkpt lat="46.47536" lon="7.14505" /><trkpt lat="46.4755" lon="7.1447" /><trkpt lat="46.47577" lon="7.14413" /><trkpt lat="46.47611" lon="7.14339" /><trkpt lat="46.47622" lon="7.14313" /><trkpt lat="46.47633" lon="7.14285" /><trkpt lat="46.47641" lon="7.14257" /><trkpt lat="46.47646" lon="7.14233" /><trkpt lat="46.4765" lon="7.14207" /><trkpt lat="46.47653" lon="7.14178" /><trkpt lat="46.47654" lon="7.14153" /><trkpt lat="46.47654" lon="7.14135" /><trkpt lat="46.47652" lon="7.14113" /><trkpt lat="46.47649" lon="7.14091" /><trkpt lat="46.47645" lon="7.14072" /><trkpt lat="46.47639" lon="7.14049" /><trkpt lat="46.4763" lon="7.14024" /><trkpt lat="46.476" lon="7.13942" /><trkpt lat="46.47593" lon="7.1392" /><trkpt lat="46.47588" lon="7.13899" /><trkpt lat="46.47585" lon="7.13879" /><trkpt lat="46.47583" lon="7.13859" /><trkpt lat="46.47582" lon="7.13834" /><trkpt lat="46.47582" lon="7.13813" /><trkpt lat="46.47584" lon="7.13792" /><trkpt lat="46.47588" lon="7.13774" /><trkpt lat="46.4759" lon="7.13766" /><trkpt lat="46.47597" lon="7.13744" /><trkpt lat="46.47615" lon="7.13697" /><trkpt lat="46.47626" lon="7.1367" /><trkpt lat="46.47631" lon="7.13658" /><trkpt lat="46.47637" lon="7.13644" /><trkpt lat="46.47642" lon="7.13626" /><trkpt lat="46.47645" lon="7.13612" /><trkpt lat="46.47646" lon="7.13596" /><trkpt lat="46.47646" lon="7.13583" /><trkpt lat="46.47645" lon="7.13571" /><trkpt lat="46.47643" lon="7.1356" /><trkpt lat="46.47641" lon="7.1355" /><trkpt lat="46.47638" lon="7.1354" /><trkpt lat="46.47633" lon="7.13529" /><trkpt lat="46.47627" lon="7.13517" /><trkpt lat="46.4762" lon="7.13506" /><trkpt lat="46.47599" lon="7.13472" /><trkpt lat="46.47589" lon="7.13453" /><trkpt lat="46.47579" lon="7.13432" /><trkpt lat="46.4756" lon="7.1339" /><trkpt lat="46.47557" lon="7.13382" /><trkpt lat="46.47548" lon="7.13364" /><trkpt lat="46.47539" lon="7.13342" /><trkpt lat="46.47534" lon="7.13333" /><trkpt lat="46.4753" lon="7.13325" /><trkpt lat="46.47525" lon="7.13317" /><trkpt lat="46.47519" lon="7.13304" /><trkpt lat="46.47513" lon="7.13292" /><trkpt lat="46.47507" lon="7.1328" /><trkpt lat="46.47495" lon="7.13254" /><trkpt lat="46.47488" lon="7.13236" /><trkpt lat="46.47483" lon="7.13222" /><trkpt lat="46.47478" lon="7.13206" /><trkpt lat="46.47474" lon="7.13191" /><trkpt lat="46.47471" lon="7.13177" /><trkpt lat="46.47468" lon="7.13164" /><trkpt lat="46.47465" lon="7.13147" /><trkpt lat="46.47463" lon="7.13131" /><trkpt lat="46.47461" lon="7.13113" /><trkpt lat="46.47457" lon="7.13084" /><trkpt lat="46.47454" lon="7.13057" /><trkpt lat="46.47452" lon="7.13045" /><trkpt lat="46.47448" lon="7.13005" /><trkpt lat="46.47441" lon="7.12953" /><trkpt lat="46.4744" lon="7.12943" /><trkpt lat="46.4744" lon="7.12937" /><trkpt lat="46.4744" lon="7.12931" /><trkpt lat="46.47439" lon="7.12924" /><trkpt lat="46.47439" lon="7.12916" /><trkpt lat="46.4744" lon="7.12909" /><trkpt lat="46.4744" lon="7.12903" /><trkpt lat="46.47441" lon="7.12896" /><trkpt lat="46.47442" lon="7.12889" /><trkpt lat="46.47453" lon="7.12801" /><trkpt lat="46.47454" lon="7.12789" /><trkpt lat="46.47455" lon="7.1278" /><trkpt lat="46.47456" lon="7.12771" /><trkpt lat="46.47456" lon="7.12762" /><trkpt lat="46.47456" lon="7.12753" /><trkpt lat="46.47456" lon="7.12745" /><trkpt lat="46.47456" lon="7.12738" /><trkpt lat="46.47456" lon="7.12731" /><trkpt lat="46.47455" lon="7.12724" /><trkpt lat="46.47454" lon="7.12717" /><trkpt lat="46.47453" lon="7.1271" /><trkpt lat="46.47452" lon="7.12704" /><trkpt lat="46.47451" lon="7.127" /><trkpt lat="46.4745" lon="7.12694" /><trkpt lat="46.47448" lon="7.12687" /><trkpt lat="46.47447" lon="7.1268" /><trkpt lat="46.47445" lon="7.12674" /><trkpt lat="46.47442" lon="7.12667" /><trkpt lat="46.4744" lon="7.12661" /><trkpt lat="46.47438" lon="7.12655" /><trkpt lat="46.47435" lon="7.12648" /><trkpt lat="46.47431" lon="7.12641" /><trkpt lat="46.47427" lon="7.12633" /><trkpt lat="46.47422" lon="7.12622" /><trkpt lat="46.47416" lon="7.12613" /><trkpt lat="46.47393" lon="7.12575" /><trkpt lat="46.47368" lon="7.12532" /><trkpt lat="46.47362" lon="7.12521" /><trkpt lat="46.47354" lon="7.12509" /><trkpt lat="46.47342" lon="7.12494" /><trkpt lat="46.473" lon="7.12446" /><trkpt lat="46.47288" lon="7.12433" /><trkpt lat="46.47274" lon="7.12421" /><trkpt lat="46.47258" lon="7.12411" /><trkpt lat="46.47211" lon="7.12385" /><trkpt lat="46.47202" lon="7.1238" /><trkpt lat="46.47192" lon="7.12376" /><trkpt lat="46.47184" lon="7.12373" /><trkpt lat="46.47177" lon="7.12372" /><trkpt lat="46.47164" lon="7.12369" /><trkpt lat="46.47134" lon="7.12365" /><trkpt lat="46.47123" lon="7.12363" /><trkpt lat="46.47111" lon="7.1236" /><trkpt lat="46.471" lon="7.12355" /><trkpt lat="46.47087" lon="7.12348" /><trkpt lat="46.47075" lon="7.12339" /><trkpt lat="46.47029" lon="7.12301" /><trkpt lat="46.46966" lon="7.12248" /><trkpt lat="46.46946" lon="7.1223" /><trkpt lat="46.46927" lon="7.12206" /><trkpt lat="46.46911" lon="7.12185" /><trkpt lat="46.46895" lon="7.12158" /><trkpt lat="46.46882" lon="7.12133" /><trkpt lat="46.4687" lon="7.12106" /><trkpt lat="46.46861" lon="7.12079" /><trkpt lat="46.46852" lon="7.12049" /><trkpt lat="46.46847" lon="7.12028" /><trkpt lat="46.46843" lon="7.12002" /><trkpt lat="46.4684" lon="7.11979" /><trkpt lat="46.46837" lon="7.11951" /><trkpt lat="46.46836" lon="7.11921" /><trkpt lat="46.46836" lon="7.11891" /><trkpt lat="46.46838" lon="7.11864" /><trkpt lat="46.46842" lon="7.11834" /><trkpt lat="46.46861" lon="7.11714" /><trkpt lat="46.46871" lon="7.11658" /><trkpt lat="46.46882" lon="7.11588" /><trkpt lat="46.46888" lon="7.11552" /><trkpt lat="46.46891" lon="7.11523" /><trkpt lat="46.46893" lon="7.11502" /><trkpt lat="46.46893" lon="7.11479" /><trkpt lat="46.46891" lon="7.11459" /><trkpt lat="46.46888" lon="7.11436" /><trkpt lat="46.46884" lon="7.11413" /><trkpt lat="46.46876" lon="7.11385" /><trkpt lat="46.46868" lon="7.11362" /><trkpt lat="46.46856" lon="7.11337" /><trkpt lat="46.46844" lon="7.11316" /><trkpt lat="46.46833" lon="7.11301" /><trkpt lat="46.46811" lon="7.1127" /><trkpt lat="46.468" lon="7.11252" /><trkpt lat="46.46791" lon="7.11234" /><trkpt lat="46.4677" lon="7.11183" /><trkpt lat="46.4676" lon="7.11161" /><trkpt lat="46.46747" lon="7.11137" /><trkpt lat="46.46729" lon="7.11108" /><trkpt lat="46.46716" lon="7.11082" /><trkpt lat="46.46706" lon="7.11059" /><trkpt lat="46.46696" lon="7.11033" /><trkpt lat="46.46677" lon="7.10981" /><trkpt lat="46.46663" lon="7.10942" /><trkpt lat="46.46654" lon="7.10912" /><trkpt lat="46.46646" lon="7.10882" /><trkpt lat="46.4664" lon="7.10853" /><trkpt lat="46.46635" lon="7.1083" /><trkpt lat="46.46632" lon="7.1081" /><trkpt lat="46.46625" lon="7.10764" /><trkpt lat="46.46618" lon="7.10676" /><trkpt lat="46.46613" lon="7.10622" /><trkpt lat="46.46604" lon="7.10509" /><trkpt lat="46.46602" lon="7.10491" /><trkpt lat="46.46598" lon="7.10472" /><trkpt lat="46.46594" lon="7.10452" /><trkpt lat="46.46589" lon="7.10431" /><trkpt lat="46.46577" lon="7.10393" /><trkpt lat="46.46568" lon="7.10356" /><trkpt lat="46.46564" lon="7.10336" /><trkpt lat="46.4656" lon="7.10305" /><trkpt lat="46.46551" lon="7.10213" /><trkpt lat="46.46548" lon="7.10184" /><trkpt lat="46.46544" lon="7.10159" /><trkpt lat="46.46539" lon="7.1014" /><trkpt lat="46.46534" lon="7.10121" /><trkpt lat="46.46524" lon="7.10092" /><trkpt lat="46.46514" lon="7.1006" /><trkpt lat="46.46512" lon="7.10051" /><trkpt lat="46.46509" lon="7.10041" /><trkpt lat="46.46507" lon="7.10028" /><trkpt lat="46.46505" lon="7.10016" /><trkpt lat="46.46504" lon="7.10007" /><trkpt lat="46.46503" lon="7.09996" /><trkpt lat="46.46503" lon="7.09985" /><trkpt lat="46.46503" lon="7.09975" /><trkpt lat="46.46503" lon="7.09964" /><trkpt lat="46.46504" lon="7.09952" /><trkpt lat="46.46506" lon="7.09939" /><trkpt lat="46.46508" lon="7.09925" /><trkpt lat="46.46512" lon="7.09909" /><trkpt lat="46.46516" lon="7.09895" /><trkpt lat="46.46521" lon="7.09881" /><trkpt lat="46.46526" lon="7.09868" /><trkpt lat="46.46532" lon="7.09857" /><trkpt lat="46.46539" lon="7.09844" /><trkpt lat="46.46552" lon="7.09824" /><trkpt lat="46.46566" lon="7.09802" /><trkpt lat="46.46574" lon="7.09789" /><trkpt lat="46.4658" lon="7.09777" /><trkpt lat="46.46586" lon="7.09765" /><trkpt lat="46.46591" lon="7.09753" /><trkpt lat="46.46595" lon="7.0974" /><trkpt lat="46.46598" lon="7.09729" /><trkpt lat="46.466" lon="7.09719" /><trkpt lat="46.46602" lon="7.09709" /><trkpt lat="46.46604" lon="7.09698" /><trkpt lat="46.46605" lon="7.09687" /><trkpt lat="46.46605" lon="7.09679" /><trkpt lat="46.46606" lon="7.09668" /><trkpt lat="46.46606" lon="7.09656" /><trkpt lat="46.46606" lon="7.09639" /><trkpt lat="46.46606" lon="7.09611" /><trkpt lat="46.46606" lon="7.09588" /><trkpt lat="46.46605" lon="7.09572" /><trkpt lat="46.46605" lon="7.09557" /><trkpt lat="46.46604" lon="7.09544" /><trkpt lat="46.46602" lon="7.09532" /><trkpt lat="46.46601" lon="7.09522" /><trkpt lat="46.46598" lon="7.0951" /><trkpt lat="46.46596" lon="7.09501" /><trkpt lat="46.46593" lon="7.09492" /><trkpt lat="46.46591" lon="7.09486" /><trkpt lat="46.46587" lon="7.09474" /><trkpt lat="46.46583" lon="7.09466" /><trkpt lat="46.46578" lon="7.09456" /><trkpt lat="46.46562" lon="7.09423" /><trkpt lat="46.46523" lon="7.09353" /><trkpt lat="46.46503" lon="7.09324" /><trkpt lat="46.46494" lon="7.0931" /><trkpt lat="46.46487" lon="7.09298" /><trkpt lat="46.46477" lon="7.09281" /><trkpt lat="46.4647" lon="7.09266" /><trkpt lat="46.4646" lon="7.09248" /><trkpt lat="46.46449" lon="7.09228" /><trkpt lat="46.46444" lon="7.09216" /><trkpt lat="46.4644" lon="7.09205" /><trkpt lat="46.46436" lon="7.09192" /><trkpt lat="46.46433" lon="7.0918" /><trkpt lat="46.4643" lon="7.09166" /><trkpt lat="46.46428" lon="7.09153" /><trkpt lat="46.46427" lon="7.0914" /><trkpt lat="46.46427" lon="7.09129" /><trkpt lat="46.46427" lon="7.09118" /><trkpt lat="46.46427" lon="7.09103" /><trkpt lat="46.46428" lon="7.09093" /><trkpt lat="46.4643" lon="7.0908" /><trkpt lat="46.46432" lon="7.09069" /><trkpt lat="46.46435" lon="7.09059" /><trkpt lat="46.46438" lon="7.09046" /><trkpt lat="46.46442" lon="7.09036" /><trkpt lat="46.46446" lon="7.09026" /><trkpt lat="46.4646" lon="7.08993" /><trkpt lat="46.46464" lon="7.08981" /><trkpt lat="46.46468" lon="7.08968" /><trkpt lat="46.46472" lon="7.08953" /><trkpt lat="46.46474" lon="7.08941" /><trkpt lat="46.46476" lon="7.08928" /><trkpt lat="46.46477" lon="7.08918" /><trkpt lat="46.46477" lon="7.08908" /><trkpt lat="46.46478" lon="7.08894" /><trkpt lat="46.46477" lon="7.08869" /><trkpt lat="46.46475" lon="7.0878" /><trkpt lat="46.46474" lon="7.08761" /><trkpt lat="46.46474" lon="7.08747" /><trkpt lat="46.46475" lon="7.08735" /><trkpt lat="46.46475" lon="7.08724" /><trkpt lat="46.46476" lon="7.08712" /><trkpt lat="46.46477" lon="7.08699" /><trkpt lat="46.46479" lon="7.08687" /><trkpt lat="46.46481" lon="7.08669" /><trkpt lat="46.46486" lon="7.08641" /><trkpt lat="46.46488" lon="7.08628" /><trkpt lat="46.46489" lon="7.08617" /><trkpt lat="46.46489" lon="7.08607" /><trkpt lat="46.4649" lon="7.08597" /><trkpt lat="46.4649" lon="7.08586" /><trkpt lat="46.46489" lon="7.08576" /><trkpt lat="46.46488" lon="7.08566" /><trkpt lat="46.46487" lon="7.08556" /><trkpt lat="46.46479" lon="7.08491" /><trkpt lat="46.46479" lon="7.08483" /><trkpt lat="46.46478" lon="7.0847" /><trkpt lat="46.46477" lon="7.08465" /><trkpt lat="46.46477" lon="7.08452" /><trkpt lat="46.46476" lon="7.08438" /><trkpt lat="46.46476" lon="7.08411" /><trkpt lat="46.46478" lon="7.083" /><trkpt lat="46.46479" lon="7.08237" /><trkpt lat="46.46479" lon="7.08219" /><trkpt lat="46.46479" lon="7.08211" /><trkpt lat="46.46478" lon="7.08201" /><trkpt lat="46.46477" lon="7.08191" /><trkpt lat="46.46476" lon="7.08183" /><trkpt lat="46.46475" lon="7.08176" /><trkpt lat="46.46473" lon="7.08167" /><trkpt lat="46.46468" lon="7.08149" /><trkpt lat="46.4646" lon="7.08121" /><trkpt lat="46.4645" lon="7.08081" /><trkpt lat="46.46445" lon="7.08064" /><trkpt lat="46.46443" lon="7.08052" /><trkpt lat="46.4644" lon="7.08038" /><trkpt lat="46.46438" lon="7.08025" /><trkpt lat="46.46436" lon="7.08013" /><trkpt lat="46.46435" lon="7.07998" /><trkpt lat="46.46434" lon="7.07986" /><trkpt lat="46.46433" lon="7.07973" /><trkpt lat="46.46432" lon="7.07959" /><trkpt lat="46.46432" lon="7.07945" /><trkpt lat="46.46432" lon="7.07936" /><trkpt lat="46.46433" lon="7.07925" /><trkpt lat="46.46433" lon="7.07914" /><trkpt lat="46.46434" lon="7.07905" /><trkpt lat="46.46435" lon="7.07897" /><trkpt lat="46.46436" lon="7.07889" /><trkpt lat="46.46437" lon="7.0788" /><trkpt lat="46.46439" lon="7.07869" /><trkpt lat="46.46441" lon="7.0786" /><trkpt lat="46.46443" lon="7.0785" /><trkpt lat="46.46446" lon="7.0784" /><trkpt lat="46.4645" lon="7.07828" /><trkpt lat="46.46453" lon="7.07821" /><trkpt lat="46.46456" lon="7.07813" /><trkpt lat="46.4646" lon="7.07804" /><trkpt lat="46.46465" lon="7.07796" /><trkpt lat="46.46469" lon="7.07788" /><trkpt lat="46.46474" lon="7.07781" /><trkpt lat="46.46479" lon="7.07774" /><trkpt lat="46.46483" lon="7.07769" /><trkpt lat="46.46487" lon="7.07764" /><trkpt lat="46.46496" lon="7.07756" /><trkpt lat="46.46502" lon="7.07751" /><trkpt lat="46.46508" lon="7.07746" /><trkpt lat="46.46519" lon="7.07737" /><trkpt lat="46.46549" lon="7.07716" /><trkpt lat="46.46583" lon="7.0769" /><trkpt lat="46.46618" lon="7.07664" /><trkpt lat="46.46643" lon="7.07646" /><trkpt lat="46.46668" lon="7.07628" /><trkpt lat="46.46679" lon="7.07619" /><trkpt lat="46.46684" lon="7.07614" /><trkpt lat="46.4669" lon="7.07608" /><trkpt lat="46.46696" lon="7.07602" /><trkpt lat="46.46701" lon="7.07596" /><trkpt lat="46.46705" lon="7.07591" /><trkpt lat="46.4671" lon="7.07584" /><trkpt lat="46.46714" lon="7.07577" /><trkpt lat="46.46718" lon="7.0757" /><trkpt lat="46.46722" lon="7.07564" /><trkpt lat="46.46724" lon="7.07559" /><trkpt lat="46.46729" lon="7.07549" /><trkpt lat="46.46732" lon="7.07542" /><trkpt lat="46.46735" lon="7.07533" /><trkpt lat="46.4674" lon="7.0752" /><trkpt lat="46.46742" lon="7.07512" /><trkpt lat="46.46744" lon="7.07504" /><trkpt lat="46.46746" lon="7.07494" /><trkpt lat="46.46748" lon="7.07483" /><trkpt lat="46.46749" lon="7.07476" /><trkpt lat="46.4675" lon="7.07467" /><trkpt lat="46.4675" lon="7.07458" /><trkpt lat="46.46751" lon="7.07448" /><trkpt lat="46.46751" lon="7.07439" /><trkpt lat="46.46751" lon="7.07433" /><trkpt lat="46.46751" lon="7.07424" /><trkpt lat="46.4675" lon="7.07416" /><trkpt lat="46.46749" lon="7.07406" /><trkpt lat="46.46748" lon="7.07396" /><trkpt lat="46.46746" lon="7.07384" /><trkpt lat="46.46744" lon="7.07374" /><trkpt lat="46.46741" lon="7.07364" /><trkpt lat="46.46739" lon="7.07355" /><trkpt lat="46.46735" lon="7.07345" /><trkpt lat="46.46732" lon="7.07335" /><trkpt lat="46.46724" lon="7.07317" /><trkpt lat="46.46717" lon="7.07301" /><trkpt lat="46.46708" lon="7.07283" /><trkpt lat="46.46695" lon="7.07258" /><trkpt lat="46.4668" lon="7.07235" /><trkpt lat="46.46651" lon="7.07188" /><trkpt lat="46.46636" lon="7.07163" /><trkpt lat="46.46629" lon="7.07152" /><trkpt lat="46.46626" lon="7.07145" /><trkpt lat="46.46621" lon="7.07136" /><trkpt lat="46.46618" lon="7.07129" /><trkpt lat="46.46614" lon="7.07118" /><trkpt lat="46.4661" lon="7.07111" /><trkpt lat="46.46606" lon="7.07099" /><trkpt lat="46.46604" lon="7.07091" /><trkpt lat="46.46601" lon="7.07081" /><trkpt lat="46.46598" lon="7.0707" /><trkpt lat="46.46584" lon="7.07017" /><trkpt lat="46.4658" lon="7.07005" /><trkpt lat="46.46577" lon="7.06994" /><trkpt lat="46.46573" lon="7.06982" /><trkpt lat="46.46569" lon="7.06975" /><trkpt lat="46.46564" lon="7.06962" /><trkpt lat="46.46557" lon="7.06948" /><trkpt lat="46.4655" lon="7.06935" /><trkpt lat="46.46539" lon="7.06915" /><trkpt lat="46.46532" lon="7.06903" /><trkpt lat="46.46528" lon="7.06894" /><trkpt lat="46.46523" lon="7.06883" /><trkpt lat="46.46517" lon="7.06869" /><trkpt lat="46.46513" lon="7.06856" /><trkpt lat="46.4651" lon="7.06846" /><trkpt lat="46.46506" lon="7.06836" /><trkpt lat="46.46502" lon="7.06821" /><trkpt lat="46.46498" lon="7.06808" /><trkpt lat="46.46495" lon="7.06795" /><trkpt lat="46.46492" lon="7.06783" /><trkpt lat="46.46489" lon="7.06769" /><trkpt lat="46.46487" lon="7.06759" /><trkpt lat="46.46486" lon="7.06751" /><trkpt lat="46.46485" lon="7.06741" /><trkpt lat="46.46484" lon="7.06729" /><trkpt lat="46.46482" lon="7.06703" /><trkpt lat="46.46481" lon="7.06689" /><trkpt lat="46.46479" lon="7.06676" /><trkpt lat="46.46478" lon="7.06666" /><trkpt lat="46.46476" lon="7.06655" /><trkpt lat="46.46473" lon="7.06643" /><trkpt lat="46.46468" lon="7.06619" /><trkpt lat="46.46466" lon="7.06607" /><trkpt lat="46.46464" lon="7.06599" /><trkpt lat="46.46463" lon="7.0659" /><trkpt lat="46.46463" lon="7.06584" /><trkpt lat="46.46462" lon="7.06576" /><trkpt lat="46.46461" lon="7.06568" /><trkpt lat="46.46461" lon="7.06561" /><trkpt lat="46.46461" lon="7.06547" /><trkpt lat="46.46461" lon="7.06533" /><trkpt lat="46.46462" lon="7.06511" /><trkpt lat="46.46462" lon="7.06491" /><trkpt lat="46.46464" lon="7.06421" /><trkpt lat="46.46465" lon="7.06396" /><trkpt lat="46.46467" lon="7.06381" /><trkpt lat="46.4647" lon="7.06351" /><trkpt lat="46.46471" lon="7.06337" /><trkpt lat="46.46472" lon="7.06323" /><trkpt lat="46.46472" lon="7.06313" /><trkpt lat="46.46472" lon="7.06295" /><trkpt lat="46.46471" lon="7.06283" /><trkpt lat="46.46471" lon="7.06275" /><trkpt lat="46.46469" lon="7.06262" /><trkpt lat="46.46468" lon="7.06252" /><trkpt lat="46.46467" lon="7.06243" /><trkpt lat="46.46464" lon="7.0623" /><trkpt lat="46.46461" lon="7.06215" /><trkpt lat="46.46457" lon="7.062" /><trkpt lat="46.46452" lon="7.06184" /><trkpt lat="46.4644" lon="7.06142" /><trkpt lat="46.46429" lon="7.061" /><trkpt lat="46.46424" lon="7.06081" /><trkpt lat="46.4642" lon="7.06063" /><trkpt lat="46.46416" lon="7.06045" /><trkpt lat="46.46412" lon="7.06022" /><trkpt lat="46.46409" lon="7.06008" /><trkpt lat="46.46407" lon="7.05991" /><trkpt lat="46.46405" lon="7.05976" /><trkpt lat="46.46403" lon="7.05958" /><trkpt lat="46.46401" lon="7.05938" /><trkpt lat="46.464" lon="7.05918" /><trkpt lat="46.46396" lon="7.05843" /><trkpt lat="46.46394" lon="7.05794" /><trkpt lat="46.46394" lon="7.05777" /><trkpt lat="46.46394" lon="7.05767" /><trkpt lat="46.46394" lon="7.05759" /><trkpt lat="46.46394" lon="7.05751" /><trkpt lat="46.46395" lon="7.0574" /><trkpt lat="46.46396" lon="7.05731" /><trkpt lat="46.46398" lon="7.05721" /><trkpt lat="46.46401" lon="7.05706" /><trkpt lat="46.46414" lon="7.05651" /><trkpt lat="46.46418" lon="7.05633" /><trkpt lat="46.46421" lon="7.05618" /><trkpt lat="46.46424" lon="7.05607" /><trkpt lat="46.46425" lon="7.05598" /><trkpt lat="46.46426" lon="7.0559" /><trkpt lat="46.46427" lon="7.05582" /><trkpt lat="46.46428" lon="7.05574" /><trkpt lat="46.46428" lon="7.05568" /><trkpt lat="46.46429" lon="7.05561" /><trkpt lat="46.46429" lon="7.05554" /><trkpt lat="46.46428" lon="7.05546" /><trkpt lat="46.46428" lon="7.05537" /><trkpt lat="46.46427" lon="7.05526" /><trkpt lat="46.46425" lon="7.05514" /><trkpt lat="46.46419" lon="7.05478" /><trkpt lat="46.46418" lon="7.05467" /><trkpt lat="46.46417" lon="7.05456" /><trkpt lat="46.46416" lon="7.05446" /><trkpt lat="46.46415" lon="7.05439" /><trkpt lat="46.46415" lon="7.05428" /><trkpt lat="46.46415" lon="7.05416" /><trkpt lat="46.46416" lon="7.05402" /><trkpt lat="46.46417" lon="7.05394" /><trkpt lat="46.46418" lon="7.05382" /><trkpt lat="46.4642" lon="7.0537" /><trkpt lat="46.46423" lon="7.0536" /><trkpt lat="46.46425" lon="7.0535" /><trkpt lat="46.46428" lon="7.05343" /><trkpt lat="46.46431" lon="7.05333" /><trkpt lat="46.46433" lon="7.05327" /><trkpt lat="46.46436" lon="7.05321" /><trkpt lat="46.46438" lon="7.05316" /><trkpt lat="46.46441" lon="7.05309" /><trkpt lat="46.46445" lon="7.05303" /><trkpt lat="46.46449" lon="7.05295" /><trkpt lat="46.46457" lon="7.05282" /><trkpt lat="46.46468" lon="7.05264" /><trkpt lat="46.46476" lon="7.0525" /><trkpt lat="46.46483" lon="7.05238" /><trkpt lat="46.46488" lon="7.05228" /><trkpt lat="46.46491" lon="7.05219" /><trkpt lat="46.46495" lon="7.05209" /><trkpt lat="46.46498" lon="7.05201" /><trkpt lat="46.46501" lon="7.05191" /><trkpt lat="46.46503" lon="7.05183" /><trkpt lat="46.46504" lon="7.05172" /><trkpt lat="46.46506" lon="7.05162" /><trkpt lat="46.46507" lon="7.05153" /><trkpt lat="46.46507" lon="7.05143" /><trkpt lat="46.46507" lon="7.05135" /><trkpt lat="46.46507" lon="7.05122" /><trkpt lat="46.46506" lon="7.0511" /><trkpt lat="46.46505" lon="7.05086" /><trkpt lat="46.46502" lon="7.05054" /><trkpt lat="46.46501" lon="7.05034" /><trkpt lat="46.465" lon="7.05016" /><trkpt lat="46.46499" lon="7.04996" /><trkpt lat="46.46499" lon="7.04984" /><trkpt lat="46.46499" lon="7.04974" /><trkpt lat="46.46501" lon="7.0496" /><trkpt lat="46.46502" lon="7.04949" /><trkpt lat="46.46504" lon="7.04939" /><trkpt lat="46.46507" lon="7.04927" /><trkpt lat="46.46509" lon="7.04917" /><trkpt lat="46.46514" lon="7.04904" /><trkpt lat="46.46518" lon="7.04893" /><trkpt lat="46.46522" lon="7.04883" /><trkpt lat="46.46528" lon="7.04872" /><trkpt lat="46.46548" lon="7.04835" /><trkpt lat="46.46559" lon="7.04816" /><trkpt lat="46.46566" lon="7.04804" /><trkpt lat="46.46573" lon="7.04796" /><trkpt lat="46.4658" lon="7.04787" /><trkpt lat="46.46588" lon="7.04779" /><trkpt lat="46.46597" lon="7.04771" /><trkpt lat="46.46622" lon="7.0475" /><trkpt lat="46.46633" lon="7.04741" /><trkpt lat="46.46642" lon="7.04732" /><trkpt lat="46.4665" lon="7.04723" /><trkpt lat="46.46653" lon="7.0472" /><trkpt lat="46.46661" lon="7.0471" /><trkpt lat="46.46668" lon="7.04701" /><trkpt lat="46.46721" lon="7.04627" /><trkpt lat="46.4676" lon="7.04572" /><trkpt lat="46.46767" lon="7.04563" /><trkpt lat="46.46774" lon="7.04555" /><trkpt lat="46.4678" lon="7.04549" /><trkpt lat="46.46785" lon="7.04545" /><trkpt lat="46.4679" lon="7.04542" /><trkpt lat="46.46796" lon="7.04538" /><trkpt lat="46.46803" lon="7.04535" /><trkpt lat="46.4681" lon="7.04532" /><trkpt lat="46.46818" lon="7.04531" /><trkpt lat="46.46823" lon="7.0453" /><trkpt lat="46.46829" lon="7.04529" /><trkpt lat="46.46849" lon="7.04526" /><trkpt lat="46.46908" lon="7.04518" /><trkpt lat="46.46925" lon="7.04514" /><trkpt lat="46.46933" lon="7.04511" /><trkpt lat="46.4694" lon="7.04509" /><trkpt lat="46.47029" lon="7.04477" /><trkpt lat="46.47041" lon="7.04471" /><trkpt lat="46.47052" lon="7.04466" /><trkpt lat="46.47061" lon="7.04461" /><trkpt lat="46.4707" lon="7.04455" /><trkpt lat="46.47081" lon="7.04446" /><trkpt lat="46.47129" lon="7.04406" /><trkpt lat="46.47138" lon="7.04399" /><trkpt lat="46.47146" lon="7.04393" /><trkpt lat="46.47156" lon="7.04388" /><trkpt lat="46.47166" lon="7.04383" /><trkpt lat="46.47175" lon="7.04379" /><trkpt lat="46.47185" lon="7.04375" /><trkpt lat="46.47208" lon="7.04369" /><trkpt lat="46.47216" lon="7.04365" /><trkpt lat="46.47225" lon="7.04362" /><trkpt lat="46.47232" lon="7.04358" /><trkpt lat="46.47237" lon="7.04354" /><trkpt lat="46.47244" lon="7.04349" /><trkpt lat="46.47249" lon="7.04343" /><trkpt lat="46.47253" lon="7.04337" /><trkpt lat="46.47258" lon="7.0433" /><trkpt lat="46.47261" lon="7.04324" /><trkpt lat="46.47264" lon="7.04317" /><trkpt lat="46.47266" lon="7.0431" /><trkpt lat="46.47268" lon="7.04304" /><trkpt lat="46.4727" lon="7.04296" /><trkpt lat="46.47272" lon="7.04286" /><trkpt lat="46.47274" lon="7.04273" /><trkpt lat="46.47274" lon="7.04261" /><trkpt lat="46.47275" lon="7.04232" /><trkpt lat="46.47276" lon="7.04215" /><trkpt lat="46.47276" lon="7.04204" /><trkpt lat="46.47278" lon="7.04195" /><trkpt lat="46.4728" lon="7.04184" /><trkpt lat="46.47282" lon="7.04176" /><trkpt lat="46.47283" lon="7.04169" /><trkpt lat="46.47288" lon="7.04159" /><trkpt lat="46.47294" lon="7.04145" /><trkpt lat="46.47299" lon="7.04134" /><trkpt lat="46.47307" lon="7.04119" /><trkpt lat="46.47315" lon="7.04104" /><trkpt lat="46.47324" lon="7.04091" /><trkpt lat="46.47331" lon="7.04081" /><trkpt lat="46.47337" lon="7.04074" /><trkpt lat="46.47344" lon="7.04068" /><trkpt lat="46.47352" lon="7.04062" /><trkpt lat="46.47366" lon="7.04053" /><trkpt lat="46.47384" lon="7.04043" /><trkpt lat="46.47394" lon="7.04037" /><trkpt lat="46.47401" lon="7.04032" /><trkpt lat="46.47411" lon="7.04022" /><trkpt lat="46.47419" lon="7.04013" /><trkpt lat="46.47425" lon="7.04004" /><trkpt lat="46.47438" lon="7.03981" /><trkpt lat="46.47455" lon="7.0395" /><trkpt lat="46.47463" lon="7.03934" /><trkpt lat="46.47469" lon="7.03921" /><trkpt lat="46.47473" lon="7.0391" /><trkpt lat="46.47476" lon="7.03899" /><trkpt lat="46.47478" lon="7.03888" /><trkpt lat="46.4748" lon="7.03876" /><trkpt lat="46.4748" lon="7.03865" /><trkpt lat="46.4748" lon="7.03855" /><trkpt lat="46.47479" lon="7.03841" /><trkpt lat="46.47476" lon="7.03829" /><trkpt lat="46.47473" lon="7.03818" /><trkpt lat="46.4747" lon="7.03808" /><trkpt lat="46.47451" lon="7.03761" /><trkpt lat="46.47448" lon="7.03751" /><trkpt lat="46.47444" lon="7.03739" /><trkpt lat="46.47442" lon="7.03727" /><trkpt lat="46.4744" lon="7.03715" /><trkpt lat="46.4744" lon="7.03706" /><trkpt lat="46.4744" lon="7.03693" /><trkpt lat="46.47442" lon="7.03681" /><trkpt lat="46.47444" lon="7.0367" /><trkpt lat="46.47447" lon="7.03659" /><trkpt lat="46.47452" lon="7.03645" /><trkpt lat="46.47456" lon="7.03637" /><trkpt lat="46.47461" lon="7.03627" /><trkpt lat="46.47471" lon="7.03612" /><trkpt lat="46.4748" lon="7.036" /><trkpt lat="46.47495" lon="7.03584" /><trkpt lat="46.4751" lon="7.03571" /><trkpt lat="46.47554" lon="7.03534" /><trkpt lat="46.47593" lon="7.03501" /><trkpt lat="46.47614" lon="7.03483" /><trkpt lat="46.47637" lon="7.03467" /><trkpt lat="46.47648" lon="7.03461" /><trkpt lat="46.47657" lon="7.03457" /><trkpt lat="46.47666" lon="7.03454" /><trkpt lat="46.47674" lon="7.03452" /><trkpt lat="46.47684" lon="7.03451" /><trkpt lat="46.47693" lon="7.0345" /><trkpt lat="46.47703" lon="7.03451" /><trkpt lat="46.47712" lon="7.03453" /><trkpt lat="46.47721" lon="7.03455" /><trkpt lat="46.47769" lon="7.03471" /><trkpt lat="46.47783" lon="7.03474" /><trkpt lat="46.47791" lon="7.03475" /><trkpt lat="46.47799" lon="7.03476" /><trkpt lat="46.4783" lon="7.03479" /><trkpt lat="46.47849" lon="7.03481" /><trkpt lat="46.47858" lon="7.03483" /><trkpt lat="46.47867" lon="7.03485" /><trkpt lat="46.47879" lon="7.03489" /><trkpt lat="46.47888" lon="7.03494" /><trkpt lat="46.47897" lon="7.03499" /><trkpt lat="46.47909" lon="7.03508" /><trkpt lat="46.47917" lon="7.03514" /><trkpt lat="46.47923" lon="7.0352" /><trkpt lat="46.4808" lon="7.03697" /><trkpt lat="46.48099" lon="7.03719" /><trkpt lat="46.48113" lon="7.03733" /><trkpt lat="46.48122" lon="7.03742" /><trkpt lat="46.48132" lon="7.03748" /><trkpt lat="46.48143" lon="7.03755" /><trkpt lat="46.48153" lon="7.0376" /><trkpt lat="46.48163" lon="7.03764" /><trkpt lat="46.48172" lon="7.03766" /><trkpt lat="46.48183" lon="7.03769" /><trkpt lat="46.48203" lon="7.03774" /><trkpt lat="46.48214" lon="7.03777" /><trkpt lat="46.48227" lon="7.03782" /><trkpt lat="46.48235" lon="7.03786" /><trkpt lat="46.48244" lon="7.03791" /><trkpt lat="46.48252" lon="7.03797" /><trkpt lat="46.48259" lon="7.03802" /><trkpt lat="46.48266" lon="7.03809" /><trkpt lat="46.48272" lon="7.03816" /><trkpt lat="46.4828" lon="7.03824" /><trkpt lat="46.48284" lon="7.0383" /><trkpt lat="46.4829" lon="7.03839" /><trkpt lat="46.48295" lon="7.03848" /><trkpt lat="46.48305" lon="7.03866" /><trkpt lat="46.48326" lon="7.03908" /><trkpt lat="46.48336" lon="7.03929" /><trkpt lat="46.48342" lon="7.03941" /><trkpt lat="46.4835" lon="7.03961" /><trkpt lat="46.48358" lon="7.03979" /><trkpt lat="46.48365" lon="7.03994" /><trkpt lat="46.48372" lon="7.04006" /><trkpt lat="46.48377" lon="7.04016" /><trkpt lat="46.48385" lon="7.04029" /><trkpt lat="46.48391" lon="7.04039" /><trkpt lat="46.48396" lon="7.04046" /><trkpt lat="46.48402" lon="7.04054" /><trkpt lat="46.48409" lon="7.04064" /><trkpt lat="46.4849" lon="7.04166" /><trkpt lat="46.48544" lon="7.04234" /><trkpt lat="46.48554" lon="7.04246" /><trkpt lat="46.48565" lon="7.0426" /><trkpt lat="46.48567" lon="7.04262" /><trkpt lat="46.48575" lon="7.0427" /><trkpt lat="46.48587" lon="7.04281" /><trkpt lat="46.48593" lon="7.04285" /><trkpt lat="46.48599" lon="7.04289" /><trkpt lat="46.48606" lon="7.04293" /><trkpt lat="46.48612" lon="7.04296" /><trkpt lat="46.48616" lon="7.04298" /><trkpt lat="46.48625" lon="7.04301" /><trkpt lat="46.48631" lon="7.04304" /><trkpt lat="46.4864" lon="7.04307" /><trkpt lat="46.48649" lon="7.0431" /><trkpt lat="46.48655" lon="7.04312" /><trkpt lat="46.4866" lon="7.04313" /><trkpt lat="46.48668" lon="7.04315" /><trkpt lat="46.48673" lon="7.04316" /><trkpt lat="46.48678" lon="7.04316" /><trkpt lat="46.48686" lon="7.04317" /><trkpt lat="46.48695" lon="7.04317" /><trkpt lat="46.48706" lon="7.04316" /><trkpt lat="46.48734" lon="7.04315" /><trkpt lat="46.48783" lon="7.04313" /><trkpt lat="46.48798" lon="7.0431" /><trkpt lat="46.4881" lon="7.04305" /><trkpt lat="46.48831" lon="7.0429" /><trkpt lat="46.48964" lon="7.04201" /><trkpt lat="46.49009" lon="7.04171" /><trkpt lat="46.49018" lon="7.04164" /><trkpt lat="46.49026" lon="7.04156" /><trkpt lat="46.49029" lon="7.04151" /><trkpt lat="46.49034" lon="7.04144" /><trkpt lat="46.49042" lon="7.04132" /><trkpt lat="46.49064" lon="7.04096" /><trkpt lat="46.49072" lon="7.04085" /><trkpt lat="46.49078" lon="7.04075" /><trkpt lat="46.49084" lon="7.04066" /><trkpt lat="46.49087" lon="7.04061" /><trkpt lat="46.49092" lon="7.04055" /><trkpt lat="46.49096" lon="7.04051" /><trkpt lat="46.49098" lon="7.04048" /><trkpt lat="46.491" lon="7.04047" /><trkpt lat="46.49104" lon="7.04044" /><trkpt lat="46.49108" lon="7.04041" /><trkpt lat="46.49113" lon="7.04039" /><trkpt lat="46.49118" lon="7.04037" /><trkpt lat="46.49121" lon="7.04036" /><trkpt lat="46.49125" lon="7.04035" /><trkpt lat="46.4913" lon="7.04035" /><trkpt lat="46.49133" lon="7.04035" /><trkpt lat="46.49137" lon="7.04035" /><trkpt lat="46.4914" lon="7.04036" /><trkpt lat="46.49143" lon="7.04037" /><trkpt lat="46.49147" lon="7.04038" /><trkpt lat="46.4915" lon="7.04039" /><trkpt lat="46.49152" lon="7.0404" /><trkpt lat="46.49155" lon="7.04042" /><trkpt lat="46.49159" lon="7.04044" /><trkpt lat="46.49162" lon="7.04047" /><trkpt lat="46.49165" lon="7.0405" /><trkpt lat="46.49168" lon="7.04053" /><trkpt lat="46.49171" lon="7.04056" /><trkpt lat="46.49173" lon="7.04059" /><trkpt lat="46.49175" lon="7.04062" /><trkpt lat="46.49178" lon="7.04066" /><trkpt lat="46.49181" lon="7.04072" /><trkpt lat="46.49184" lon="7.04078" /><trkpt lat="46.49187" lon="7.04084" /><trkpt lat="46.4919" lon="7.04092" /><trkpt lat="46.49194" lon="7.04106" /><trkpt lat="46.49201" lon="7.04126" /><trkpt lat="46.49204" lon="7.04135" /><trkpt lat="46.49206" lon="7.04142" /><trkpt lat="46.49209" lon="7.04149" /><trkpt lat="46.49211" lon="7.04154" /><trkpt lat="46.49213" lon="7.04158" /><trkpt lat="46.49215" lon="7.04162" /><trkpt lat="46.49218" lon="7.04166" /><trkpt lat="46.49221" lon="7.0417" /><trkpt lat="46.49224" lon="7.04174" /><trkpt lat="46.49226" lon="7.04177" /><trkpt lat="46.49229" lon="7.0418" /><trkpt lat="46.49232" lon="7.04182" /><trkpt lat="46.49235" lon="7.04184" /><trkpt lat="46.49239" lon="7.04186" /><trkpt lat="46.49243" lon="7.04188" /><trkpt lat="46.49247" lon="7.04189" /><trkpt lat="46.4925" lon="7.0419" /><trkpt lat="46.49254" lon="7.04191" /><trkpt lat="46.49258" lon="7.04191" /><trkpt lat="46.49261" lon="7.0419" /><trkpt lat="46.49265" lon="7.0419" /><trkpt lat="46.49268" lon="7.04189" /><trkpt lat="46.49272" lon="7.04187" /><trkpt lat="46.49276" lon="7.04185" /><trkpt lat="46.49279" lon="7.04183" /><trkpt lat="46.49283" lon="7.0418" /><trkpt lat="46.49287" lon="7.04177" /><trkpt lat="46.4929" lon="7.04172" /><trkpt lat="46.49294" lon="7.04168" /><trkpt lat="46.49296" lon="7.04165" /><trkpt lat="46.49299" lon="7.0416" /><trkpt lat="46.493" lon="7.04157" /><trkpt lat="46.49302" lon="7.04153" /><trkpt lat="46.49304" lon="7.04148" /><trkpt lat="46.49306" lon="7.04143" /><trkpt lat="46.49307" lon="7.04136" /><trkpt lat="46.49309" lon="7.04128" /><trkpt lat="46.49309" lon="7.0412" /><trkpt lat="46.4931" lon="7.04117" /><trkpt lat="46.4931" lon="7.04113" /><trkpt lat="46.4931" lon="7.04107" /><trkpt lat="46.49309" lon="7.04102" /><trkpt lat="46.49308" lon="7.04095" /><trkpt lat="46.49307" lon="7.0409" /><trkpt lat="46.49306" lon="7.04086" /><trkpt lat="46.49305" lon="7.0408" /><trkpt lat="46.49303" lon="7.04076" /><trkpt lat="46.49302" lon="7.04072" /><trkpt lat="46.493" lon="7.04068" /><trkpt lat="46.49297" lon="7.04064" /><trkpt lat="46.49295" lon="7.0406" /><trkpt lat="46.49293" lon="7.04057" /><trkpt lat="46.4929" lon="7.04053" /><trkpt lat="46.49287" lon="7.0405" /><trkpt lat="46.49284" lon="7.04047" /><trkpt lat="46.4928" lon="7.04044" /><trkpt lat="46.49275" lon="7.04041" /><trkpt lat="46.49269" lon="7.04038" /><trkpt lat="46.49262" lon="7.04035" /><trkpt lat="46.4925" lon="7.04032" /><trkpt lat="46.49237" lon="7.04027" /><trkpt lat="46.49228" lon="7.04024" /><trkpt lat="46.49222" lon="7.04022" /><trkpt lat="46.49217" lon="7.04019" /><trkpt lat="46.49211" lon="7.04015" /><trkpt lat="46.49207" lon="7.04011" /><trkpt lat="46.49201" lon="7.04007" /><trkpt lat="46.49195" lon="7.04001" /><trkpt lat="46.49171" lon="7.03975" /><trkpt lat="46.49164" lon="7.03967" /><trkpt lat="46.49156" lon="7.03957" /><trkpt lat="46.49149" lon="7.03945" /><trkpt lat="46.49144" lon="7.03935" /><trkpt lat="46.4914" lon="7.03926" /><trkpt lat="46.49134" lon="7.03912" /><trkpt lat="46.4913" lon="7.03899" /><trkpt lat="46.49124" lon="7.03881" /><trkpt lat="46.49116" lon="7.03862" /><trkpt lat="46.49111" lon="7.03848" /><trkpt lat="46.49101" lon="7.03827" /><trkpt lat="46.49096" lon="7.03815" /><trkpt lat="46.49094" lon="7.03808" /><trkpt lat="46.49092" lon="7.03801" /><trkpt lat="46.4909" lon="7.03793" /><trkpt lat="46.49089" lon="7.03786" /><trkpt lat="46.49089" lon="7.03779" /><trkpt lat="46.49088" lon="7.03771" /><trkpt lat="46.49088" lon="7.03762" /><trkpt lat="46.49089" lon="7.03751" /><trkpt lat="46.4909" lon="7.0374" /><trkpt lat="46.49093" lon="7.03724" /><trkpt lat="46.49095" lon="7.03712" /><trkpt lat="46.49097" lon="7.03704" /><trkpt lat="46.491" lon="7.03696" /><trkpt lat="46.49102" lon="7.03689" /><trkpt lat="46.49105" lon="7.03683" /><trkpt lat="46.49109" lon="7.03677" /><trkpt lat="46.49113" lon="7.03672" /><trkpt lat="46.49117" lon="7.03667" /><trkpt lat="46.49122" lon="7.03662" /><trkpt lat="46.49126" lon="7.0366" /><trkpt lat="46.4913" lon="7.03657" /><trkpt lat="46.49135" lon="7.03655" /><trkpt lat="46.49142" lon="7.03653" /><trkpt lat="46.4915" lon="7.03651" /><trkpt lat="46.49164" lon="7.03649" /><trkpt lat="46.49174" lon="7.03646" /><trkpt lat="46.49179" lon="7.03644" /><trkpt lat="46.49185" lon="7.03641" /><trkpt lat="46.49191" lon="7.03637" /><trkpt lat="46.49196" lon="7.03633" /><trkpt lat="46.492" lon="7.03629" /><trkpt lat="46.49205" lon="7.03622" /><trkpt lat="46.49209" lon="7.03615" /><trkpt lat="46.49213" lon="7.03606" /><trkpt lat="46.49216" lon="7.03599" /><trkpt lat="46.49219" lon="7.03589" /><trkpt lat="46.49221" lon="7.0358" /><trkpt lat="46.49222" lon="7.03573" /><trkpt lat="46.49222" lon="7.03567" /><trkpt lat="46.49223" lon="7.03559" /><trkpt lat="46.49223" lon="7.03551" /><trkpt lat="46.49222" lon="7.03544" /><trkpt lat="46.4922" lon="7.03532" /><trkpt lat="46.49219" lon="7.03524" /><trkpt lat="46.49217" lon="7.0352" /><trkpt lat="46.49215" lon="7.03514" /><trkpt lat="46.49213" lon="7.0351" /><trkpt lat="46.4921" lon="7.03505" /><trkpt lat="46.49208" lon="7.03502" /><trkpt lat="46.49205" lon="7.03498" /><trkpt lat="46.492" lon="7.03493" /><trkpt lat="46.49194" lon="7.03486" /><trkpt lat="46.49186" lon="7.03478" /><trkpt lat="46.49154" lon="7.03446" /><trkpt lat="46.49133" lon="7.03424" /><trkpt lat="46.49128" lon="7.03419" /><trkpt lat="46.49123" lon="7.03414" /><trkpt lat="46.49119" lon="7.03409" /><trkpt lat="46.49115" lon="7.03405" /><trkpt lat="46.49112" lon="7.034" /><trkpt lat="46.49109" lon="7.03396" /><trkpt lat="46.49106" lon="7.0339" /><trkpt lat="46.49103" lon="7.03385" /><trkpt lat="46.491" lon="7.03379" /><trkpt lat="46.49098" lon="7.03373" /><trkpt lat="46.49096" lon="7.03368" /><trkpt lat="46.49094" lon="7.03361" /><trkpt lat="46.49093" lon="7.03354" /><trkpt lat="46.49091" lon="7.03347" /><trkpt lat="46.4909" lon="7.0334" /><trkpt lat="46.49088" lon="7.03324" /><trkpt lat="46.49086" lon="7.03298" /><trkpt lat="46.49081" lon="7.03258" /><trkpt lat="46.49077" lon="7.03212" /><trkpt lat="46.49075" lon="7.03194" /><trkpt lat="46.49073" lon="7.03178" /><trkpt lat="46.49072" lon="7.0317" /><trkpt lat="46.4907" lon="7.03161" /><trkpt lat="46.49068" lon="7.03152" /><trkpt lat="46.49065" lon="7.0314" /><trkpt lat="46.49059" lon="7.03121" /><trkpt lat="46.49045" lon="7.03083" /><trkpt lat="46.49027" lon="7.03034" /><trkpt lat="46.49011" lon="7.02979" /><trkpt lat="46.49003" lon="7.02949" /><trkpt lat="46.48998" lon="7.02928" /><trkpt lat="46.48996" lon="7.02914" /><trkpt lat="46.48994" lon="7.029" /><trkpt lat="46.48993" lon="7.02883" /><trkpt lat="46.48992" lon="7.02869" /><trkpt lat="46.48992" lon="7.02827" /><trkpt lat="46.48991" lon="7.02809" /><trkpt lat="46.48988" lon="7.02793" /><trkpt lat="46.48985" lon="7.02778" /><trkpt lat="46.48979" lon="7.02758" /><trkpt lat="46.48971" lon="7.02737" /><trkpt lat="46.48958" lon="7.02712" /><trkpt lat="46.48924" lon="7.02646" /><trkpt lat="46.48907" lon="7.02614" /><trkpt lat="46.48889" lon="7.02586" /><trkpt lat="46.48837" lon="7.0251" /><trkpt lat="46.4881" lon="7.02471" /><trkpt lat="46.488" lon="7.02456" /><trkpt lat="46.48792" lon="7.0244" /><trkpt lat="46.48786" lon="7.02424" /><trkpt lat="46.48779" lon="7.02403" /><trkpt lat="46.48772" lon="7.02376" /><trkpt lat="46.48766" lon="7.02361" /><trkpt lat="46.48759" lon="7.02346" /><trkpt lat="46.48748" lon="7.02329" /><trkpt lat="46.48712" lon="7.02278" /><trkpt lat="46.48699" lon="7.02261" /><trkpt lat="46.4867" lon="7.0223" /><trkpt lat="46.48631" lon="7.0219" /><trkpt lat="46.4862" lon="7.02176" /><trkpt lat="46.48612" lon="7.02163" /><trkpt lat="46.48604" lon="7.02148" /><trkpt lat="46.48595" lon="7.02127" /><trkpt lat="46.48584" lon="7.02096" /><trkpt lat="46.48573" lon="7.02066" /><trkpt lat="46.48565" lon="7.02044" /><trkpt lat="46.48556" lon="7.02027" /><trkpt lat="46.48545" lon="7.0201" /><trkpt lat="46.48529" lon="7.01985" /><trkpt lat="46.48521" lon="7.01971" /><trkpt lat="46.48515" lon="7.01955" /><trkpt lat="46.48509" lon="7.01938" /><trkpt lat="46.48504" lon="7.01913" /><trkpt lat="46.48498" lon="7.0188" /><trkpt lat="46.48492" lon="7.01858" /><trkpt lat="46.48486" lon="7.01841" /><trkpt lat="46.48477" lon="7.01824" /><trkpt lat="46.48468" lon="7.01811" /><trkpt lat="46.48459" lon="7.01799" /><trkpt lat="46.48449" lon="7.01789" /><trkpt lat="46.48439" lon="7.01781" /><trkpt lat="46.48425" lon="7.01773" /><trkpt lat="46.48414" lon="7.01768" /><trkpt lat="46.48404" lon="7.01764" /><trkpt lat="46.48374" lon="7.01758" /><trkpt lat="46.48365" lon="7.01757" /><trkpt lat="46.48355" lon="7.01755" /><trkpt lat="46.48347" lon="7.01752" /><trkpt lat="46.4834" lon="7.01748" /><trkpt lat="46.48331" lon="7.01743" /><trkpt lat="46.48324" lon="7.01738" /><trkpt lat="46.48315" lon="7.0173" /><trkpt lat="46.48302" lon="7.01715" /><trkpt lat="46.48291" lon="7.01702" /><trkpt lat="46.48282" lon="7.01691" /><trkpt lat="46.48273" lon="7.01682" /><trkpt lat="46.4827" lon="7.0168" /><trkpt lat="46.48265" lon="7.01677" /><trkpt lat="46.4826" lon="7.01674" /><trkpt lat="46.48255" lon="7.01673" /><trkpt lat="46.4825" lon="7.01672" /><trkpt lat="46.48247" lon="7.01671" /><trkpt lat="46.48241" lon="7.01671" /><trkpt lat="46.48234" lon="7.01672" /><trkpt lat="46.4822" lon="7.01675" /><trkpt lat="46.48211" lon="7.01677" /><trkpt lat="46.48205" lon="7.01678" /><trkpt lat="46.482" lon="7.01678" /><trkpt lat="46.48196" lon="7.01678" /><trkpt lat="46.48191" lon="7.01677" /><trkpt lat="46.48187" lon="7.01675" /><trkpt lat="46.48183" lon="7.01674" /><trkpt lat="46.48178" lon="7.01671" /><trkpt lat="46.48171" lon="7.01667" /><trkpt lat="46.4815" lon="7.01652" /><trkpt lat="46.48143" lon="7.01647" /><trkpt lat="46.48136" lon="7.01642" /><trkpt lat="46.48128" lon="7.01638" /><trkpt lat="46.48112" lon="7.01633" /><trkpt lat="46.48063" lon="7.01621" /><trkpt lat="46.48054" lon="7.01618" /><trkpt lat="46.48048" lon="7.01615" /><trkpt lat="46.48041" lon="7.01612" /><trkpt lat="46.48035" lon="7.01608" /><trkpt lat="46.48028" lon="7.01603" /><trkpt lat="46.48" lon="7.01579" /><trkpt lat="46.47993" lon="7.01573" /><trkpt lat="46.47986" lon="7.01567" /><trkpt lat="46.4798" lon="7.01564" /><trkpt lat="46.47975" lon="7.01562" /><trkpt lat="46.47969" lon="7.01559" /><trkpt lat="46.47961" lon="7.01557" /><trkpt lat="46.47953" lon="7.01556" /><trkpt lat="46.47885" lon="7.01548" /><trkpt lat="46.47791" lon="7.01538" /><trkpt lat="46.4777" lon="7.01536" /><trkpt lat="46.47745" lon="7.01534" /><trkpt lat="46.47701" lon="7.01533" /><trkpt lat="46.47692" lon="7.01533" /><trkpt lat="46.47682" lon="7.01532" /><trkpt lat="46.47673" lon="7.01531" /><trkpt lat="46.47663" lon="7.01529" /><trkpt lat="46.47654" lon="7.01527" /><trkpt lat="46.47645" lon="7.01525" /><trkpt lat="46.47636" lon="7.01521" /><trkpt lat="46.47629" lon="7.01518" /><trkpt lat="46.4762" lon="7.01514" /><trkpt lat="46.47611" lon="7.01509" /><trkpt lat="46.47603" lon="7.01504" /><trkpt lat="46.47594" lon="7.01498" /><trkpt lat="46.47586" lon="7.01492" /><trkpt lat="46.47578" lon="7.01485" /><trkpt lat="46.4757" lon="7.01478" /><trkpt lat="46.47562" lon="7.0147" /><trkpt lat="46.47555" lon="7.01462" /><trkpt lat="46.47548" lon="7.01454" /><trkpt lat="46.47542" lon="7.01445" /><trkpt lat="46.47535" lon="7.01435" /><trkpt lat="46.47524" lon="7.01417" /><trkpt lat="46.47515" lon="7.01401" /><trkpt lat="46.4751" lon="7.01392" /><trkpt lat="46.47505" lon="7.01384" /><trkpt lat="46.47499" lon="7.01377" /><trkpt lat="46.47493" lon="7.01371" /><trkpt lat="46.47488" lon="7.01367" /><trkpt lat="46.47483" lon="7.01363" /><trkpt lat="46.47476" lon="7.01359" /><trkpt lat="46.4747" lon="7.01356" /><trkpt lat="46.47462" lon="7.01352" /><trkpt lat="46.47454" lon="7.01349" /><trkpt lat="46.47441" lon="7.01345" /><trkpt lat="46.47432" lon="7.01342" /><trkpt lat="46.47423" lon="7.01338" /><trkpt lat="46.47417" lon="7.01334" /><trkpt lat="46.47409" lon="7.0133" /><trkpt lat="46.474" lon="7.01323" /><trkpt lat="46.47368" lon="7.01298" /><trkpt lat="46.4735" lon="7.01285" /><trkpt lat="46.47337" lon="7.01274" /><trkpt lat="46.47325" lon="7.01265" /><trkpt lat="46.47279" lon="7.01222" /><trkpt lat="46.47265" lon="7.01209" /><trkpt lat="46.47251" lon="7.01195" /><trkpt lat="46.47237" lon="7.0118" /><trkpt lat="46.47126" lon="7.01053" /><trkpt lat="46.4712" lon="7.01046" /><trkpt lat="46.47113" lon="7.01038" /><trkpt lat="46.47106" lon="7.01029" /><trkpt lat="46.47102" lon="7.01021" /><trkpt lat="46.47095" lon="7.01008" /><trkpt lat="46.47082" lon="7.00983" /><trkpt lat="46.47076" lon="7.00971" /><trkpt lat="46.47072" lon="7.00961" /><trkpt lat="46.47068" lon="7.00951" /><trkpt lat="46.47065" lon="7.00941" /><trkpt lat="46.4706" lon="7.00925" /><trkpt lat="46.47052" lon="7.00896" /><trkpt lat="46.47048" lon="7.00883" /><trkpt lat="46.47044" lon="7.00874" /><trkpt lat="46.4704" lon="7.00865" /><trkpt lat="46.47037" lon="7.00858" /><trkpt lat="46.47032" lon="7.0085" /><trkpt lat="46.47028" lon="7.00842" /><trkpt lat="46.47024" lon="7.00837" /><trkpt lat="46.4702" lon="7.00832" /><trkpt lat="46.47015" lon="7.00826" /><trkpt lat="46.47009" lon="7.00819" /><trkpt lat="46.46981" lon="7.00794" /><trkpt lat="46.46933" lon="7.00748" /><trkpt lat="46.46925" lon="7.00741" /><trkpt lat="46.46918" lon="7.00736" /><trkpt lat="46.46911" lon="7.00731" /><trkpt lat="46.46906" lon="7.00728" /><trkpt lat="46.46892" lon="7.00722" /><trkpt lat="46.46859" lon="7.00711" /><trkpt lat="46.4685" lon="7.00707" /><trkpt lat="46.46842" lon="7.00703" /><trkpt lat="46.46834" lon="7.00697" /><trkpt lat="46.46825" lon="7.00691" /><trkpt lat="46.4681" lon="7.0068" /><trkpt lat="46.46791" lon="7.00664" /><trkpt lat="46.46778" lon="7.00654" /><trkpt lat="46.4677" lon="7.00649" /><trkpt lat="46.46761" lon="7.00644" /><trkpt lat="46.46745" lon="7.00636" /><trkpt lat="46.46733" lon="7.00629" /><trkpt lat="46.46724" lon="7.00623" /><trkpt lat="46.46717" lon="7.00618" /><trkpt lat="46.4671" lon="7.00612" /><trkpt lat="46.46703" lon="7.00605" /><trkpt lat="46.46678" lon="7.0058" /><trkpt lat="46.46663" lon="7.00564" /><trkpt lat="46.46652" lon="7.00555" /><trkpt lat="46.46641" lon="7.00545" /><trkpt lat="46.4663" lon="7.00536" /><trkpt lat="46.46618" lon="7.00527" /><trkpt lat="46.46558" lon="7.00488" /><trkpt lat="46.4655" lon="7.00483" /><trkpt lat="46.46545" lon="7.00478" /><trkpt lat="46.46539" lon="7.00473" /><trkpt lat="46.46533" lon="7.00466" /><trkpt lat="46.46524" lon="7.00455" /><trkpt lat="46.46482" lon="7.00391" /><trkpt lat="46.46465" lon="7.00367" /><trkpt lat="46.46458" lon="7.00358" /><trkpt lat="46.46452" lon="7.00349" /><trkpt lat="46.46446" lon="7.00344" /><trkpt lat="46.4644" lon="7.00339" /><trkpt lat="46.46433" lon="7.00335" /><trkpt lat="46.46426" lon="7.00331" /><trkpt lat="46.46419" lon="7.00329" /><trkpt lat="46.46412" lon="7.00328" /><trkpt lat="46.46403" lon="7.00327" /><trkpt lat="46.46394" lon="7.00328" /><trkpt lat="46.46381" lon="7.00331" /><trkpt lat="46.46352" lon="7.00339" /><trkpt lat="46.46344" lon="7.00342" /><trkpt lat="46.46336" lon="7.00343" /><trkpt lat="46.46328" lon="7.00344" /><trkpt lat="46.46321" lon="7.00343" /><trkpt lat="46.46316" lon="7.00342" /><trkpt lat="46.46311" lon="7.00341" /><trkpt lat="46.46305" lon="7.00338" /><trkpt lat="46.46299" lon="7.00335" /><trkpt lat="46.46294" lon="7.00331" /><trkpt lat="46.46287" lon="7.00326" /><trkpt lat="46.46279" lon="7.00317" /><trkpt lat="46.46266" lon="7.00302" /><trkpt lat="46.46257" lon="7.00292" /><trkpt lat="46.46249" lon="7.00286" /><trkpt lat="46.46238" lon="7.00279" /><trkpt lat="46.46216" lon="7.00267" /><trkpt lat="46.46202" lon="7.0026" /><trkpt lat="46.4619" lon="7.00254" /><trkpt lat="46.4618" lon="7.0025" /><trkpt lat="46.46169" lon="7.00246" /><trkpt lat="46.46146" lon="7.00239" /><trkpt lat="46.46136" lon="7.00236" /><trkpt lat="46.46129" lon="7.00234" /><trkpt lat="46.46122" lon="7.0023" /><trkpt lat="46.46116" lon="7.00226" /><trkpt lat="46.46109" lon="7.0022" /><trkpt lat="46.46085" lon="7.00198" /><trkpt lat="46.46077" lon="7.00191" /><trkpt lat="46.4607" lon="7.00186" /><trkpt lat="46.46065" lon="7.00183" /><trkpt lat="46.46058" lon="7.00179" /><trkpt lat="46.4605" lon="7.00176" /><trkpt lat="46.46043" lon="7.00174" /><trkpt lat="46.46028" lon="7.00171" /><trkpt lat="46.46022" lon="7.00169" /><trkpt lat="46.46015" lon="7.00167" /><trkpt lat="46.46008" lon="7.00163" /><trkpt lat="46.46001" lon="7.00159" /><trkpt lat="46.45933" lon="7.00116" /><trkpt lat="46.45925" lon="7.0011" /><trkpt lat="46.45919" lon="7.00104" /><trkpt lat="46.45913" lon="7.00099" /><trkpt lat="46.45909" lon="7.00093" /><trkpt lat="46.45902" lon="7.00082" /><trkpt lat="46.45894" lon="7.00067" /><trkpt lat="46.45884" lon="7.0005" /><trkpt lat="46.45878" lon="7.0004" /><trkpt lat="46.4587" lon="7.0003" /><trkpt lat="46.45862" lon="7.00021" /><trkpt lat="46.45852" lon="7.00012" /><trkpt lat="46.45762" lon="6.99934" /><trkpt lat="46.45723" lon="6.99901" /><trkpt lat="46.45695" lon="6.99879" /><trkpt lat="46.45684" lon="6.99871" /><trkpt lat="46.45677" lon="6.99866" /><trkpt lat="46.4566" lon="6.99855" /><trkpt lat="46.456" lon="6.99813" /><trkpt lat="46.45596" lon="6.9981" /><trkpt lat="46.45592" lon="6.99807" /><trkpt lat="46.45589" lon="6.99805" /><trkpt lat="46.45584" lon="6.998" /><trkpt lat="46.45579" lon="6.99795" /><trkpt lat="46.45575" lon="6.9979" /><trkpt lat="46.4557" lon="6.99783" /><trkpt lat="46.45567" lon="6.99777" /><trkpt lat="46.45564" lon="6.99772" /><trkpt lat="46.45562" lon="6.99766" /><trkpt lat="46.4556" lon="6.99761" /><trkpt lat="46.45558" lon="6.99754" /><trkpt lat="46.45556" lon="6.99749" /><trkpt lat="46.45555" lon="6.99742" /><trkpt lat="46.45554" lon="6.99735" /><trkpt lat="46.45553" lon="6.99729" /><trkpt lat="46.45553" lon="6.99722" /><trkpt lat="46.45552" lon="6.99695" /><trkpt lat="46.45486" lon="6.97497" /><trkpt lat="46.45486" lon="6.97497" /><trkpt lat="46.45486" lon="6.97497" /><trkpt lat="46.45458" lon="6.96577" /><trkpt lat="46.45458" lon="6.96552" /><trkpt lat="46.45458" lon="6.96547" /><trkpt lat="46.45458" lon="6.9654" /><trkpt lat="46.45457" lon="6.9652" /><trkpt lat="46.45456" lon="6.9649" /><trkpt lat="46.45454" lon="6.96436" /><trkpt lat="46.45454" lon="6.96418" /><trkpt lat="46.45455" lon="6.96402" /><trkpt lat="46.45458" lon="6.96336" /><trkpt lat="46.45459" lon="6.96321" /><trkpt lat="46.4546" lon="6.96304" /><trkpt lat="46.4546" lon="6.96267" /><trkpt lat="46.45461" lon="6.96236" /><trkpt lat="46.4546" lon="6.96219" /><trkpt lat="46.4546" lon="6.96206" /><trkpt lat="46.45459" lon="6.96194" /><trkpt lat="46.45454" lon="6.96145" /><trkpt lat="46.45452" lon="6.96123" /><trkpt lat="46.4545" lon="6.96109" /><trkpt lat="46.45444" lon="6.96083" /><trkpt lat="46.45442" lon="6.9607" /><trkpt lat="46.45441" lon="6.9606" /><trkpt lat="46.45439" lon="6.96045" /><trkpt lat="46.45438" lon="6.96017" /><trkpt lat="46.45438" lon="6.95999" /><trkpt lat="46.45437" lon="6.95974" /><trkpt lat="46.45436" lon="6.95961" /><trkpt lat="46.45434" lon="6.95947" /><trkpt lat="46.45429" lon="6.95922" /><trkpt lat="46.45418" lon="6.95866" /><trkpt lat="46.45416" lon="6.95856" /><trkpt lat="46.45412" lon="6.95845" /><trkpt lat="46.45409" lon="6.95837" /><trkpt lat="46.45395" lon="6.95803" /><trkpt lat="46.45392" lon="6.95793" /><trkpt lat="46.45389" lon="6.95781" /><trkpt lat="46.45387" lon="6.95772" /><trkpt lat="46.45386" lon="6.95762" /><trkpt lat="46.45386" lon="6.95752" /><trkpt lat="46.45384" lon="6.95708" /><trkpt lat="46.45379" lon="6.95623" /><trkpt lat="46.45374" lon="6.95558" /><trkpt lat="46.45374" lon="6.95545" /><trkpt lat="46.45373" lon="6.9553" /><trkpt lat="46.45373" lon="6.95517" /><trkpt lat="46.45374" lon="6.95471" /><trkpt lat="46.45374" lon="6.95457" /><trkpt lat="46.45375" lon="6.95446" /><trkpt lat="46.45375" lon="6.95432" /><trkpt lat="46.45374" lon="6.95417" /><trkpt lat="46.45373" lon="6.95405" /><trkpt lat="46.4537" lon="6.9539" /><trkpt lat="46.45365" lon="6.95364" /><trkpt lat="46.45361" lon="6.95348" /><trkpt lat="46.4536" lon="6.95339" /><trkpt lat="46.45358" lon="6.95328" /><trkpt lat="46.45358" lon="6.9532" /><trkpt lat="46.45357" lon="6.95307" /><trkpt lat="46.45356" lon="6.95256" /><trkpt lat="46.45355" lon="6.95243" /><trkpt lat="46.45355" lon="6.9523" /><trkpt lat="46.45354" lon="6.95218" /><trkpt lat="46.45352" lon="6.95207" /><trkpt lat="46.45351" lon="6.95199" /><trkpt lat="46.45349" lon="6.95191" /><trkpt lat="46.45347" lon="6.95181" /><trkpt lat="46.45344" lon="6.95171" /><trkpt lat="46.4534" lon="6.9516" /><trkpt lat="46.45336" lon="6.95151" /><trkpt lat="46.4533" lon="6.95138" /><trkpt lat="46.45318" lon="6.95119" /><trkpt lat="46.45313" lon="6.95107" /><trkpt lat="46.45308" lon="6.95099" /><trkpt lat="46.45303" lon="6.95091" /><trkpt lat="46.453" lon="6.95083" /><trkpt lat="46.45297" lon="6.95078" /><trkpt lat="46.45295" lon="6.95071" /><trkpt lat="46.45292" lon="6.95061" /><trkpt lat="46.45289" lon="6.9505" /><trkpt lat="46.45284" lon="6.95027" /><trkpt lat="46.45282" lon="6.95018" /><trkpt lat="46.45281" lon="6.95012" /><trkpt lat="46.45278" lon="6.95004" /><trkpt lat="46.45272" lon="6.94989" /><trkpt lat="46.45268" lon="6.94978" /><trkpt lat="46.45264" lon="6.94967" /><trkpt lat="46.4526" lon="6.94955" /><trkpt lat="46.45243" lon="6.94896" /><trkpt lat="46.45236" lon="6.94872" /><trkpt lat="46.45234" lon="6.94863" /><trkpt lat="46.45232" lon="6.94855" /><trkpt lat="46.45231" lon="6.94848" /><trkpt lat="46.45231" lon="6.94842" /><trkpt lat="46.45231" lon="6.94835" /><trkpt lat="46.45231" lon="6.94828" /><trkpt lat="46.45231" lon="6.94822" /><trkpt lat="46.45232" lon="6.94814" /><trkpt lat="46.45234" lon="6.94807" /><trkpt lat="46.45236" lon="6.948" /><trkpt lat="46.45238" lon="6.94792" /><trkpt lat="46.4524" lon="6.94787" /><trkpt lat="46.45243" lon="6.94781" /><trkpt lat="46.45246" lon="6.94776" /><trkpt lat="46.45249" lon="6.94771" /><trkpt lat="46.45253" lon="6.94767" /><trkpt lat="46.45257" lon="6.94761" /><trkpt lat="46.45262" lon="6.94756" /><trkpt lat="46.45272" lon="6.94748" /><trkpt lat="46.45281" lon="6.94739" /><trkpt lat="46.45287" lon="6.94733" /><trkpt lat="46.45292" lon="6.94727" /><trkpt lat="46.45296" lon="6.9472" /><trkpt lat="46.45299" lon="6.94714" /><trkpt lat="46.45302" lon="6.94707" /><trkpt lat="46.45305" lon="6.94698" /><trkpt lat="46.45309" lon="6.94683" /><trkpt lat="46.45315" lon="6.94659" /><trkpt lat="46.45318" lon="6.94648" /><trkpt lat="46.45321" lon="6.94635" /><trkpt lat="46.45327" lon="6.94622" /><trkpt lat="46.45337" lon="6.946" /><trkpt lat="46.45403" lon="6.94466" /><trkpt lat="46.45405" lon="6.9446" /><trkpt lat="46.45408" lon="6.94453" /><trkpt lat="46.45409" lon="6.94445" /><trkpt lat="46.4541" lon="6.94439" /><trkpt lat="46.45411" lon="6.94433" /><trkpt lat="46.45411" lon="6.94428" /><trkpt lat="46.45411" lon="6.94422" /><trkpt lat="46.45411" lon="6.94417" /><trkpt lat="46.4541" lon="6.94411" /><trkpt lat="46.45409" lon="6.94405" /><trkpt lat="46.45408" lon="6.944" /><trkpt lat="46.45406" lon="6.94396" /><trkpt lat="46.45404" lon="6.9439" /><trkpt lat="46.45402" lon="6.94384" /><trkpt lat="46.45398" lon="6.94377" /><trkpt lat="46.45395" lon="6.94371" /><trkpt lat="46.45379" lon="6.94343" /><trkpt lat="46.45376" lon="6.94339" /><trkpt lat="46.45367" lon="6.94325" /><trkpt lat="46.45357" lon="6.94311" /><trkpt lat="46.4535" lon="6.943" /><trkpt lat="46.45341" lon="6.94287" /><trkpt lat="46.45329" lon="6.9427" /><trkpt lat="46.45325" lon="6.94266" /><trkpt lat="46.45321" lon="6.94262" /><trkpt lat="46.45318" lon="6.94258" /><trkpt lat="46.45315" lon="6.94255" /><trkpt lat="46.45309" lon="6.94251" /><trkpt lat="46.45303" lon="6.94249" /><trkpt lat="46.45299" lon="6.94246" /><trkpt lat="46.45294" lon="6.94245" /><trkpt lat="46.45289" lon="6.94244" /><trkpt lat="46.45285" lon="6.94243" /><trkpt lat="46.45224" lon="6.94232" /><trkpt lat="46.45206" lon="6.94229" /><trkpt lat="46.45191" lon="6.94226" /><trkpt lat="46.45186" lon="6.94225" /><trkpt lat="46.45181" lon="6.94223" /><trkpt lat="46.45174" lon="6.94221" /><trkpt lat="46.45167" lon="6.94218" /><trkpt lat="46.45162" lon="6.94216" /><trkpt lat="46.45157" lon="6.94213" /><trkpt lat="46.45151" lon="6.94209" /><trkpt lat="46.45145" lon="6.94205" /><trkpt lat="46.4514" lon="6.94201" /><trkpt lat="46.45134" lon="6.94196" /><trkpt lat="46.45128" lon="6.9419" /><trkpt lat="46.45124" lon="6.94184" /><trkpt lat="46.45119" lon="6.94179" /><trkpt lat="46.45111" lon="6.94168" /><trkpt lat="46.45034" lon="6.94053" /><trkpt lat="46.45016" lon="6.94031" /><trkpt lat="46.45013" lon="6.94028" /><trkpt lat="46.45007" lon="6.94023" /><trkpt lat="46.45001" lon="6.94018" /><trkpt lat="46.44997" lon="6.94014" /><trkpt lat="46.4499" lon="6.94009" /><trkpt lat="46.44984" lon="6.94005" /><trkpt lat="46.44979" lon="6.94003" /><trkpt lat="46.44972" lon="6.93999" /><trkpt lat="46.44954" lon="6.93991" /><trkpt lat="46.4495" lon="6.93989" /><trkpt lat="46.44945" lon="6.93986" /><trkpt lat="46.44941" lon="6.93984" /><trkpt lat="46.44937" lon="6.93981" /><trkpt lat="46.44933" lon="6.93977" /><trkpt lat="46.4493" lon="6.93974" /><trkpt lat="46.44927" lon="6.9397" /><trkpt lat="46.44922" lon="6.93965" /><trkpt lat="46.44919" lon="6.9396" /><trkpt lat="46.44916" lon="6.93956" /><trkpt lat="46.44914" lon="6.93951" /><trkpt lat="46.44912" lon="6.93947" /><trkpt lat="46.4491" lon="6.93943" /><trkpt lat="46.44908" lon="6.93938" /><trkpt lat="46.44907" lon="6.93934" /><trkpt lat="46.44905" lon="6.93929" /><trkpt lat="46.44904" lon="6.93924" /><trkpt lat="46.44903" lon="6.93917" /><trkpt lat="46.44901" lon="6.9391" /><trkpt lat="46.449" lon="6.93897" /><trkpt lat="46.44897" lon="6.93877" /><trkpt lat="46.44894" lon="6.93847" /><trkpt lat="46.44893" lon="6.9384" /><trkpt lat="46.44893" lon="6.93832" /><trkpt lat="46.44892" lon="6.93824" /><trkpt lat="46.44892" lon="6.93817" /><trkpt lat="46.44893" lon="6.9381" /><trkpt lat="46.44893" lon="6.93804" /><trkpt lat="46.44894" lon="6.93799" /><trkpt lat="46.44895" lon="6.93793" /><trkpt lat="46.44897" lon="6.93785" /><trkpt lat="46.449" lon="6.93776" /><trkpt lat="46.44903" lon="6.93767" /><trkpt lat="46.44906" lon="6.93759" /><trkpt lat="46.4491" lon="6.9375" /><trkpt lat="46.44913" lon="6.93743" /><trkpt lat="46.44915" lon="6.93736" /><trkpt lat="46.44918" lon="6.93727" /><trkpt lat="46.44921" lon="6.93716" /><trkpt lat="46.44924" lon="6.93698" /><trkpt lat="46.44936" lon="6.9361" /><trkpt lat="46.44937" lon="6.93601" /><trkpt lat="46.44939" lon="6.93592" /><trkpt lat="46.44942" lon="6.93576" /><trkpt lat="46.44946" lon="6.9356" /><trkpt lat="46.4495" lon="6.93546" /><trkpt lat="46.44954" lon="6.93533" /><trkpt lat="46.44955" lon="6.93527" /><trkpt lat="46.44956" lon="6.9352" /><trkpt lat="46.44957" lon="6.93513" /><trkpt lat="46.44957" lon="6.93507" /><trkpt lat="46.44957" lon="6.93503" /><trkpt lat="46.44957" lon="6.93496" /><trkpt lat="46.44957" lon="6.93491" /><trkpt lat="46.44957" lon="6.93487" /><trkpt lat="46.44956" lon="6.9348" /><trkpt lat="46.44955" lon="6.93473" /><trkpt lat="46.44953" lon="6.93464" /><trkpt lat="46.44952" lon="6.93458" /><trkpt lat="46.44947" lon="6.9344" /><trkpt lat="46.44942" lon="6.93426" /><trkpt lat="46.44936" lon="6.93407" /><trkpt lat="46.44931" lon="6.93391" /><trkpt lat="46.44927" lon="6.93375" /><trkpt lat="46.44923" lon="6.93359" /><trkpt lat="46.44919" lon="6.93341" /><trkpt lat="46.44908" lon="6.93288" /><trkpt lat="46.44902" lon="6.93258" /><trkpt lat="46.449" lon="6.93248" /><trkpt lat="46.44899" lon="6.93237" /><trkpt lat="46.44899" lon="6.93229" /><trkpt lat="46.44899" lon="6.93219" /><trkpt lat="46.44899" lon="6.9321" /><trkpt lat="46.44901" lon="6.93199" /><trkpt lat="46.44903" lon="6.93189" /><trkpt lat="46.44908" lon="6.93168" /><trkpt lat="46.44911" lon="6.93158" /><trkpt lat="46.44912" lon="6.93152" /><trkpt lat="46.44913" lon="6.93145" /><trkpt lat="46.44913" lon="6.93142" /><trkpt lat="46.44914" lon="6.93138" /><trkpt lat="46.44914" lon="6.93135" /><trkpt lat="46.44914" lon="6.93131" /><trkpt lat="46.44914" lon="6.93127" /><trkpt lat="46.44914" lon="6.93124" /><trkpt lat="46.44914" lon="6.9312" /><trkpt lat="46.44914" lon="6.93116" /><trkpt lat="46.44914" lon="6.93113" /><trkpt lat="46.44913" lon="6.93109" /><trkpt lat="46.44913" lon="6.93106" /><trkpt lat="46.44912" lon="6.93102" /><trkpt lat="46.44912" lon="6.93098" /><trkpt lat="46.44911" lon="6.93095" /><trkpt lat="46.4491" lon="6.93091" /><trkpt lat="46.44909" lon="6.93087" /><trkpt lat="46.44908" lon="6.93083" /><trkpt lat="46.44907" lon="6.93079" /><trkpt lat="46.44903" lon="6.93071" /><trkpt lat="46.44899" lon="6.93062" /><trkpt lat="46.44896" lon="6.93057" /><trkpt lat="46.44893" lon="6.93052" /><trkpt lat="46.44891" lon="6.93049" /><trkpt lat="46.44888" lon="6.93045" /><trkpt lat="46.44884" lon="6.93041" /><trkpt lat="46.4488" lon="6.93037" /><trkpt lat="46.44876" lon="6.93034" /><trkpt lat="46.44873" lon="6.93032" /><trkpt lat="46.44869" lon="6.93029" /><trkpt lat="46.44867" lon="6.93028" /><trkpt lat="46.44864" lon="6.93026" /><trkpt lat="46.4486" lon="6.93025" /><trkpt lat="46.44856" lon="6.93024" /><trkpt lat="46.44852" lon="6.93022" /><trkpt lat="46.44848" lon="6.93022" /><trkpt lat="46.44844" lon="6.93021" /><trkpt lat="46.44802" lon="6.93016" /><trkpt lat="46.44794" lon="6.93016" /><trkpt lat="46.44789" lon="6.93015" /><trkpt lat="46.44784" lon="6.93015" /><trkpt lat="46.44778" lon="6.93015" /><trkpt lat="46.44772" lon="6.93015" /><trkpt lat="46.44767" lon="6.93016" /><trkpt lat="46.4476" lon="6.93018" /><trkpt lat="46.44756" lon="6.93019" /><trkpt lat="46.44749" lon="6.93021" /><trkpt lat="46.44745" lon="6.93021" /><trkpt lat="46.44741" lon="6.93022" /><trkpt lat="46.44736" lon="6.93021" /><trkpt lat="46.44733" lon="6.93021" /><trkpt lat="46.44729" lon="6.9302" /><trkpt lat="46.44725" lon="6.9302" /><trkpt lat="46.44721" lon="6.93018" /><trkpt lat="46.44717" lon="6.93017" /><trkpt lat="46.44713" lon="6.93015" /><trkpt lat="46.44708" lon="6.93013" /><trkpt lat="46.44704" lon="6.9301" /><trkpt lat="46.4469" lon="6.93001" /><trkpt lat="46.44684" lon="6.92997" /><trkpt lat="46.44679" lon="6.92992" /><trkpt lat="46.44675" lon="6.92987" /><trkpt lat="46.44671" lon="6.92983" /><trkpt lat="46.44667" lon="6.92977" /><trkpt lat="46.44663" lon="6.92971" /><trkpt lat="46.4466" lon="6.92966" /><trkpt lat="46.44656" lon="6.92959" /><trkpt lat="46.44651" lon="6.9295" /><trkpt lat="46.44617" lon="6.92875" /><trkpt lat="46.44595" lon="6.92827" /><trkpt lat="46.44561" lon="6.92753" /><trkpt lat="46.44554" lon="6.92739" /><trkpt lat="46.4455" lon="6.9273" /><trkpt lat="46.44543" lon="6.92717" /><trkpt lat="46.44531" lon="6.92696" /><trkpt lat="46.44526" lon="6.92687" /><trkpt lat="46.44524" lon="6.92682" /><trkpt lat="46.44524" lon="6.92681" /><trkpt lat="46.44522" lon="6.92677" /><trkpt lat="46.44519" lon="6.92671" /><trkpt lat="46.44517" lon="6.92666" /><trkpt lat="46.44516" lon="6.92661" /><trkpt lat="46.44514" lon="6.92654" /><trkpt lat="46.44511" lon="6.92645" /><trkpt lat="46.44509" lon="6.92632" /><trkpt lat="46.44498" lon="6.92574" /><trkpt lat="46.44496" lon="6.92566" /><trkpt lat="46.44494" lon="6.92558" /><trkpt lat="46.44492" lon="6.92551" /><trkpt lat="46.4449" lon="6.92544" /><trkpt lat="46.44488" lon="6.92538" /><trkpt lat="46.44486" lon="6.92532" /><trkpt lat="46.44483" lon="6.92525" /><trkpt lat="46.4448" lon="6.92518" /><trkpt lat="46.44476" lon="6.92509" /><trkpt lat="46.44469" lon="6.92495" /><trkpt lat="46.44461" lon="6.9248" /><trkpt lat="46.44452" lon="6.92461" /><trkpt lat="46.44439" lon="6.92437" /><trkpt lat="46.44424" lon="6.9241" /><trkpt lat="46.44415" lon="6.92394" /><trkpt lat="46.44405" lon="6.92378" /><trkpt lat="46.44387" lon="6.92349" /><trkpt lat="46.44381" lon="6.92339" /><trkpt lat="46.44378" lon="6.92334" /><trkpt lat="46.44373" lon="6.92325" /><trkpt lat="46.4437" lon="6.92319" /><trkpt lat="46.44368" lon="6.92314" /><trkpt lat="46.44366" lon="6.92309" /><trkpt lat="46.44364" lon="6.92305" /><trkpt lat="46.44363" lon="6.923" /><trkpt lat="46.44361" lon="6.92293" /><trkpt lat="46.4436" lon="6.92287" /><trkpt lat="46.44359" lon="6.92281" /><trkpt lat="46.44358" lon="6.92274" /><trkpt lat="46.44357" lon="6.92268" /><trkpt lat="46.44357" lon="6.92262" /><trkpt lat="46.44357" lon="6.92257" /><trkpt lat="46.44357" lon="6.9225" /><trkpt lat="46.44358" lon="6.92244" /><trkpt lat="46.44359" lon="6.92238" /><trkpt lat="46.4436" lon="6.92232" /><trkpt lat="46.44362" lon="6.92224" /><trkpt lat="46.44363" lon="6.92218" /><trkpt lat="46.44366" lon="6.92211" /><trkpt lat="46.4437" lon="6.92202" /><trkpt lat="46.44373" lon="6.92195" /><trkpt lat="46.44378" lon="6.92185" /><trkpt lat="46.4446" lon="6.92041" /><trkpt lat="46.44469" lon="6.92025" /><trkpt lat="46.44473" lon="6.92013" /><trkpt lat="46.44476" lon="6.92006" /><trkpt lat="46.44478" lon="6.92001" /><trkpt lat="46.4448" lon="6.91994" /><trkpt lat="46.44481" lon="6.91987" /><trkpt lat="46.44483" lon="6.91978" /><trkpt lat="46.44485" lon="6.91966" /><trkpt lat="46.44488" lon="6.91934" /><trkpt lat="46.4449" lon="6.91925" /><trkpt lat="46.44491" lon="6.91916" /><trkpt lat="46.44495" lon="6.91904" /><trkpt lat="46.44497" lon="6.91898" /><trkpt lat="46.445" lon="6.9189" /><trkpt lat="46.44503" lon="6.91884" /><trkpt lat="46.44508" lon="6.91877" /><trkpt lat="46.44512" lon="6.9187" /><trkpt lat="46.44517" lon="6.91864" /><trkpt lat="46.44522" lon="6.91858" /><trkpt lat="46.44529" lon="6.9185" /><trkpt lat="46.44536" lon="6.91844" /><trkpt lat="46.44545" lon="6.91836" /><trkpt lat="46.4457" lon="6.91815" /><trkpt lat="46.44576" lon="6.91809" /><trkpt lat="46.44583" lon="6.91802" /><trkpt lat="46.44589" lon="6.91794" /><trkpt lat="46.44594" lon="6.91786" /><trkpt lat="46.44598" lon="6.91781" /><trkpt lat="46.44599" lon="6.91777" /><trkpt lat="46.44602" lon="6.91771" /><trkpt lat="46.44603" lon="6.91767" /><trkpt lat="46.44604" lon="6.91764" /><trkpt lat="46.44605" lon="6.9176" /><trkpt lat="46.44606" lon="6.91757" /><trkpt lat="46.44607" lon="6.91751" /><trkpt lat="46.44608" lon="6.91747" /><trkpt lat="46.44609" lon="6.91744" /><trkpt lat="46.44609" lon="6.91739" /><trkpt lat="46.4461" lon="6.91734" /><trkpt lat="46.44611" lon="6.91729" /><trkpt lat="46.44611" lon="6.91724" /><trkpt lat="46.44612" lon="6.91716" /><trkpt lat="46.44613" lon="6.91703" /><trkpt lat="46.44613" lon="6.91696" /><trkpt lat="46.44614" lon="6.9169" /><trkpt lat="46.44614" lon="6.91686" /><trkpt lat="46.44614" lon="6.91682" /><trkpt lat="46.44615" lon="6.91678" /><trkpt lat="46.44615" lon="6.91674" /><trkpt lat="46.44617" lon="6.91668" /><trkpt lat="46.44617" lon="6.91664" /><trkpt lat="46.44618" lon="6.91661" /><trkpt lat="46.44619" lon="6.91658" /><trkpt lat="46.4462" lon="6.91655" /><trkpt lat="46.44621" lon="6.91652" /><trkpt lat="46.44622" lon="6.91649" /><trkpt lat="46.44623" lon="6.91646" /><trkpt lat="46.44624" lon="6.91643" /><trkpt lat="46.44626" lon="6.9164" /><trkpt lat="46.44627" lon="6.91637" /><trkpt lat="46.44629" lon="6.91634" /><trkpt lat="46.4463" lon="6.91632" /><trkpt lat="46.44632" lon="6.91629" /><trkpt lat="46.44633" lon="6.91627" /><trkpt lat="46.44635" lon="6.91625" /><trkpt lat="46.44637" lon="6.91623" /><trkpt lat="46.44638" lon="6.9162" /><trkpt lat="46.4464" lon="6.91618" /><trkpt lat="46.44641" lon="6.91617" /><trkpt lat="46.44644" lon="6.91614" /><trkpt lat="46.44646" lon="6.91612" /><trkpt lat="46.4465" lon="6.91609" /><trkpt lat="46.44654" lon="6.91606" /><trkpt lat="46.4466" lon="6.91602" /><trkpt lat="46.44669" lon="6.91597" /><trkpt lat="46.44712" lon="6.91578" /><trkpt lat="46.44726" lon="6.91572" /><trkpt lat="46.44743" lon="6.91566" /><trkpt lat="46.44761" lon="6.9156" /><trkpt lat="46.44799" lon="6.91548" /><trkpt lat="46.44814" lon="6.91543" /><trkpt lat="46.44821" lon="6.9154" /><trkpt lat="46.44828" lon="6.91537" /><trkpt lat="46.44833" lon="6.91534" /><trkpt lat="46.4484" lon="6.91529" /><trkpt lat="46.44846" lon="6.91525" /><trkpt lat="46.44851" lon="6.91519" /><trkpt lat="46.44857" lon="6.91513" /><trkpt lat="46.44867" lon="6.91502" /><trkpt lat="46.44879" lon="6.91487" /><trkpt lat="46.44884" lon="6.91482" /><trkpt lat="46.4489" lon="6.91478" /><trkpt lat="46.44894" lon="6.91475" /><trkpt lat="46.44898" lon="6.91472" /><trkpt lat="46.44904" lon="6.91469" /><trkpt lat="46.44909" lon="6.91467" /><trkpt lat="46.44914" lon="6.91466" /><trkpt lat="46.44919" lon="6.91465" /><trkpt lat="46.44924" lon="6.91465" /><trkpt lat="46.4493" lon="6.91465" /><trkpt lat="46.44938" lon="6.91467" /><trkpt lat="46.44945" lon="6.9147" /><trkpt lat="46.44952" lon="6.91474" /><trkpt lat="46.44959" lon="6.91479" /><trkpt lat="46.44967" lon="6.91486" /><trkpt lat="46.44983" lon="6.91501" /><trkpt lat="46.44991" lon="6.91507" /><trkpt lat="46.44998" lon="6.91511" /><trkpt lat="46.45006" lon="6.91515" /><trkpt lat="46.45015" lon="6.91517" /><trkpt lat="46.45023" lon="6.91517" /><trkpt lat="46.45034" lon="6.91515" /><trkpt lat="46.45044" lon="6.91511" /><trkpt lat="46.45051" lon="6.91507" /><trkpt lat="46.45057" lon="6.91503" /><trkpt lat="46.45063" lon="6.91497" /><trkpt lat="46.45068" lon="6.91491" /><trkpt lat="46.45072" lon="6.91486" /><trkpt lat="46.45075" lon="6.9148" /><trkpt lat="46.45079" lon="6.91475" /><trkpt lat="46.45082" lon="6.91469" /><trkpt lat="46.45084" lon="6.91462" /><trkpt lat="46.45087" lon="6.91456" /><trkpt lat="46.45089" lon="6.91449" /><trkpt lat="46.4509" lon="6.91442" /><trkpt lat="46.45092" lon="6.91434" /><trkpt lat="46.45093" lon="6.91424" /><trkpt lat="46.45093" lon="6.91416" /><trkpt lat="46.45093" lon="6.91409" /><trkpt lat="46.45092" lon="6.914" /><trkpt lat="46.45091" lon="6.91391" /><trkpt lat="46.4509" lon="6.91382" /><trkpt lat="46.45088" lon="6.91373" /><trkpt lat="46.45085" lon="6.91364" /><trkpt lat="46.45083" lon="6.91357" /><trkpt lat="46.45079" lon="6.9135" /><trkpt lat="46.45076" lon="6.91343" /><trkpt lat="46.45072" lon="6.91337" /><trkpt lat="46.45068" lon="6.91332" /><trkpt lat="46.45066" lon="6.9133" /><trkpt lat="46.45063" lon="6.91327" /><trkpt lat="46.45059" lon="6.91323" /><trkpt lat="46.45056" lon="6.9132" /><trkpt lat="46.45052" lon="6.91317" /><trkpt lat="46.45048" lon="6.91315" /><trkpt lat="46.45045" lon="6.91313" /><trkpt lat="46.45042" lon="6.91312" /><trkpt lat="46.45039" lon="6.91311" /><trkpt lat="46.45034" lon="6.91309" /><trkpt lat="46.4503" lon="6.91308" /><trkpt lat="46.45026" lon="6.91308" /><trkpt lat="46.45017" lon="6.91308" /><trkpt lat="46.45012" lon="6.91309" /><trkpt lat="46.45009" lon="6.9131" /><trkpt lat="46.45003" lon="6.91311" /><trkpt lat="46.44999" lon="6.91313" /><trkpt lat="46.44994" lon="6.91314" /><trkpt lat="46.44988" lon="6.91317" /><trkpt lat="46.44983" lon="6.9132" /><trkpt lat="46.44978" lon="6.91322" /><trkpt lat="46.44973" lon="6.91324" /><trkpt lat="46.44968" lon="6.91327" /><trkpt lat="46.44964" lon="6.9133" /><trkpt lat="46.4496" lon="6.91333" /><trkpt lat="46.44956" lon="6.91336" /><trkpt lat="46.44952" lon="6.91339" /><trkpt lat="46.44948" lon="6.91343" /><trkpt lat="46.44928" lon="6.91364" /><trkpt lat="46.44924" lon="6.91367" /><trkpt lat="46.44921" lon="6.91371" /><trkpt lat="46.44917" lon="6.91374" /><trkpt lat="46.44914" lon="6.91377" /><trkpt lat="46.44905" lon="6.91384" /><trkpt lat="46.44897" lon="6.91392" /><trkpt lat="46.44889" lon="6.91398" /><trkpt lat="46.4487" lon="6.91415" /><trkpt lat="46.44854" lon="6.91429" /><trkpt lat="46.4483" lon="6.91446" /><trkpt lat="46.44823" lon="6.91451" /><trkpt lat="46.44816" lon="6.91456" /><trkpt lat="46.44808" lon="6.91461" /><trkpt lat="46.44799" lon="6.91466" /><trkpt lat="46.44788" lon="6.91471" /><trkpt lat="46.44781" lon="6.91474" /><trkpt lat="46.44774" lon="6.91477" /><trkpt lat="46.44763" lon="6.9148" /><trkpt lat="46.44754" lon="6.91483" /><trkpt lat="46.44744" lon="6.91484" /><trkpt lat="46.44733" lon="6.91486" /><trkpt lat="46.44684" lon="6.91491" /><trkpt lat="46.44668" lon="6.91494" /><trkpt lat="46.4466" lon="6.91496" /><trkpt lat="46.44651" lon="6.91498" /><trkpt lat="46.44586" lon="6.9152" /><trkpt lat="46.44579" lon="6.91523" /><trkpt lat="46.44573" lon="6.91526" /><trkpt lat="46.44566" lon="6.91529" /><trkpt lat="46.44557" lon="6.91534" /><trkpt lat="46.44549" lon="6.9154" /><trkpt lat="46.4454" lon="6.91547" /><trkpt lat="46.44533" lon="6.91553" /><trkpt lat="46.44531" lon="6.91554" /><trkpt lat="46.44527" lon="6.91558" /><trkpt lat="46.44524" lon="6.91561" /><trkpt lat="46.44517" lon="6.91567" /><trkpt lat="46.4451" lon="6.91574" /><trkpt lat="46.44505" lon="6.9158" /><trkpt lat="46.445" lon="6.91586" /><trkpt lat="46.44487" lon="6.91605" /><trkpt lat="46.4445" lon="6.9166" /><trkpt lat="46.44446" lon="6.91668" /><trkpt lat="46.44442" lon="6.91675" /><trkpt lat="46.44439" lon="6.91682" /><trkpt lat="46.44436" lon="6.91688" /><trkpt lat="46.44433" lon="6.91698" /><trkpt lat="46.44431" lon="6.91705" /><trkpt lat="46.44429" lon="6.91713" /><trkpt lat="46.44423" lon="6.91736" /><trkpt lat="46.4442" lon="6.91748" /><trkpt lat="46.44416" lon="6.91759" /><trkpt lat="46.44412" lon="6.91768" /><trkpt lat="46.44408" lon="6.91777" /><trkpt lat="46.44403" lon="6.91785" /><trkpt lat="46.44396" lon="6.91798" /><trkpt lat="46.44392" lon="6.91806" /><trkpt lat="46.44388" lon="6.91813" /><trkpt lat="46.44383" lon="6.9182" /><trkpt lat="46.44379" lon="6.91826" /><trkpt lat="46.44374" lon="6.91832" /><trkpt lat="46.44367" lon="6.91838" /><trkpt lat="46.44361" lon="6.91844" /><trkpt lat="46.44353" lon="6.91851" /><trkpt lat="46.44337" lon="6.91864" /><trkpt lat="46.44329" lon="6.9187" /><trkpt lat="46.44322" lon="6.91878" /><trkpt lat="46.44315" lon="6.91886" /><trkpt lat="46.44266" lon="6.91946" /><trkpt lat="46.44261" lon="6.91953" /><trkpt lat="46.44255" lon="6.91961" /><trkpt lat="46.44251" lon="6.91968" /><trkpt lat="46.44247" lon="6.91976" /><trkpt lat="46.44244" lon="6.91983" /><trkpt lat="46.4424" lon="6.91992" /><trkpt lat="46.44235" lon="6.92008" /><trkpt lat="46.4423" lon="6.92022" /><trkpt lat="46.44226" lon="6.92032" /><trkpt lat="46.44222" lon="6.9204" /><trkpt lat="46.44218" lon="6.92048" /><trkpt lat="46.44213" lon="6.92057" /><trkpt lat="46.44207" lon="6.92067" /><trkpt lat="46.44202" lon="6.92073" /><trkpt lat="46.44196" lon="6.9208" /><trkpt lat="46.4419" lon="6.92087" /><trkpt lat="46.44184" lon="6.92092" /><trkpt lat="46.44177" lon="6.92097" /><trkpt lat="46.44172" lon="6.92101" /><trkpt lat="46.44165" lon="6.92105" /><trkpt lat="46.44157" lon="6.92109" /><trkpt lat="46.44149" lon="6.92112" /><trkpt lat="46.44138" lon="6.92116" /><trkpt lat="46.44126" lon="6.9212" /><trkpt lat="46.44116" lon="6.92124" /><trkpt lat="46.44105" lon="6.92127" /><trkpt lat="46.44094" lon="6.9213" /><trkpt lat="46.44083" lon="6.92133" /><trkpt lat="46.44051" lon="6.92139" /><trkpt lat="46.44043" lon="6.92141" /><trkpt lat="46.44038" lon="6.92143" /><trkpt lat="46.44033" lon="6.92145" /><trkpt lat="46.44029" lon="6.92147" /><trkpt lat="46.44025" lon="6.92149" /><trkpt lat="46.44021" lon="6.92152" /><trkpt lat="46.44017" lon="6.92154" /><trkpt lat="46.44014" lon="6.92158" /><trkpt lat="46.44011" lon="6.92161" /><trkpt lat="46.44007" lon="6.92165" /><trkpt lat="46.44004" lon="6.92169" /><trkpt lat="46.44001" lon="6.92173" /><trkpt lat="46.43999" lon="6.92178" /><trkpt lat="46.43996" lon="6.92182" /><trkpt lat="46.43994" lon="6.92188" /><trkpt lat="46.43992" lon="6.92193" /><trkpt lat="46.4399" lon="6.92199" /><trkpt lat="46.43987" lon="6.92208" /><trkpt lat="46.43986" lon="6.92216" /><trkpt lat="46.43985" lon="6.92222" /><trkpt lat="46.43984" lon="6.92229" /><trkpt lat="46.43983" lon="6.92238" /><trkpt lat="46.43982" lon="6.92249" /><trkpt lat="46.43982" lon="6.9226" /><trkpt lat="46.43981" lon="6.9227" /><trkpt lat="46.4398" lon="6.92277" /><trkpt lat="46.43979" lon="6.92286" /><trkpt lat="46.43978" lon="6.92293" /><trkpt lat="46.43977" lon="6.92299" /><trkpt lat="46.43975" lon="6.92306" /><trkpt lat="46.43973" lon="6.92313" /><trkpt lat="46.4397" lon="6.92319" /><trkpt lat="46.43968" lon="6.92325" /><trkpt lat="46.43964" lon="6.92331" /><trkpt lat="46.43961" lon="6.92337" /><trkpt lat="46.43958" lon="6.92342" /><trkpt lat="46.43954" lon="6.92347" /><trkpt lat="46.43949" lon="6.92351" /><trkpt lat="46.43945" lon="6.92355" /><trkpt lat="46.43941" lon="6.92358" /><trkpt lat="46.43937" lon="6.92361" /><trkpt lat="46.43933" lon="6.92363" /><trkpt lat="46.43928" lon="6.92365" /><trkpt lat="46.43923" lon="6.92367" /><trkpt lat="46.43918" lon="6.92368" /><trkpt lat="46.43912" lon="6.92369" /><trkpt lat="46.43907" lon="6.92369" /><trkpt lat="46.43902" lon="6.92369" /><trkpt lat="46.43899" lon="6.92368" /><trkpt lat="46.43896" lon="6.92368" /><trkpt lat="46.43892" lon="6.92366" /><trkpt lat="46.43887" lon="6.92364" /><trkpt lat="46.43883" lon="6.92362" /><trkpt lat="46.43879" lon="6.9236" /><trkpt lat="46.43875" lon="6.92357" /><trkpt lat="46.4387" lon="6.92353" /><trkpt lat="46.43866" lon="6.92349" /><trkpt lat="46.43862" lon="6.92344" /><trkpt lat="46.43859" lon="6.92339" /><trkpt lat="46.43855" lon="6.92334" /><trkpt lat="46.43852" lon="6.92328" /><trkpt lat="46.43849" lon="6.92321" /><trkpt lat="46.43846" lon="6.92315" /><trkpt lat="46.43844" lon="6.9231" /><trkpt lat="46.43843" lon="6.92305" /><trkpt lat="46.43841" lon="6.92299" /><trkpt lat="46.4384" lon="6.92292" /><trkpt lat="46.43839" lon="6.92286" /><trkpt lat="46.43838" lon="6.92278" /><trkpt lat="46.43838" lon="6.92272" /><trkpt lat="46.43837" lon="6.92266" /><trkpt lat="46.43837" lon="6.92259" /><trkpt lat="46.43838" lon="6.92252" /><trkpt lat="46.43839" lon="6.92246" /><trkpt lat="46.4384" lon="6.9224" /><trkpt lat="46.43841" lon="6.92234" /><trkpt lat="46.43842" lon="6.92229" /><trkpt lat="46.43844" lon="6.92223" /><trkpt lat="46.43846" lon="6.92217" /><trkpt lat="46.43848" lon="6.92212" /><trkpt lat="46.43851" lon="6.92206" /><trkpt lat="46.43853" lon="6.92201" /><trkpt lat="46.43856" lon="6.92197" /><trkpt lat="46.43859" lon="6.92192" /><trkpt lat="46.43863" lon="6.92187" /><trkpt lat="46.43867" lon="6.92182" /><trkpt lat="46.43871" lon="6.92178" /><trkpt lat="46.43877" lon="6.92173" /><trkpt lat="46.43881" lon="6.9217" /><trkpt lat="46.43891" lon="6.92164" /><trkpt lat="46.43909" lon="6.92155" /><trkpt lat="46.43944" lon="6.92137" /><trkpt lat="46.43953" lon="6.92132" /><trkpt lat="46.43968" lon="6.92123" /><trkpt lat="46.43994" lon="6.92108" /><trkpt lat="46.44018" lon="6.92093" /><trkpt lat="46.44038" lon="6.92081" /><trkpt lat="46.44052" lon="6.92072" /><trkpt lat="46.4406" lon="6.92067" /><trkpt lat="46.44068" lon="6.92061" /><trkpt lat="46.44074" lon="6.92056" /><trkpt lat="46.44079" lon="6.92051" /><trkpt lat="46.44084" lon="6.92045" /><trkpt lat="46.44089" lon="6.92039" /><trkpt lat="46.44093" lon="6.92034" /><trkpt lat="46.44096" lon="6.92029" /><trkpt lat="46.44102" lon="6.9202" /><trkpt lat="46.44122" lon="6.91982" /><trkpt lat="46.44155" lon="6.91921" /><trkpt lat="46.4416" lon="6.91912" /><trkpt lat="46.44165" lon="6.91901" /><trkpt lat="46.44169" lon="6.91892" /><trkpt lat="46.44174" lon="6.9188" /><trkpt lat="46.44225" lon="6.91756" /><trkpt lat="46.4423" lon="6.91746" /><trkpt lat="46.44234" lon="6.91737" /><trkpt lat="46.44237" lon="6.9173" /><trkpt lat="46.44241" lon="6.91724" /><trkpt lat="46.44247" lon="6.91714" /><trkpt lat="46.44251" lon="6.91708" /><trkpt lat="46.44256" lon="6.91701" /><trkpt lat="46.44274" lon="6.91679" /><trkpt lat="46.4428" lon="6.91671" /><trkpt lat="46.44284" lon="6.91665" /><trkpt lat="46.44288" lon="6.91659" /><trkpt lat="46.44291" lon="6.91653" /><trkpt lat="46.44293" lon="6.91648" /><trkpt lat="46.44295" lon="6.91643" /><trkpt lat="46.44297" lon="6.91636" /><trkpt lat="46.44299" lon="6.9163" /><trkpt lat="46.44301" lon="6.91621" /><trkpt lat="46.44303" lon="6.91613" /><trkpt lat="46.44304" lon="6.91604" /><trkpt lat="46.44305" lon="6.91591" /><trkpt lat="46.44307" lon="6.9158" /><trkpt lat="46.44308" lon="6.91571" /><trkpt lat="46.4431" lon="6.91563" /><trkpt lat="46.44312" lon="6.91555" /><trkpt lat="46.44315" lon="6.91545" /><trkpt lat="46.44319" lon="6.91532" /><trkpt lat="46.44323" lon="6.9152" /><trkpt lat="46.44326" lon="6.91513" /><trkpt lat="46.4433" lon="6.91504" /><trkpt lat="46.44333" lon="6.91497" /><trkpt lat="46.44336" lon="6.91492" /><trkpt lat="46.44341" lon="6.91485" /><trkpt lat="46.44345" lon="6.91479" /><trkpt lat="46.4435" lon="6.91474" /><trkpt lat="46.4436" lon="6.91464" /><trkpt lat="46.44365" lon="6.91458" /><trkpt lat="46.4437" lon="6.91453" /><trkpt lat="46.44373" lon="6.91449" /><trkpt lat="46.44377" lon="6.91443" /><trkpt lat="46.4438" lon="6.91437" /><trkpt lat="46.44383" lon="6.91431" /><trkpt lat="46.44385" lon="6.91425" /><trkpt lat="46.44389" lon="6.91415" /><trkpt lat="46.44393" lon="6.91399" /><trkpt lat="46.44399" lon="6.91375" /><trkpt lat="46.44402" lon="6.91365" /><trkpt lat="46.44405" lon="6.91356" /><trkpt lat="46.44409" lon="6.91345" /><trkpt lat="46.44412" lon="6.91338" /><trkpt lat="46.44416" lon="6.91329" /><trkpt lat="46.44421" lon="6.9132" /><trkpt lat="46.44425" lon="6.91313" /><trkpt lat="46.44432" lon="6.91302" /><trkpt lat="46.4444" lon="6.91292" /><trkpt lat="46.44456" lon="6.91271" /><trkpt lat="46.44464" lon="6.9126" /><trkpt lat="46.44471" lon="6.9125" /><trkpt lat="46.44475" lon="6.91242" /><trkpt lat="46.44479" lon="6.91233" /><trkpt lat="46.44482" lon="6.91224" /><trkpt lat="46.44485" lon="6.91214" /><trkpt lat="46.44488" lon="6.91204" /><trkpt lat="46.4449" lon="6.91194" /><trkpt lat="46.44491" lon="6.9119" /><trkpt lat="46.44492" lon="6.91182" /><trkpt lat="46.44495" lon="6.91171" /><trkpt lat="46.44497" lon="6.91163" /><trkpt lat="46.445" lon="6.91155" /><trkpt lat="46.44503" lon="6.91146" /><trkpt lat="46.44506" lon="6.9114" /><trkpt lat="46.4451" lon="6.91133" /><trkpt lat="46.44514" lon="6.91128" /><trkpt lat="46.44518" lon="6.91123" /><trkpt lat="46.44524" lon="6.91117" /><trkpt lat="46.44536" lon="6.91103" /><trkpt lat="46.44546" lon="6.91092" /><trkpt lat="46.44555" lon="6.91081" /><trkpt lat="46.4456" lon="6.91074" /><trkpt lat="46.44564" lon="6.91068" /><trkpt lat="46.44569" lon="6.91061" /><trkpt lat="46.44596" lon="6.91018" /><trkpt lat="46.44608" lon="6.91" /><trkpt lat="46.44618" lon="6.90985" /><trkpt lat="46.44623" lon="6.90977" /><trkpt lat="46.44626" lon="6.90971" /><trkpt lat="46.4463" lon="6.90965" /><trkpt lat="46.44633" lon="6.90959" /><trkpt lat="46.44636" lon="6.90953" /><trkpt lat="46.44637" lon="6.90951" /><trkpt lat="46.4464" lon="6.90945" /><trkpt lat="46.44644" lon="6.90936" /><trkpt lat="46.44655" lon="6.9091" /><trkpt lat="46.44661" lon="6.90898" /><trkpt lat="46.44668" lon="6.90884" /><trkpt lat="46.44672" lon="6.90876" /><trkpt lat="46.44678" lon="6.90866" /><trkpt lat="46.44686" lon="6.90854" /><trkpt lat="46.44692" lon="6.90844" /><trkpt lat="46.447" lon="6.90833" /><trkpt lat="46.44706" lon="6.90825" /><trkpt lat="46.4471" lon="6.90821" /><trkpt lat="46.44716" lon="6.90815" /><trkpt lat="46.44723" lon="6.90808" /><trkpt lat="46.44741" lon="6.90791" /><trkpt lat="46.44803" lon="6.90732" /><trkpt lat="46.44814" lon="6.90723" /><trkpt lat="46.44824" lon="6.90712" /><trkpt lat="46.44845" lon="6.90689" /><trkpt lat="46.44942" lon="6.90569" /><trkpt lat="46.44949" lon="6.9056" /><trkpt lat="46.44955" lon="6.90553" /><trkpt lat="46.44961" lon="6.90544" /><trkpt lat="46.44969" lon="6.90531" /><trkpt lat="46.44976" lon="6.90518" /><trkpt lat="46.4505" lon="6.90384" /><trkpt lat="46.45058" lon="6.90371" /><trkpt lat="46.45063" lon="6.90362" /><trkpt lat="46.45068" lon="6.90354" /><trkpt lat="46.45071" lon="6.90349" /><trkpt lat="46.45076" lon="6.90344" /><trkpt lat="46.4508" lon="6.9034" /><trkpt lat="46.45085" lon="6.90335" /><trkpt lat="46.45092" lon="6.90329" /><trkpt lat="46.45101" lon="6.90322" /><trkpt lat="46.45158" lon="6.90281" /><trkpt lat="46.45175" lon="6.90269" /><trkpt lat="46.45193" lon="6.90259" /><trkpt lat="46.45218" lon="6.90243" /><trkpt lat="46.45225" lon="6.9024" /><trkpt lat="46.45229" lon="6.90237" /><trkpt lat="46.45235" lon="6.90235" /><trkpt lat="46.4524" lon="6.90233" /><trkpt lat="46.45246" lon="6.90232" /><trkpt lat="46.45252" lon="6.90232" /><trkpt lat="46.45257" lon="6.90232" /><trkpt lat="46.45264" lon="6.90232" /><trkpt lat="46.45271" lon="6.90233" /><trkpt lat="46.45322" lon="6.9024" /><trkpt lat="46.45332" lon="6.90241" /><trkpt lat="46.45339" lon="6.90241" /><trkpt lat="46.45346" lon="6.9024" /><trkpt lat="46.45351" lon="6.90239" /><trkpt lat="46.45356" lon="6.90238" /><trkpt lat="46.45363" lon="6.90235" /><trkpt lat="46.45369" lon="6.90233" /><trkpt lat="46.45375" lon="6.90229" /><trkpt lat="46.4538" lon="6.90225" /><trkpt lat="46.45385" lon="6.90221" /><trkpt lat="46.4539" lon="6.90216" /><trkpt lat="46.45394" lon="6.90212" /><trkpt lat="46.45397" lon="6.90207" /><trkpt lat="46.45401" lon="6.90202" /><trkpt lat="46.45404" lon="6.90196" /><trkpt lat="46.45407" lon="6.9019" /><trkpt lat="46.45409" lon="6.90184" /><trkpt lat="46.45411" lon="6.90179" /><trkpt lat="46.45412" lon="6.90176" /><trkpt lat="46.45413" lon="6.90171" /><trkpt lat="46.45415" lon="6.90165" /><trkpt lat="46.45415" lon="6.90163" /><trkpt lat="46.45416" lon="6.90155" /><trkpt lat="46.45417" lon="6.90148" /><trkpt lat="46.45418" lon="6.9014" /><trkpt lat="46.45418" lon="6.9013" /><trkpt lat="46.45417" lon="6.90123" /><trkpt lat="46.45416" lon="6.90114" /><trkpt lat="46.45415" lon="6.90106" /><trkpt lat="46.45413" lon="6.90098" /><trkpt lat="46.4541" lon="6.9009" /><trkpt lat="46.45407" lon="6.90082" /><trkpt lat="46.45404" lon="6.90076" /><trkpt lat="46.45401" lon="6.9007" /><trkpt lat="46.45397" lon="6.90063" /><trkpt lat="46.45394" lon="6.9006" /><trkpt lat="46.4539" lon="6.90055" /><trkpt lat="46.45386" lon="6.90051" /><trkpt lat="46.45382" lon="6.90048" /><trkpt lat="46.45376" lon="6.90043" /><trkpt lat="46.45371" lon="6.9004" /><trkpt lat="46.45367" lon="6.90039" /><trkpt lat="46.45361" lon="6.90036" /><trkpt lat="46.45355" lon="6.90035" /><trkpt lat="46.4535" lon="6.90035" /><trkpt lat="46.45345" lon="6.90035" /><trkpt lat="46.45339" lon="6.90035" /><trkpt lat="46.45333" lon="6.90036" /><trkpt lat="46.45327" lon="6.90038" /><trkpt lat="46.4532" lon="6.9004" /><trkpt lat="46.45313" lon="6.90043" /><trkpt lat="46.45233" lon="6.90074" /><trkpt lat="46.45224" lon="6.90078" /><trkpt lat="46.45218" lon="6.9008" /><trkpt lat="46.45209" lon="6.90082" /><trkpt lat="46.45114" lon="6.901" /><trkpt lat="46.4511" lon="6.90101" /><trkpt lat="46.45105" lon="6.90103" /><trkpt lat="46.451" lon="6.90104" /><trkpt lat="46.45097" lon="6.90106" /><trkpt lat="46.45095" lon="6.90107" /><trkpt lat="46.45089" lon="6.9011" /><trkpt lat="46.45076" lon="6.90118" /><trkpt lat="46.45063" lon="6.90125" /><trkpt lat="46.45053" lon="6.90129" /><trkpt lat="46.45041" lon="6.90133" /><trkpt lat="46.45033" lon="6.90134" /><trkpt lat="46.45025" lon="6.90135" /><trkpt lat="46.45016" lon="6.90136" /><trkpt lat="46.45001" lon="6.90135" /><trkpt lat="46.44965" lon="6.90134" /><trkpt lat="46.44953" lon="6.90134" /><trkpt lat="46.4494" lon="6.90135" /><trkpt lat="46.44926" lon="6.90137" /><trkpt lat="46.44912" lon="6.9014" /><trkpt lat="46.4489" lon="6.90145" /><trkpt lat="46.44868" lon="6.90151" /><trkpt lat="46.44858" lon="6.90154" /><trkpt lat="46.44848" lon="6.90155" /><trkpt lat="46.44841" lon="6.90155" /><trkpt lat="46.44834" lon="6.90155" /><trkpt lat="46.44829" lon="6.90154" /><trkpt lat="46.44823" lon="6.90153" /><trkpt lat="46.44817" lon="6.90152" /><trkpt lat="46.44807" lon="6.90149" /><trkpt lat="46.44732" lon="6.90123" /><trkpt lat="46.44705" lon="6.90114" /><trkpt lat="46.44695" lon="6.90111" /><trkpt lat="46.44689" lon="6.9011" /><trkpt lat="46.44683" lon="6.90109" /><trkpt lat="46.44677" lon="6.90109" /><trkpt lat="46.44672" lon="6.90109" /><trkpt lat="46.44666" lon="6.90109" /><trkpt lat="46.44661" lon="6.9011" /><trkpt lat="46.44655" lon="6.90112" /><trkpt lat="46.44648" lon="6.90114" /><trkpt lat="46.44642" lon="6.90118" /><trkpt lat="46.44636" lon="6.90121" /><trkpt lat="46.44629" lon="6.90125" /><trkpt lat="46.4462" lon="6.90132" /><trkpt lat="46.44612" lon="6.90139" /><trkpt lat="46.44543" lon="6.90204" /><trkpt lat="46.44534" lon="6.90212" /><trkpt lat="46.44528" lon="6.90219" /><trkpt lat="46.44523" lon="6.90225" /><trkpt lat="46.44518" lon="6.90232" /><trkpt lat="46.44513" lon="6.9024" /><trkpt lat="46.44503" lon="6.90259" /><trkpt lat="46.44498" lon="6.90267" /><trkpt lat="46.44494" lon="6.90275" /><trkpt lat="46.4449" lon="6.90281" /><trkpt lat="46.44484" lon="6.90288" /><trkpt lat="46.44479" lon="6.90294" /><trkpt lat="46.44473" lon="6.90299" /><trkpt lat="46.44464" lon="6.90306" /><trkpt lat="46.44456" lon="6.90312" /><trkpt lat="46.44439" lon="6.90323" /><trkpt lat="46.4441" lon="6.90343" /><trkpt lat="46.44401" lon="6.90349" /><trkpt lat="46.44395" lon="6.90354" /><trkpt lat="46.44388" lon="6.9036" /><trkpt lat="46.44382" lon="6.90366" /><trkpt lat="46.44376" lon="6.90372" /><trkpt lat="46.4429" lon="6.90475" /><trkpt lat="46.44281" lon="6.90486" /><trkpt lat="46.44271" lon="6.90499" /><trkpt lat="46.44256" lon="6.90519" /><trkpt lat="46.44237" lon="6.90545" /><trkpt lat="46.44229" lon="6.90557" /><trkpt lat="46.44223" lon="6.90566" /><trkpt lat="46.44218" lon="6.90575" /><trkpt lat="46.44212" lon="6.90584" /><trkpt lat="46.44186" lon="6.90639" /><trkpt lat="46.44076" lon="6.90865" /><trkpt lat="46.44071" lon="6.90876" /><trkpt lat="46.44067" lon="6.90887" /><trkpt lat="46.44063" lon="6.90899" /><trkpt lat="46.44056" lon="6.90924" /><trkpt lat="46.44053" lon="6.90933" /><trkpt lat="46.4405" lon="6.90942" /><trkpt lat="46.44047" lon="6.9095" /><trkpt lat="46.44045" lon="6.90953" /><trkpt lat="46.44042" lon="6.90958" /><trkpt lat="46.44039" lon="6.90964" /><trkpt lat="46.44036" lon="6.90969" /><trkpt lat="46.44032" lon="6.90973" /><trkpt lat="46.44028" lon="6.90978" /><trkpt lat="46.44026" lon="6.90981" /><trkpt lat="46.4402" lon="6.90987" /><trkpt lat="46.44012" lon="6.90994" /><trkpt lat="46.43995" lon="6.91006" /><trkpt lat="46.43986" lon="6.91013" /><trkpt lat="46.43979" lon="6.91019" /><trkpt lat="46.43974" lon="6.91025" /><trkpt lat="46.43967" lon="6.91033" /><trkpt lat="46.43947" lon="6.91061" /><trkpt lat="46.43943" lon="6.91066" /><trkpt lat="46.43937" lon="6.91072" /><trkpt lat="46.43926" lon="6.91083" /><trkpt lat="46.43921" lon="6.91087" /><trkpt lat="46.43898" lon="6.91108" /><trkpt lat="46.4389" lon="6.91114" /><trkpt lat="46.43885" lon="6.91118" /><trkpt lat="46.4388" lon="6.91121" /><trkpt lat="46.43876" lon="6.91123" /><trkpt lat="46.43871" lon="6.91125" /><trkpt lat="46.43867" lon="6.91127" /><trkpt lat="46.43862" lon="6.91128" /><trkpt lat="46.43858" lon="6.91129" /><trkpt lat="46.43858" lon="6.91129" /><trkpt lat="46.43853" lon="6.9113" /><trkpt lat="46.43849" lon="6.9113" /><trkpt lat="46.43844" lon="6.9113" /><trkpt lat="46.43838" lon="6.9113" /><trkpt lat="46.43832" lon="6.91129" /><trkpt lat="46.43818" lon="6.91125" /><trkpt lat="46.4381" lon="6.91124" /><trkpt lat="46.43802" lon="6.91122" /><trkpt lat="46.43796" lon="6.91121" /><trkpt lat="46.4379" lon="6.91121" /><trkpt lat="46.43783" lon="6.91121" /><trkpt lat="46.43777" lon="6.91123" /><trkpt lat="46.43766" lon="6.91126" /><trkpt lat="46.4376" lon="6.91129" /><trkpt lat="46.43755" lon="6.91133" /><trkpt lat="46.43751" lon="6.91136" /><trkpt lat="46.43745" lon="6.91141" /><trkpt lat="46.43739" lon="6.91146" /><trkpt lat="46.43653" lon="6.9123" /><trkpt lat="46.43628" lon="6.91255" /><trkpt lat="46.43628" lon="6.91255" /><trkpt lat="46.43628" lon="6.91255" /><trkpt lat="46.43609" lon="6.91274" /><trkpt lat="46.43559" lon="6.91323" /><trkpt lat="46.43536" lon="6.91344" /><trkpt lat="46.435" lon="6.91378" /><trkpt lat="46.43489" lon="6.91388" /><trkpt lat="46.43484" lon="6.91391" /><trkpt lat="46.43478" lon="6.91393" /><trkpt lat="46.43469" lon="6.91395" /><trkpt lat="46.43461" lon="6.91395" /><trkpt lat="46.43456" lon="6.91393" /><trkpt lat="46.43449" lon="6.9139" /><trkpt lat="46.43443" lon="6.91386" /><trkpt lat="46.43436" lon="6.9138" /><trkpt lat="46.43431" lon="6.91373" /><trkpt lat="46.43428" lon="6.91368" /><trkpt lat="46.43425" lon="6.91362" /><trkpt lat="46.43423" lon="6.91355" /><trkpt lat="46.4342" lon="6.91347" /><trkpt lat="46.43419" lon="6.91336" /><trkpt lat="46.43418" lon="6.91323" /><trkpt lat="46.43419" lon="6.91313" /><trkpt lat="46.43421" lon="6.91304" /><trkpt lat="46.43423" lon="6.91294" /><trkpt lat="46.43425" lon="6.91287" /><trkpt lat="46.43427" lon="6.91281" /><trkpt lat="46.4343" lon="6.91275" /><trkpt lat="46.43433" lon="6.9127" /><trkpt lat="46.43436" lon="6.91265" /><trkpt lat="46.4344" lon="6.91259" /><trkpt lat="46.43444" lon="6.91255" /><trkpt lat="46.43455" lon="6.91247" /><trkpt lat="46.43501" lon="6.91214" /><trkpt lat="46.43512" lon="6.91206" /><trkpt lat="46.4352" lon="6.91198" /><trkpt lat="46.43531" lon="6.91188" /><trkpt lat="46.43556" lon="6.91163" /><trkpt lat="46.43561" lon="6.91158" /><trkpt lat="46.43557" lon="6.91164" /><trkpt lat="46.43557" lon="6.91165" /><trkpt lat="46.43549" lon="6.91175" /><trkpt lat="46.43545" lon="6.91181" /><trkpt lat="46.43538" lon="6.91189" /><trkpt lat="46.43532" lon="6.91195" /><trkpt lat="46.43526" lon="6.91201" /><trkpt lat="46.43521" lon="6.91206" /><trkpt lat="46.43521" lon="6.91206" /></trkseg></trk></gpx>