<gpx version="1.1" creator="Trainlog.me"><trk><name>Trip Path</name><trkseg><trkpt lat="46.51683" lon="6.62912" /><trkpt lat="46.51693" lon="6.62838" /><trkpt lat="46.51698" lon="6.62807" /><trkpt lat="46.51704" lon="6.62775" /><trkpt lat="46.51707" lon="6.62764" /><trkpt lat="46.51707" lon="6.62762" /><trkpt lat="46.51722" lon="6.62701" /><trkpt lat="46.5174" lon="6.62621" /><trkpt lat="46.51761" lon="6.62528" /><trkpt lat="46.51788" lon="6.62411" /><trkpt lat="46.51802" lon="6.62347" /><trkpt lat="46.51809" lon="6.62319" /><trkpt lat="46.51829" lon="6.62232" /><trkpt lat="46.51835" lon="6.62198" /><trkpt lat="46.51843" lon="6.62156" /><trkpt lat="46.51849" lon="6.62123" /><trkpt lat="46.51855" lon="6.62083" /><trkpt lat="46.5186" lon="6.62057" /><trkpt lat="46.51865" lon="6.62029" /><trkpt lat="46.51866" lon="6.62027" /><trkpt lat="46.5187" lon="6.62008" /><trkpt lat="46.51874" lon="6.61991" /><trkpt lat="46.51882" lon="6.61961" /><trkpt lat="46.51889" lon="6.61939" /><trkpt lat="46.51896" lon="6.61916" /><trkpt lat="46.51904" lon="6.61895" /><trkpt lat="46.51913" lon="6.61873" /><trkpt lat="46.51927" lon="6.61842" /><trkpt lat="46.51938" lon="6.61821" /><trkpt lat="46.51949" lon="6.61802" /><trkpt lat="46.51967" lon="6.61773" /><trkpt lat="46.51987" lon="6.61743" /><trkpt lat="46.51998" lon="6.61728" /><trkpt lat="46.52088" lon="6.61607" /><trkpt lat="46.52101" lon="6.61589" /><trkpt lat="46.52133" lon="6.61545" /><trkpt lat="46.52169" lon="6.61497" /><trkpt lat="46.52191" lon="6.61467" /><trkpt lat="46.52231" lon="6.61412" /><trkpt lat="46.52243" lon="6.61394" /><trkpt lat="46.52262" lon="6.61367" /><trkpt lat="46.52278" lon="6.61341" /><trkpt lat="46.52295" lon="6.61313" /><trkpt lat="46.52311" lon="6.61285" /><trkpt lat="46.52326" lon="6.61257" /><trkpt lat="46.52341" lon="6.61226" /><trkpt lat="46.52355" lon="6.61196" /><trkpt lat="46.52368" lon="6.61166" /><trkpt lat="46.52372" lon="6.61159" /><trkpt lat="46.52388" lon="6.6112" /><trkpt lat="46.524" lon="6.61089" /><trkpt lat="46.52411" lon="6.6106" /><trkpt lat="46.52449" lon="6.60949" /><trkpt lat="46.52476" lon="6.60871" /><trkpt lat="46.52548" lon="6.60662" /><trkpt lat="46.52571" lon="6.60595" /><trkpt lat="46.5259" lon="6.60538" /><trkpt lat="46.52612" lon="6.60469" /><trkpt lat="46.5263" lon="6.60414" /><trkpt lat="46.52656" lon="6.60337" /><trkpt lat="46.52667" lon="6.60304" /><trkpt lat="46.52678" lon="6.60273" /><trkpt lat="46.52706" lon="6.6019" /><trkpt lat="46.52723" lon="6.60143" /><trkpt lat="46.52742" lon="6.6009" /><trkpt lat="46.52753" lon="6.60061" /><trkpt lat="46.5279" lon="6.59957" /><trkpt lat="46.52832" lon="6.59835" /><trkpt lat="46.52886" lon="6.59679" /><trkpt lat="46.52932" lon="6.59545" /><trkpt lat="46.52953" lon="6.59487" /><trkpt lat="46.52959" lon="6.59474" /><trkpt lat="46.52976" lon="6.5943" /><trkpt lat="46.53" lon="6.59375" /><trkpt lat="46.53024" lon="6.59321" /><trkpt lat="46.53051" lon="6.59268" /><trkpt lat="46.53071" lon="6.59228" /><trkpt lat="46.53094" lon="6.59181" /><trkpt lat="46.53113" lon="6.59145" /><trkpt lat="46.5313" lon="6.59113" /><trkpt lat="46.53135" lon="6.59102" /><trkpt lat="46.53139" lon="6.59095" /><trkpt lat="46.53196" lon="6.58985" /><trkpt lat="46.53261" lon="6.58861" /><trkpt lat="46.53267" lon="6.5885" /><trkpt lat="46.5331" lon="6.58767" /><trkpt lat="46.53331" lon="6.58723" /><trkpt lat="46.53339" lon="6.58707" /><trkpt lat="46.53425" lon="6.5853" /><trkpt lat="46.53442" lon="6.58494" /><trkpt lat="46.5345" lon="6.58479" /><trkpt lat="46.53451" lon="6.58477" /><trkpt lat="46.53466" lon="6.58446" /><trkpt lat="46.53484" lon="6.58411" /><trkpt lat="46.53501" lon="6.58375" /><trkpt lat="46.53523" lon="6.58329" /><trkpt lat="46.53546" lon="6.58282" /><trkpt lat="46.53562" lon="6.58251" /><trkpt lat="46.53622" lon="6.5813" /><trkpt lat="46.53633" lon="6.58107" /><trkpt lat="46.53674" lon="6.58024" /><trkpt lat="46.53696" lon="6.57981" /><trkpt lat="46.53719" lon="6.57938" /><trkpt lat="46.5375" lon="6.5788" /><trkpt lat="46.53759" lon="6.57863" /><trkpt lat="46.5378" lon="6.57822" /><trkpt lat="46.538" lon="6.57783" /><trkpt lat="46.53824" lon="6.57734" /><trkpt lat="46.53858" lon="6.57666" /><trkpt lat="46.53862" lon="6.57659" /><trkpt lat="46.53939" lon="6.57512" /><trkpt lat="46.53959" lon="6.57474" /><trkpt lat="46.54013" lon="6.57371" /><trkpt lat="46.54065" lon="6.5727" /><trkpt lat="46.54078" lon="6.57245" /><trkpt lat="46.54101" lon="6.57201" /><trkpt lat="46.54114" lon="6.57176" /><trkpt lat="46.5414" lon="6.57126" /><trkpt lat="46.54153" lon="6.57102" /><trkpt lat="46.54166" lon="6.57077" /><trkpt lat="46.54173" lon="6.57063" /><trkpt lat="46.54179" lon="6.57048" /><trkpt lat="46.54189" lon="6.57027" /><trkpt lat="46.54201" lon="6.57002" /><trkpt lat="46.54208" lon="6.56984" /><trkpt lat="46.54219" lon="6.56957" /><trkpt lat="46.54229" lon="6.5693" /><trkpt lat="46.5424" lon="6.56902" /><trkpt lat="46.54248" lon="6.5688" /><trkpt lat="46.54252" lon="6.56868" /><trkpt lat="46.54261" lon="6.56842" /><trkpt lat="46.5427" lon="6.56815" /><trkpt lat="46.54279" lon="6.56787" /><trkpt lat="46.54288" lon="6.56759" /><trkpt lat="46.54298" lon="6.56728" /><trkpt lat="46.54305" lon="6.56705" /><trkpt lat="46.54312" lon="6.56682" /><trkpt lat="46.54318" lon="6.5666" /><trkpt lat="46.54323" lon="6.56639" /><trkpt lat="46.5433" lon="6.56612" /><trkpt lat="46.54337" lon="6.56585" /><trkpt lat="46.54347" lon="6.56539" /><trkpt lat="46.54496" lon="6.55876" /><trkpt lat="46.54504" lon="6.55841" /><trkpt lat="46.54516" lon="6.55788" /><trkpt lat="46.54528" lon="6.55744" /><trkpt lat="46.54539" lon="6.55702" /><trkpt lat="46.54545" lon="6.55678" /><trkpt lat="46.54557" lon="6.55634" /><trkpt lat="46.54562" lon="6.55618" /><trkpt lat="46.5457" lon="6.55591" /><trkpt lat="46.54579" lon="6.55565" /><trkpt lat="46.54586" lon="6.55544" /><trkpt lat="46.54592" lon="6.55525" /><trkpt lat="46.546" lon="6.55504" /><trkpt lat="46.54607" lon="6.55484" /><trkpt lat="46.54619" lon="6.55454" /><trkpt lat="46.54632" lon="6.55424" /><trkpt lat="46.5464" lon="6.55407" /><trkpt lat="46.54648" lon="6.55387" /><trkpt lat="46.54665" lon="6.55352" /><trkpt lat="46.54697" lon="6.55287" /><trkpt lat="46.5473" lon="6.55221" /><trkpt lat="46.5475" lon="6.5518" /><trkpt lat="46.54777" lon="6.55122" /><trkpt lat="46.54786" lon="6.55103" /><trkpt lat="46.54795" lon="6.55084" /><trkpt lat="46.54809" lon="6.55052" /><trkpt lat="46.54832" lon="6.55002" /><trkpt lat="46.54847" lon="6.54968" /><trkpt lat="46.54864" lon="6.54934" /><trkpt lat="46.54886" lon="6.5489" /><trkpt lat="46.54908" lon="6.54846" /><trkpt lat="46.54957" lon="6.54748" /><trkpt lat="46.54991" lon="6.54681" /><trkpt lat="46.54998" lon="6.54668" /><trkpt lat="46.55048" lon="6.54567" /><trkpt lat="46.5511" lon="6.54445" /><trkpt lat="46.55119" lon="6.54426" /><trkpt lat="46.55188" lon="6.54291" /><trkpt lat="46.55215" lon="6.54238" /><trkpt lat="46.55241" lon="6.54185" /><trkpt lat="46.55263" lon="6.54136" /><trkpt lat="46.55274" lon="6.54109" /><trkpt lat="46.55285" lon="6.54083" /><trkpt lat="46.553" lon="6.54044" /><trkpt lat="46.55308" lon="6.54025" /><trkpt lat="46.55315" lon="6.54006" /><trkpt lat="46.55321" lon="6.53986" /><trkpt lat="46.55328" lon="6.53967" /><trkpt lat="46.55334" lon="6.53948" /><trkpt lat="46.5534" lon="6.5393" /><trkpt lat="46.55348" lon="6.53905" /><trkpt lat="46.55355" lon="6.53884" /><trkpt lat="46.55361" lon="6.53863" /><trkpt lat="46.55382" lon="6.53796" /><trkpt lat="46.55389" lon="6.53771" /><trkpt lat="46.55396" lon="6.53749" /><trkpt lat="46.554" lon="6.53738" /><trkpt lat="46.55404" lon="6.53728" /><trkpt lat="46.55412" lon="6.53702" /><trkpt lat="46.55422" lon="6.53676" /><trkpt lat="46.55434" lon="6.53646" /><trkpt lat="46.55446" lon="6.53616" /><trkpt lat="46.55458" lon="6.53588" /><trkpt lat="46.55464" lon="6.53574" /><trkpt lat="46.5547" lon="6.53561" /><trkpt lat="46.55482" lon="6.53538" /><trkpt lat="46.55493" lon="6.53515" /><trkpt lat="46.55504" lon="6.53494" /><trkpt lat="46.55515" lon="6.53474" /><trkpt lat="46.55529" lon="6.5345" /><trkpt lat="46.55543" lon="6.53426" /><trkpt lat="46.55564" lon="6.53393" /><trkpt lat="46.55574" lon="6.53377" /><trkpt lat="46.55585" lon="6.53361" /><trkpt lat="46.55601" lon="6.53338" /><trkpt lat="46.55618" lon="6.53316" /><trkpt lat="46.5564" lon="6.53289" /><trkpt lat="46.55651" lon="6.53275" /><trkpt lat="46.55662" lon="6.53262" /><trkpt lat="46.55672" lon="6.5325" /><trkpt lat="46.55683" lon="6.53238" /><trkpt lat="46.55694" lon="6.53226" /><trkpt lat="46.55706" lon="6.53214" /><trkpt lat="46.55725" lon="6.53195" /><trkpt lat="46.55745" lon="6.53176" /><trkpt lat="46.55756" lon="6.53167" /><trkpt lat="46.55767" lon="6.53157" /><trkpt lat="46.55778" lon="6.53148" /><trkpt lat="46.55789" lon="6.53139" /><trkpt lat="46.55802" lon="6.53129" /><trkpt lat="46.55814" lon="6.5312" /><trkpt lat="46.55827" lon="6.5311" /><trkpt lat="46.55839" lon="6.53102" /><trkpt lat="46.55851" lon="6.53094" /><trkpt lat="46.55863" lon="6.53086" /><trkpt lat="46.55876" lon="6.53078" /><trkpt lat="46.55887" lon="6.53071" /><trkpt lat="46.55903" lon="6.53062" /><trkpt lat="46.5592" lon="6.53054" /><trkpt lat="46.55937" lon="6.53045" /><trkpt lat="46.55954" lon="6.53036" /><trkpt lat="46.5597" lon="6.53028" /><trkpt lat="46.55987" lon="6.53021" /><trkpt lat="46.56004" lon="6.53013" /><trkpt lat="46.5602" lon="6.53006" /><trkpt lat="46.56038" lon="6.52999" /><trkpt lat="46.56056" lon="6.52991" /><trkpt lat="46.56074" lon="6.52984" /><trkpt lat="46.56092" lon="6.52977" /><trkpt lat="46.56126" lon="6.52965" /><trkpt lat="46.56143" lon="6.5296" /><trkpt lat="46.5616" lon="6.52954" /><trkpt lat="46.56176" lon="6.52949" /><trkpt lat="46.56193" lon="6.52944" /><trkpt lat="46.56209" lon="6.5294" /><trkpt lat="46.56226" lon="6.52935" /><trkpt lat="46.56255" lon="6.52928" /><trkpt lat="46.56276" lon="6.52923" /><trkpt lat="46.56298" lon="6.52918" /><trkpt lat="46.56321" lon="6.52913" /><trkpt lat="46.56341" lon="6.5291" /><trkpt lat="46.56368" lon="6.52905" /><trkpt lat="46.56381" lon="6.52903" /><trkpt lat="46.56393" lon="6.52902" /><trkpt lat="46.56406" lon="6.529" /><trkpt lat="46.56433" lon="6.52897" /><trkpt lat="46.56459" lon="6.52894" /><trkpt lat="46.56483" lon="6.52892" /><trkpt lat="46.56506" lon="6.52891" /><trkpt lat="46.56522" lon="6.5289" /><trkpt lat="46.56552" lon="6.5289" /><trkpt lat="46.56579" lon="6.52889" /><trkpt lat="46.56605" lon="6.5289" /><trkpt lat="46.56632" lon="6.52891" /><trkpt lat="46.56645" lon="6.52891" /><trkpt lat="46.56657" lon="6.52892" /><trkpt lat="46.56683" lon="6.52894" /><trkpt lat="46.56705" lon="6.52895" /><trkpt lat="46.56783" lon="6.52902" /><trkpt lat="46.56886" lon="6.5291" /><trkpt lat="46.56903" lon="6.52911" /><trkpt lat="46.56921" lon="6.52913" /><trkpt lat="46.56936" lon="6.52915" /><trkpt lat="46.56951" lon="6.52918" /><trkpt lat="46.56963" lon="6.52919" /><trkpt lat="46.56978" lon="6.52922" /><trkpt lat="46.56989" lon="6.52924" /><trkpt lat="46.56999" lon="6.52926" /><trkpt lat="46.57016" lon="6.5293" /><trkpt lat="46.57031" lon="6.52933" /><trkpt lat="46.57046" lon="6.52937" /><trkpt lat="46.57061" lon="6.52941" /><trkpt lat="46.57077" lon="6.52946" /><trkpt lat="46.57389" lon="6.53039" /><trkpt lat="46.57405" lon="6.53044" /><trkpt lat="46.57421" lon="6.53048" /><trkpt lat="46.57445" lon="6.53054" /><trkpt lat="46.57469" lon="6.53059" /><trkpt lat="46.57482" lon="6.53062" /><trkpt lat="46.57501" lon="6.53065" /><trkpt lat="46.57525" lon="6.53068" /><trkpt lat="46.57547" lon="6.53069" /><trkpt lat="46.57565" lon="6.5307" /><trkpt lat="46.57583" lon="6.5307" /><trkpt lat="46.57599" lon="6.5307" /><trkpt lat="46.57615" lon="6.53069" /><trkpt lat="46.5764" lon="6.53068" /><trkpt lat="46.57651" lon="6.53067" /><trkpt lat="46.57668" lon="6.53066" /><trkpt lat="46.57685" lon="6.53064" /><trkpt lat="46.57713" lon="6.5306" /><trkpt lat="46.57734" lon="6.53057" /><trkpt lat="46.57768" lon="6.5305" /><trkpt lat="46.57783" lon="6.53047" /><trkpt lat="46.57797" lon="6.53043" /><trkpt lat="46.57825" lon="6.53035" /><trkpt lat="46.57851" lon="6.53027" /><trkpt lat="46.57873" lon="6.53018" /><trkpt lat="46.57891" lon="6.53011" /><trkpt lat="46.57915" lon="6.53001" /><trkpt lat="46.57936" lon="6.52991" /><trkpt lat="46.5796" lon="6.52979" /><trkpt lat="46.57981" lon="6.52968" /><trkpt lat="46.57996" lon="6.5296" /><trkpt lat="46.58011" lon="6.52952" /><trkpt lat="46.58025" lon="6.52943" /><trkpt lat="46.58039" lon="6.52934" /><trkpt lat="46.58052" lon="6.52925" /><trkpt lat="46.58065" lon="6.52917" /><trkpt lat="46.58078" lon="6.52907" /><trkpt lat="46.58091" lon="6.52897" /><trkpt lat="46.58105" lon="6.52885" /><trkpt lat="46.58119" lon="6.52874" /><trkpt lat="46.58354" lon="6.52677" /><trkpt lat="46.58367" lon="6.52666" /><trkpt lat="46.58392" lon="6.52645" /><trkpt lat="46.58416" lon="6.52626" /><trkpt lat="46.58427" lon="6.52618" /><trkpt lat="46.5844" lon="6.52609" /><trkpt lat="46.58452" lon="6.526" /><trkpt lat="46.58464" lon="6.52593" /><trkpt lat="46.58479" lon="6.52584" /><trkpt lat="46.58494" lon="6.52576" /><trkpt lat="46.58511" lon="6.52568" /><trkpt lat="46.58525" lon="6.52562" /><trkpt lat="46.58543" lon="6.52556" /><trkpt lat="46.58557" lon="6.52551" /><trkpt lat="46.58574" lon="6.52546" /><trkpt lat="46.58582" lon="6.52544" /><trkpt lat="46.58589" lon="6.52543" /><trkpt lat="46.58606" lon="6.5254" /><trkpt lat="46.58622" lon="6.52537" /><trkpt lat="46.58638" lon="6.52535" /><trkpt lat="46.58655" lon="6.52534" /><trkpt lat="46.58672" lon="6.52534" /><trkpt lat="46.58686" lon="6.52534" /><trkpt lat="46.58704" lon="6.52536" /><trkpt lat="46.5872" lon="6.52537" /><trkpt lat="46.58739" lon="6.52541" /><trkpt lat="46.58755" lon="6.52544" /><trkpt lat="46.58773" lon="6.52548" /><trkpt lat="46.58786" lon="6.52553" /><trkpt lat="46.58804" lon="6.52559" /><trkpt lat="46.58818" lon="6.52564" /><trkpt lat="46.58837" lon="6.52573" /><trkpt lat="46.58856" lon="6.52582" /><trkpt lat="46.58876" lon="6.52593" /><trkpt lat="46.58891" lon="6.52603" /><trkpt lat="46.58905" lon="6.52613" /><trkpt lat="46.58918" lon="6.52622" /><trkpt lat="46.58931" lon="6.52632" /><trkpt lat="46.58946" lon="6.52643" /><trkpt lat="46.58974" lon="6.52666" /><trkpt lat="46.58988" lon="6.52678" /><trkpt lat="46.59012" lon="6.52698" /><trkpt lat="46.59031" lon="6.52713" /><trkpt lat="46.59049" lon="6.52728" /><trkpt lat="46.59066" lon="6.52741" /><trkpt lat="46.5908" lon="6.52752" /><trkpt lat="46.59092" lon="6.52761" /><trkpt lat="46.59111" lon="6.52774" /><trkpt lat="46.59127" lon="6.52785" /><trkpt lat="46.59145" lon="6.52796" /><trkpt lat="46.59162" lon="6.52805" /><trkpt lat="46.59182" lon="6.52816" /><trkpt lat="46.59198" lon="6.52823" /><trkpt lat="46.59217" lon="6.52832" /><trkpt lat="46.59235" lon="6.52839" /><trkpt lat="46.59253" lon="6.52845" /><trkpt lat="46.59272" lon="6.52851" /><trkpt lat="46.59291" lon="6.52857" /><trkpt lat="46.59309" lon="6.52861" /><trkpt lat="46.59328" lon="6.52865" /><trkpt lat="46.59347" lon="6.52868" /><trkpt lat="46.59365" lon="6.5287" /><trkpt lat="46.59385" lon="6.52872" /><trkpt lat="46.59404" lon="6.52872" /><trkpt lat="46.59423" lon="6.52873" /><trkpt lat="46.59442" lon="6.52872" /><trkpt lat="46.59462" lon="6.52871" /><trkpt lat="46.59479" lon="6.52869" /><trkpt lat="46.59498" lon="6.52866" /><trkpt lat="46.5952" lon="6.52862" /><trkpt lat="46.59537" lon="6.52858" /><trkpt lat="46.59561" lon="6.52852" /><trkpt lat="46.59576" lon="6.52848" /><trkpt lat="46.59594" lon="6.52841" /><trkpt lat="46.59613" lon="6.52834" /><trkpt lat="46.59622" lon="6.5283" /><trkpt lat="46.59636" lon="6.52824" /><trkpt lat="46.59649" lon="6.52818" /><trkpt lat="46.59668" lon="6.52808" /><trkpt lat="46.59685" lon="6.52799" /><trkpt lat="46.59702" lon="6.5279" /><trkpt lat="46.59717" lon="6.52781" /><trkpt lat="46.60079" lon="6.52572" /><trkpt lat="46.60098" lon="6.52562" /><trkpt lat="46.60114" lon="6.52553" /><trkpt lat="46.60124" lon="6.52547" /><trkpt lat="46.60135" lon="6.52542" /><trkpt lat="46.60146" lon="6.52537" /><trkpt lat="46.60157" lon="6.52531" /><trkpt lat="46.60173" lon="6.52524" /><trkpt lat="46.60183" lon="6.5252" /><trkpt lat="46.60192" lon="6.52517" /><trkpt lat="46.60201" lon="6.52513" /><trkpt lat="46.60208" lon="6.52511" /><trkpt lat="46.60256" lon="6.52494" /><trkpt lat="46.60263" lon="6.52492" /><trkpt lat="46.60339" lon="6.52466" /><trkpt lat="46.60365" lon="6.52457" /><trkpt lat="46.60386" lon="6.5245" /><trkpt lat="46.60508" lon="6.52413" /><trkpt lat="46.60564" lon="6.52396" /><trkpt lat="46.60595" lon="6.52387" /><trkpt lat="46.60625" lon="6.52377" /><trkpt lat="46.60642" lon="6.52371" /><trkpt lat="46.6066" lon="6.52364" /><trkpt lat="46.6067" lon="6.5236" /><trkpt lat="46.60693" lon="6.52349" /><trkpt lat="46.6071" lon="6.5234" /><trkpt lat="46.60724" lon="6.52331" /><trkpt lat="46.60744" lon="6.52318" /><trkpt lat="46.60758" lon="6.52309" /><trkpt lat="46.60773" lon="6.52297" /><trkpt lat="46.60783" lon="6.52289" /><trkpt lat="46.60792" lon="6.52281" /><trkpt lat="46.60802" lon="6.52273" /><trkpt lat="46.60812" lon="6.52263" /><trkpt lat="46.60832" lon="6.52245" /><trkpt lat="46.60845" lon="6.52233" /><trkpt lat="46.60861" lon="6.52217" /><trkpt lat="46.60921" lon="6.52158" /><trkpt lat="46.6124" lon="6.51845" /><trkpt lat="46.61256" lon="6.51831" /><trkpt lat="46.61272" lon="6.51816" /><trkpt lat="46.61285" lon="6.51805" /><trkpt lat="46.61304" lon="6.51789" /><trkpt lat="46.61314" lon="6.51782" /><trkpt lat="46.61329" lon="6.51771" /><trkpt lat="46.61343" lon="6.51762" /><trkpt lat="46.6135" lon="6.51758" /><trkpt lat="46.61357" lon="6.51753" /><trkpt lat="46.61372" lon="6.51745" /><trkpt lat="46.61381" lon="6.5174" /><trkpt lat="46.6139" lon="6.51736" /><trkpt lat="46.61404" lon="6.5173" /><trkpt lat="46.61419" lon="6.51724" /><trkpt lat="46.61437" lon="6.51717" /><trkpt lat="46.61452" lon="6.51712" /><trkpt lat="46.61468" lon="6.51708" /><trkpt lat="46.61488" lon="6.51703" /><trkpt lat="46.61504" lon="6.51701" /><trkpt lat="46.61523" lon="6.51699" /><trkpt lat="46.61539" lon="6.51697" /><trkpt lat="46.61558" lon="6.51696" /><trkpt lat="46.61572" lon="6.51696" /><trkpt lat="46.61594" lon="6.51698" /><trkpt lat="46.61607" lon="6.51699" /><trkpt lat="46.61625" lon="6.51701" /><trkpt lat="46.6164" lon="6.51704" /><trkpt lat="46.61658" lon="6.51709" /><trkpt lat="46.61674" lon="6.51713" /><trkpt lat="46.61688" lon="6.51718" /><trkpt lat="46.61705" lon="6.51724" /><trkpt lat="46.61724" lon="6.51732" /><trkpt lat="46.61738" lon="6.51739" /><trkpt lat="46.61756" lon="6.51748" /><trkpt lat="46.61771" lon="6.51756" /><trkpt lat="46.61778" lon="6.51761" /><trkpt lat="46.61789" lon="6.51768" /><trkpt lat="46.61802" lon="6.51777" /><trkpt lat="46.61818" lon="6.51788" /><trkpt lat="46.6183" lon="6.51798" /><trkpt lat="46.61846" lon="6.51812" /><trkpt lat="46.61862" lon="6.51826" /><trkpt lat="46.61875" lon="6.51839" /><trkpt lat="46.61888" lon="6.51853" /><trkpt lat="46.61905" lon="6.51872" /><trkpt lat="46.61917" lon="6.51886" /><trkpt lat="46.6192" lon="6.51891" /><trkpt lat="46.61932" lon="6.51904" /><trkpt lat="46.61947" lon="6.51924" /><trkpt lat="46.6196" lon="6.51941" /><trkpt lat="46.61969" lon="6.51953" /><trkpt lat="46.61984" lon="6.51973" /><trkpt lat="46.61995" lon="6.51988" /><trkpt lat="46.62007" lon="6.52006" /><trkpt lat="46.62019" lon="6.52023" /><trkpt lat="46.62034" lon="6.52044" /><trkpt lat="46.62047" lon="6.52066" /><trkpt lat="46.62075" lon="6.52109" /><trkpt lat="46.62087" lon="6.52129" /><trkpt lat="46.62099" lon="6.52148" /><trkpt lat="46.62111" lon="6.52169" /><trkpt lat="46.62122" lon="6.52189" /><trkpt lat="46.62132" lon="6.52208" /><trkpt lat="46.62141" lon="6.52225" /><trkpt lat="46.62151" lon="6.52244" /><trkpt lat="46.62161" lon="6.52263" /><trkpt lat="46.6218" lon="6.52301" /><trkpt lat="46.62757" lon="6.53505" /><trkpt lat="46.62802" lon="6.53599" /><trkpt lat="46.62831" lon="6.53657" /><trkpt lat="46.62844" lon="6.53684" /><trkpt lat="46.62868" lon="6.53732" /><trkpt lat="46.62877" lon="6.53748" /><trkpt lat="46.62885" lon="6.53763" /><trkpt lat="46.62897" lon="6.53786" /><trkpt lat="46.62909" lon="6.53807" /><trkpt lat="46.62934" lon="6.5385" /><trkpt lat="46.6295" lon="6.53877" /><trkpt lat="46.62966" lon="6.53903" /><trkpt lat="46.62983" lon="6.5393" /><trkpt lat="46.62999" lon="6.53955" /><trkpt lat="46.63022" lon="6.5399" /><trkpt lat="46.63049" lon="6.54029" /><trkpt lat="46.63072" lon="6.54061" /><trkpt lat="46.63098" lon="6.54095" /><trkpt lat="46.6313" lon="6.54137" /><trkpt lat="46.63149" lon="6.5416" /><trkpt lat="46.63166" lon="6.54181" /><trkpt lat="46.63198" lon="6.54218" /><trkpt lat="46.63215" lon="6.54237" /><trkpt lat="46.63234" lon="6.54258" /><trkpt lat="46.63265" lon="6.54291" /><trkpt lat="46.63281" lon="6.54307" /><trkpt lat="46.63298" lon="6.54324" /><trkpt lat="46.63334" lon="6.54358" /><trkpt lat="46.63352" lon="6.54374" /><trkpt lat="46.63372" lon="6.54393" /><trkpt lat="46.63409" lon="6.54425" /><trkpt lat="46.63427" lon="6.54439" /><trkpt lat="46.63454" lon="6.54461" /><trkpt lat="46.63472" lon="6.54475" /><trkpt lat="46.63502" lon="6.54498" /><trkpt lat="46.63517" lon="6.54508" /><trkpt lat="46.63532" lon="6.54519" /><trkpt lat="46.63558" lon="6.54537" /><trkpt lat="46.63575" lon="6.54547" /><trkpt lat="46.63595" lon="6.5456" /><trkpt lat="46.63617" lon="6.54574" /><trkpt lat="46.63649" lon="6.54593" /><trkpt lat="46.63669" lon="6.54604" /><trkpt lat="46.63698" lon="6.5462" /><trkpt lat="46.63729" lon="6.54635" /><trkpt lat="46.63772" lon="6.54655" /><trkpt lat="46.63789" lon="6.54663" /><trkpt lat="46.63815" lon="6.54674" /><trkpt lat="46.63903" lon="6.54712" /><trkpt lat="46.63995" lon="6.54752" /><trkpt lat="46.64054" lon="6.54778" /><trkpt lat="46.64199" lon="6.54839" /><trkpt lat="46.64236" lon="6.54854" /><trkpt lat="46.6431" lon="6.54884" /><trkpt lat="46.64345" lon="6.54898" /><trkpt lat="46.6449" lon="6.5496" /><trkpt lat="46.64635" lon="6.55021" /><trkpt lat="46.65107" lon="6.55221" /><trkpt lat="46.65137" lon="6.55233" /><trkpt lat="46.6516" lon="6.55243" /><trkpt lat="46.65179" lon="6.5525" /><trkpt lat="46.65196" lon="6.55256" /><trkpt lat="46.65211" lon="6.55261" /><trkpt lat="46.65232" lon="6.55267" /><trkpt lat="46.65255" lon="6.55273" /><trkpt lat="46.65288" lon="6.55281" /><trkpt lat="46.65305" lon="6.55285" /><trkpt lat="46.65324" lon="6.55288" /><trkpt lat="46.65355" lon="6.55293" /><trkpt lat="46.65381" lon="6.55296" /><trkpt lat="46.65403" lon="6.55298" /><trkpt lat="46.65423" lon="6.55299" /><trkpt lat="46.65442" lon="6.55299" /><trkpt lat="46.6546" lon="6.553" /><trkpt lat="46.65516" lon="6.55298" /><trkpt lat="46.65529" lon="6.55297" /><trkpt lat="46.6555" lon="6.55295" /><trkpt lat="46.6557" lon="6.55293" /><trkpt lat="46.65589" lon="6.5529" /><trkpt lat="46.65607" lon="6.55287" /><trkpt lat="46.65622" lon="6.55284" /><trkpt lat="46.65641" lon="6.5528" /><trkpt lat="46.65653" lon="6.55277" /><trkpt lat="46.65665" lon="6.55274" /><trkpt lat="46.65676" lon="6.55271" /><trkpt lat="46.65687" lon="6.55268" /><trkpt lat="46.65704" lon="6.55263" /><trkpt lat="46.65721" lon="6.55258" /><trkpt lat="46.65747" lon="6.55249" /><trkpt lat="46.65761" lon="6.55244" /><trkpt lat="46.65775" lon="6.55239" /><trkpt lat="46.65793" lon="6.55232" /><trkpt lat="46.65816" lon="6.55224" /><trkpt lat="46.65845" lon="6.55214" /><trkpt lat="46.65863" lon="6.55207" /><trkpt lat="46.65882" lon="6.552" /><trkpt lat="46.65887" lon="6.55199" /><trkpt lat="46.66167" lon="6.55098" /><trkpt lat="46.66185" lon="6.55092" /><trkpt lat="46.66203" lon="6.55086" /><trkpt lat="46.66218" lon="6.55081" /><trkpt lat="46.66233" lon="6.55076" /><trkpt lat="46.66254" lon="6.55071" /><trkpt lat="46.66267" lon="6.55067" /><trkpt lat="46.66289" lon="6.55062" /><trkpt lat="46.66306" lon="6.55059" /><trkpt lat="46.66322" lon="6.55057" /><trkpt lat="46.66343" lon="6.55055" /><trkpt lat="46.66364" lon="6.55053" /><trkpt lat="46.66381" lon="6.55052" /><trkpt lat="46.66401" lon="6.55052" /><trkpt lat="46.66416" lon="6.55053" /><trkpt lat="46.66424" lon="6.55053" /><trkpt lat="46.66434" lon="6.55054" /><trkpt lat="46.66451" lon="6.55055" /><trkpt lat="46.66465" lon="6.55057" /><trkpt lat="46.66483" lon="6.5506" /><trkpt lat="46.66498" lon="6.55062" /><trkpt lat="46.66514" lon="6.55065" /><trkpt lat="46.66526" lon="6.55068" /><trkpt lat="46.66541" lon="6.55072" /><trkpt lat="46.66556" lon="6.55076" /><trkpt lat="46.6657" lon="6.55081" /><trkpt lat="46.66587" lon="6.55086" /><trkpt lat="46.66595" lon="6.55089" /><trkpt lat="46.6667" lon="6.55118" /><trkpt lat="46.66772" lon="6.55158" /><trkpt lat="46.67011" lon="6.55253" /><trkpt lat="46.67791" lon="6.55561" /><trkpt lat="46.68753" lon="6.55941" /><trkpt lat="46.68866" lon="6.55986" /><trkpt lat="46.68922" lon="6.56008" /><trkpt lat="46.68979" lon="6.5603" /><trkpt lat="46.69024" lon="6.56047" /><trkpt lat="46.69113" lon="6.56083" /><trkpt lat="46.70096" lon="6.56471" /><trkpt lat="46.70116" lon="6.56479" /><trkpt lat="46.70216" lon="6.56518" /><trkpt lat="46.70275" lon="6.56542" /><trkpt lat="46.70313" lon="6.56558" /><trkpt lat="46.70351" lon="6.56574" /><trkpt lat="46.70394" lon="6.56593" /><trkpt lat="46.70424" lon="6.56607" /><trkpt lat="46.70451" lon="6.56618" /><trkpt lat="46.7051" lon="6.56643" /><trkpt lat="46.70567" lon="6.56666" /><trkpt lat="46.70805" lon="6.56764" /><trkpt lat="46.70926" lon="6.56815" /><trkpt lat="46.7099" lon="6.56841" /><trkpt lat="46.71013" lon="6.5685" /><trkpt lat="46.71038" lon="6.56859" /><trkpt lat="46.71054" lon="6.56865" /><trkpt lat="46.7108" lon="6.56873" /><trkpt lat="46.71103" lon="6.5688" /><trkpt lat="46.71143" lon="6.56893" /><trkpt lat="46.71187" lon="6.56907" /><trkpt lat="46.71212" lon="6.56915" /><trkpt lat="46.71236" lon="6.56923" /><trkpt lat="46.71259" lon="6.56932" /><trkpt lat="46.71282" lon="6.56941" /><trkpt lat="46.71374" lon="6.56977" /><trkpt lat="46.71464" lon="6.57013" /><trkpt lat="46.71548" lon="6.57046" /><trkpt lat="46.71549" lon="6.57047" /><trkpt lat="46.71553" lon="6.57048" /><trkpt lat="46.71558" lon="6.5705" /><trkpt lat="46.71699" lon="6.57106" /><trkpt lat="46.7173" lon="6.57118" /><trkpt lat="46.71761" lon="6.57131" /><trkpt lat="46.71777" lon="6.57137" /><trkpt lat="46.71792" lon="6.57144" /><trkpt lat="46.71807" lon="6.57151" /><trkpt lat="46.71823" lon="6.57157" /><trkpt lat="46.71846" lon="6.57168" /><trkpt lat="46.71869" lon="6.5718" /><trkpt lat="46.71892" lon="6.57192" /><trkpt lat="46.71915" lon="6.57204" /><trkpt lat="46.71936" lon="6.57216" /><trkpt lat="46.71956" lon="6.57227" /><trkpt lat="46.71977" lon="6.5724" /><trkpt lat="46.71997" lon="6.57252" /><trkpt lat="46.72021" lon="6.57267" /><trkpt lat="46.72043" lon="6.57282" /><trkpt lat="46.72056" lon="6.57291" /><trkpt lat="46.72068" lon="6.57299" /><trkpt lat="46.72086" lon="6.57313" /><trkpt lat="46.72105" lon="6.57326" /><trkpt lat="46.72123" lon="6.5734" /><trkpt lat="46.72139" lon="6.57353" /><trkpt lat="46.72156" lon="6.57366" /><trkpt lat="46.72172" lon="6.57379" /><trkpt lat="46.72188" lon="6.57393" /><trkpt lat="46.72216" lon="6.57417" /><trkpt lat="46.72259" lon="6.57456" /><trkpt lat="46.72277" lon="6.57473" /><trkpt lat="46.72296" lon="6.57491" /><trkpt lat="46.72315" lon="6.57511" /><trkpt lat="46.72334" lon="6.5753" /><trkpt lat="46.72353" lon="6.57551" /><trkpt lat="46.72372" lon="6.57571" /><trkpt lat="46.72389" lon="6.57591" /><trkpt lat="46.72407" lon="6.5761" /><trkpt lat="46.72424" lon="6.57631" /><trkpt lat="46.72441" lon="6.57651" /><trkpt lat="46.72464" lon="6.57679" /><trkpt lat="46.72785" lon="6.58079" /><trkpt lat="46.72852" lon="6.58162" /><trkpt lat="46.72886" lon="6.58203" /><trkpt lat="46.72902" lon="6.58224" /><trkpt lat="46.72919" lon="6.58244" /><trkpt lat="46.72935" lon="6.58263" /><trkpt lat="46.72952" lon="6.58281" /><trkpt lat="46.72965" lon="6.58297" /><trkpt lat="46.72979" lon="6.58312" /><trkpt lat="46.72993" lon="6.58326" /><trkpt lat="46.73006" lon="6.58341" /><trkpt lat="46.7302" lon="6.58355" /><trkpt lat="46.73034" lon="6.58369" /><trkpt lat="46.73048" lon="6.58382" /><trkpt lat="46.73062" lon="6.58396" /><trkpt lat="46.73076" lon="6.58409" /><trkpt lat="46.7309" lon="6.58422" /><trkpt lat="46.73104" lon="6.58435" /><trkpt lat="46.73119" lon="6.58448" /><trkpt lat="46.73133" lon="6.5846" /><trkpt lat="46.73148" lon="6.58473" /><trkpt lat="46.73159" lon="6.58482" /><trkpt lat="46.73162" lon="6.58485" /><trkpt lat="46.73177" lon="6.58497" /><trkpt lat="46.73192" lon="6.58509" /><trkpt lat="46.73207" lon="6.5852" /><trkpt lat="46.73221" lon="6.58531" /><trkpt lat="46.73236" lon="6.58542" /><trkpt lat="46.7325" lon="6.58553" /><trkpt lat="46.73265" lon="6.58563" /><trkpt lat="46.73294" lon="6.58584" /><trkpt lat="46.73324" lon="6.58604" /><trkpt lat="46.73487" lon="6.58717" /><trkpt lat="46.73569" lon="6.58774" /><trkpt lat="46.73589" lon="6.58788" /><trkpt lat="46.7361" lon="6.58802" /><trkpt lat="46.7365" lon="6.58832" /><trkpt lat="46.73667" lon="6.58845" /><trkpt lat="46.73684" lon="6.58859" /><trkpt lat="46.737" lon="6.58873" /><trkpt lat="46.73716" lon="6.58886" /><trkpt lat="46.73731" lon="6.589" /><trkpt lat="46.73747" lon="6.58915" /><trkpt lat="46.73764" lon="6.58931" /><trkpt lat="46.7378" lon="6.58947" /><trkpt lat="46.73796" lon="6.58963" /><trkpt lat="46.73812" lon="6.5898" /><trkpt lat="46.73827" lon="6.58997" /><trkpt lat="46.73842" lon="6.59014" /><trkpt lat="46.73857" lon="6.59031" /><trkpt lat="46.73871" lon="6.59048" /><trkpt lat="46.73888" lon="6.59069" /><trkpt lat="46.73905" lon="6.59091" /><trkpt lat="46.73917" lon="6.59106" /><trkpt lat="46.73928" lon="6.59121" /><trkpt lat="46.73939" lon="6.59137" /><trkpt lat="46.7395" lon="6.59153" /><trkpt lat="46.73959" lon="6.59165" /><trkpt lat="46.73967" lon="6.59177" /><trkpt lat="46.73976" lon="6.5919" /><trkpt lat="46.73984" lon="6.59203" /><trkpt lat="46.73997" lon="6.59223" /><trkpt lat="46.74009" lon="6.59243" /><trkpt lat="46.74022" lon="6.59264" /><trkpt lat="46.74034" lon="6.59285" /><trkpt lat="46.74042" lon="6.59299" /><trkpt lat="46.74045" lon="6.59305" /><trkpt lat="46.74056" lon="6.59325" /><trkpt lat="46.74067" lon="6.59345" /><trkpt lat="46.74078" lon="6.59366" /><trkpt lat="46.7409" lon="6.5939" /><trkpt lat="46.74102" lon="6.59414" /><trkpt lat="46.74113" lon="6.59439" /><trkpt lat="46.74125" lon="6.59464" /><trkpt lat="46.74134" lon="6.59486" /><trkpt lat="46.74144" lon="6.59508" /><trkpt lat="46.74153" lon="6.5953" /><trkpt lat="46.74162" lon="6.59553" /><trkpt lat="46.74169" lon="6.5957" /><trkpt lat="46.74175" lon="6.59587" /><trkpt lat="46.74182" lon="6.59604" /><trkpt lat="46.74188" lon="6.59622" /><trkpt lat="46.74194" lon="6.59639" /><trkpt lat="46.742" lon="6.59657" /><trkpt lat="46.74206" lon="6.59674" /><trkpt lat="46.74212" lon="6.59692" /><trkpt lat="46.7422" lon="6.59717" /><trkpt lat="46.74228" lon="6.59742" /><trkpt lat="46.74342" lon="6.60101" /><trkpt lat="46.74356" lon="6.60144" /><trkpt lat="46.74363" lon="6.60166" /><trkpt lat="46.7437" lon="6.60187" /><trkpt lat="46.7438" lon="6.60217" /><trkpt lat="46.74391" lon="6.60246" /><trkpt lat="46.74402" lon="6.60275" /><trkpt lat="46.74408" lon="6.6029" /><trkpt lat="46.74413" lon="6.60304" /><trkpt lat="46.74419" lon="6.60319" /><trkpt lat="46.74425" lon="6.60334" /><trkpt lat="46.74432" lon="6.60348" /><trkpt lat="46.74438" lon="6.60363" /><trkpt lat="46.74444" lon="6.60377" /><trkpt lat="46.74451" lon="6.60391" /><trkpt lat="46.74457" lon="6.60406" /><trkpt lat="46.74464" lon="6.6042" /><trkpt lat="46.74472" lon="6.60436" /><trkpt lat="46.7448" lon="6.60452" /><trkpt lat="46.74488" lon="6.60468" /><trkpt lat="46.74496" lon="6.60484" /><trkpt lat="46.7451" lon="6.60512" /><trkpt lat="46.74525" lon="6.60539" /><trkpt lat="46.74556" lon="6.60593" /><trkpt lat="46.74635" lon="6.60731" /><trkpt lat="46.74673" lon="6.60796" /><trkpt lat="46.74705" lon="6.60854" /><trkpt lat="46.74706" lon="6.60855" /><trkpt lat="46.74717" lon="6.60873" /><trkpt lat="46.74728" lon="6.60891" /><trkpt lat="46.74743" lon="6.60912" /><trkpt lat="46.74765" lon="6.60948" /><trkpt lat="46.74816" lon="6.61037" /><trkpt lat="46.74849" lon="6.61095" /><trkpt lat="46.74883" lon="6.61154" /><trkpt lat="46.75269" lon="6.61828" /><trkpt lat="46.75368" lon="6.62" /><trkpt lat="46.75387" lon="6.62034" /><trkpt lat="46.75466" lon="6.62172" /><trkpt lat="46.75491" lon="6.62213" /><trkpt lat="46.75515" lon="6.62254" /><trkpt lat="46.7554" lon="6.62295" /><trkpt lat="46.75552" lon="6.62315" /><trkpt lat="46.75565" lon="6.62334" /><trkpt lat="46.75581" lon="6.6236" /><trkpt lat="46.75598" lon="6.62385" /><trkpt lat="46.75614" lon="6.6241" /><trkpt lat="46.75631" lon="6.62435" /><trkpt lat="46.75644" lon="6.62454" /><trkpt lat="46.75657" lon="6.62472" /><trkpt lat="46.7567" lon="6.62491" /><trkpt lat="46.75683" lon="6.62509" /><trkpt lat="46.757" lon="6.62532" /><trkpt lat="46.75717" lon="6.62555" /><trkpt lat="46.75733" lon="6.62578" /><trkpt lat="46.7575" lon="6.626" /><trkpt lat="46.75768" lon="6.62622" /><trkpt lat="46.75785" lon="6.62644" /><trkpt lat="46.75802" lon="6.62666" /><trkpt lat="46.7582" lon="6.62688" /><trkpt lat="46.75836" lon="6.62708" /><trkpt lat="46.75853" lon="6.62728" /><trkpt lat="46.75871" lon="6.62749" /><trkpt lat="46.75889" lon="6.6277" /><trkpt lat="46.75926" lon="6.62812" /><trkpt lat="46.75966" lon="6.62856" /><trkpt lat="46.76007" lon="6.629" /><trkpt lat="46.7603" lon="6.62925" /><trkpt lat="46.76088" lon="6.62988" /><trkpt lat="46.76128" lon="6.63032" /><trkpt lat="46.76167" lon="6.63074" /><trkpt lat="46.76206" lon="6.63116" /><trkpt lat="46.76244" lon="6.63157" /><trkpt lat="46.76283" lon="6.63199" /><trkpt lat="46.76319" lon="6.63238" /><trkpt lat="46.76357" lon="6.63279" /><trkpt lat="46.76394" lon="6.63319" /><trkpt lat="46.76432" lon="6.6336" /><trkpt lat="46.76472" lon="6.63404" /><trkpt lat="46.76514" lon="6.63449" /><trkpt lat="46.76541" lon="6.63478" /><trkpt lat="46.76552" lon="6.6349" /><trkpt lat="46.76567" lon="6.63507" /><trkpt lat="46.76581" lon="6.63524" /><trkpt lat="46.76594" lon="6.63541" /><trkpt lat="46.766" lon="6.63549" /><trkpt lat="46.76607" lon="6.63558" /><trkpt lat="46.76614" lon="6.63568" /><trkpt lat="46.76623" lon="6.63581" /><trkpt lat="46.76631" lon="6.63593" /><trkpt lat="46.76638" lon="6.63604" /><trkpt lat="46.76643" lon="6.63612" /><trkpt lat="46.76648" lon="6.63621" /><trkpt lat="46.76653" lon="6.6363" /><trkpt lat="46.76658" lon="6.63639" /><trkpt lat="46.76665" lon="6.63652" /><trkpt lat="46.76672" lon="6.63666" /><trkpt lat="46.7668" lon="6.63681" /><trkpt lat="46.76687" lon="6.63696" /><trkpt lat="46.76696" lon="6.63717" /><trkpt lat="46.76702" lon="6.63733" /><trkpt lat="46.76709" lon="6.6375" /><trkpt lat="46.76715" lon="6.63766" /><trkpt lat="46.76721" lon="6.63784" /><trkpt lat="46.76725" lon="6.63796" /><trkpt lat="46.76728" lon="6.63807" /><trkpt lat="46.76731" lon="6.63816" /><trkpt lat="46.76737" lon="6.63836" /><trkpt lat="46.76742" lon="6.63856" /><trkpt lat="46.76748" lon="6.63881" /><trkpt lat="46.76752" lon="6.63902" /><trkpt lat="46.76756" lon="6.63919" /><trkpt lat="46.76759" lon="6.63936" /><trkpt lat="46.76762" lon="6.63954" /><trkpt lat="46.76764" lon="6.63971" /><trkpt lat="46.76767" lon="6.63989" /><trkpt lat="46.76769" lon="6.64005" /><trkpt lat="46.7677" lon="6.64023" /><trkpt lat="46.76772" lon="6.64043" /><trkpt lat="46.76773" lon="6.64062" /><trkpt lat="46.76774" lon="6.64075" /><trkpt lat="46.76775" lon="6.64088" /><trkpt lat="46.76775" lon="6.64101" /><trkpt lat="46.76775" lon="6.64113" /><trkpt lat="46.76775" lon="6.6413" /><trkpt lat="46.76775" lon="6.64151" /><trkpt lat="46.76775" lon="6.64172" /><trkpt lat="46.76774" lon="6.64193" /><trkpt lat="46.76773" lon="6.64213" /><trkpt lat="46.76772" lon="6.6423" /><trkpt lat="46.76771" lon="6.6425" /><trkpt lat="46.76764" lon="6.64405" /><trkpt lat="46.76761" lon="6.64474" /><trkpt lat="46.7676" lon="6.64508" /><trkpt lat="46.76759" lon="6.64539" /><trkpt lat="46.76759" lon="6.6456" /><trkpt lat="46.7676" lon="6.64579" /><trkpt lat="46.76761" lon="6.64605" /><trkpt lat="46.76762" lon="6.64627" /><trkpt lat="46.76764" lon="6.64645" /><trkpt lat="46.76766" lon="6.64663" /><trkpt lat="46.76767" lon="6.64677" /><trkpt lat="46.7677" lon="6.64695" /><trkpt lat="46.76772" lon="6.64711" /><trkpt lat="46.76775" lon="6.64731" /><trkpt lat="46.76779" lon="6.6475" /><trkpt lat="46.76782" lon="6.64767" /><trkpt lat="46.76786" lon="6.64785" /><trkpt lat="46.7679" lon="6.64803" /><trkpt lat="46.76795" lon="6.64823" /><trkpt lat="46.76801" lon="6.64842" /><trkpt lat="46.76806" lon="6.6486" /><trkpt lat="46.76811" lon="6.64876" /><trkpt lat="46.76817" lon="6.64894" /><trkpt lat="46.76823" lon="6.6491" /><trkpt lat="46.7683" lon="6.64929" /><trkpt lat="46.7684" lon="6.64953" /><trkpt lat="46.76849" lon="6.64973" /><trkpt lat="46.76859" lon="6.64995" /><trkpt lat="46.76869" lon="6.65016" /><trkpt lat="46.7688" lon="6.65035" /><trkpt lat="46.76892" lon="6.65055" /><trkpt lat="46.76903" lon="6.65074" /><trkpt lat="46.76915" lon="6.65092" /><trkpt lat="46.76928" lon="6.6511" /><trkpt lat="46.76941" lon="6.65127" /><trkpt lat="46.76954" lon="6.65144" /><trkpt lat="46.76967" lon="6.6516" /><trkpt lat="46.76979" lon="6.65173" /><trkpt lat="46.76988" lon="6.65182" /><trkpt lat="46.76998" lon="6.65192" /><trkpt lat="46.77009" lon="6.65202" /><trkpt lat="46.77021" lon="6.65213" /><trkpt lat="46.77034" lon="6.65224" /><trkpt lat="46.77049" lon="6.65236" /><trkpt lat="46.77063" lon="6.65246" /><trkpt lat="46.77077" lon="6.65256" /><trkpt lat="46.7709" lon="6.65264" /><trkpt lat="46.77109" lon="6.65275" /><trkpt lat="46.77121" lon="6.65281" /><trkpt lat="46.77141" lon="6.6529" /><trkpt lat="46.77156" lon="6.65297" /><trkpt lat="46.77183" lon="6.65308" /><trkpt lat="46.77333" lon="6.65369" /><trkpt lat="46.77425" lon="6.65407" /><trkpt lat="46.77442" lon="6.65413" /><trkpt lat="46.77451" lon="6.65417" /><trkpt lat="46.77459" lon="6.6542" /><trkpt lat="46.77468" lon="6.65423" /><trkpt lat="46.77477" lon="6.65426" /><trkpt lat="46.77485" lon="6.65428" /><trkpt lat="46.77493" lon="6.6543" /><trkpt lat="46.77503" lon="6.65432" /><trkpt lat="46.77513" lon="6.65434" /><trkpt lat="46.77522" lon="6.65436" /><trkpt lat="46.77532" lon="6.65437" /><trkpt lat="46.77542" lon="6.65438" /><trkpt lat="46.77555" lon="6.65439" /><trkpt lat="46.77564" lon="6.65439" /><trkpt lat="46.77575" lon="6.65439" /><trkpt lat="46.77584" lon="6.65438" /><trkpt lat="46.77595" lon="6.65437" /><trkpt lat="46.77605" lon="6.65436" /><trkpt lat="46.77614" lon="6.65435" /><trkpt lat="46.77624" lon="6.65433" /><trkpt lat="46.77634" lon="6.65431" /><trkpt lat="46.77644" lon="6.65428" /><trkpt lat="46.77655" lon="6.65425" /><trkpt lat="46.77664" lon="6.65421" /><trkpt lat="46.77671" lon="6.65418" /><trkpt lat="46.77681" lon="6.65414" /><trkpt lat="46.7769" lon="6.6541" /><trkpt lat="46.77699" lon="6.65405" /><trkpt lat="46.77709" lon="6.65399" /><trkpt lat="46.77721" lon="6.65392" /><trkpt lat="46.77733" lon="6.65384" /><trkpt lat="46.77745" lon="6.65375" /><trkpt lat="46.77753" lon="6.65368" /><trkpt lat="46.77761" lon="6.65362" /><trkpt lat="46.77771" lon="6.65352" /><trkpt lat="46.77778" lon="6.65345" /><trkpt lat="46.77785" lon="6.65338" /><trkpt lat="46.77798" lon="6.65324" /><trkpt lat="46.77808" lon="6.65311" /><trkpt lat="46.77816" lon="6.65301" /><trkpt lat="46.77824" lon="6.6529" /><trkpt lat="46.77829" lon="6.65282" /><trkpt lat="46.77835" lon="6.65273" /><trkpt lat="46.77846" lon="6.65256" /><trkpt lat="46.77855" lon="6.65241" /><trkpt lat="46.77863" lon="6.65224" /><trkpt lat="46.77871" lon="6.65209" /><trkpt lat="46.77878" lon="6.65193" /><trkpt lat="46.77883" lon="6.65181" /><trkpt lat="46.77888" lon="6.65168" /><trkpt lat="46.77893" lon="6.65153" /><trkpt lat="46.77898" lon="6.65139" /><trkpt lat="46.77903" lon="6.65123" /><trkpt lat="46.77908" lon="6.65105" /><trkpt lat="46.77913" lon="6.65089" /><trkpt lat="46.77926" lon="6.65036" /><trkpt lat="46.77932" lon="6.65013" /><trkpt lat="46.77941" lon="6.64978" /><trkpt lat="46.7799" lon="6.64782" /><trkpt lat="46.78003" lon="6.6473" /><trkpt lat="46.78009" lon="6.64704" /><trkpt lat="46.78015" lon="6.6468" /><trkpt lat="46.78055" lon="6.64502" /><trkpt lat="46.78068" lon="6.64446" /><trkpt lat="46.78082" lon="6.64391" /><trkpt lat="46.78091" lon="6.64357" /><trkpt lat="46.78092" lon="6.64353" /><trkpt lat="46.78121" lon="6.64239" /><trkpt lat="46.78133" lon="6.64193" /><trkpt lat="46.78141" lon="6.64163" /><trkpt lat="46.78157" lon="6.641" /><trkpt lat="46.78174" lon="6.64036" /><trkpt lat="46.78194" lon="6.63958" /><trkpt lat="46.782" lon="6.63936" /><trkpt lat="46.78206" lon="6.63915" /><trkpt lat="46.7821" lon="6.63901" /><trkpt lat="46.78214" lon="6.63886" /><trkpt lat="46.78219" lon="6.63872" /><trkpt lat="46.78224" lon="6.63857" /><trkpt lat="46.78231" lon="6.63838" /><trkpt lat="46.78238" lon="6.63821" /><trkpt lat="46.78243" lon="6.6381" /><trkpt lat="46.78252" lon="6.63789" /><trkpt lat="46.78272" lon="6.63746" /><trkpt lat="46.7828" lon="6.63728" /><trkpt lat="46.78319" lon="6.63651" /><trkpt lat="46.78329" lon="6.63632" /><trkpt lat="46.78338" lon="6.63615" /><trkpt lat="46.78349" lon="6.63598" /><trkpt lat="46.78355" lon="6.63589" /><trkpt lat="46.78368" lon="6.6357" /><trkpt lat="46.78378" lon="6.63556" /><trkpt lat="46.78389" lon="6.63543" /><trkpt lat="46.78401" lon="6.63527" /><trkpt lat="46.7841" lon="6.63518" /><trkpt lat="46.78418" lon="6.6351" /><trkpt lat="46.78425" lon="6.63503" /><trkpt lat="46.78436" lon="6.63493" /><trkpt lat="46.78444" lon="6.63486" /><trkpt lat="46.78453" lon="6.63478" /><trkpt lat="46.78465" lon="6.63469" /><trkpt lat="46.78474" lon="6.63462" /><trkpt lat="46.7849" lon="6.6345" /><trkpt lat="46.78497" lon="6.63446" /><trkpt lat="46.78507" lon="6.63439" /><trkpt lat="46.7854" lon="6.63417" /><trkpt lat="46.78581" lon="6.63389" /><trkpt lat="46.78589" lon="6.63383" /><trkpt lat="46.78629" lon="6.63356" /><trkpt lat="46.78678" lon="6.63322" /><trkpt lat="46.78701" lon="6.63306" /><trkpt lat="46.78724" lon="6.63291" /><trkpt lat="46.78778" lon="6.63255" /><trkpt lat="46.78818" lon="6.63229" /><trkpt lat="46.78865" lon="6.63198" /><trkpt lat="46.79139" lon="6.63019" /><trkpt lat="46.79159" lon="6.63006" /><trkpt lat="46.79179" lon="6.62994" /><trkpt lat="46.79204" lon="6.62978" /><trkpt lat="46.79229" lon="6.62964" /><trkpt lat="46.79249" lon="6.62953" /><trkpt lat="46.7927" lon="6.62943" /><trkpt lat="46.79291" lon="6.62934" /><trkpt lat="46.79309" lon="6.62926" /><trkpt lat="46.79324" lon="6.6292" /><trkpt lat="46.79341" lon="6.62914" /><trkpt lat="46.79348" lon="6.62912" /><trkpt lat="46.79366" lon="6.62906" /><trkpt lat="46.79384" lon="6.629" /><trkpt lat="46.79408" lon="6.62894" /><trkpt lat="46.79419" lon="6.62892" /><trkpt lat="46.79433" lon="6.62888" /><trkpt lat="46.79443" lon="6.62887" /><trkpt lat="46.79457" lon="6.62884" /><trkpt lat="46.7947" lon="6.62882" /><trkpt lat="46.79493" lon="6.62879" /><trkpt lat="46.79512" lon="6.62877" /><trkpt lat="46.79527" lon="6.62876" /><trkpt lat="46.79541" lon="6.62876" /><trkpt lat="46.79555" lon="6.62875" /><trkpt lat="46.7957" lon="6.62875" /><trkpt lat="46.7959" lon="6.62876" /><trkpt lat="46.79603" lon="6.62876" /><trkpt lat="46.79616" lon="6.62877" /><trkpt lat="46.79629" lon="6.62878" /><trkpt lat="46.79641" lon="6.62879" /><trkpt lat="46.79651" lon="6.62881" /><trkpt lat="46.79661" lon="6.62882" /><trkpt lat="46.79673" lon="6.62884" /><trkpt lat="46.79684" lon="6.62886" /><trkpt lat="46.797" lon="6.62889" /><trkpt lat="46.79716" lon="6.62892" /><trkpt lat="46.79729" lon="6.62896" /><trkpt lat="46.79738" lon="6.62898" /><trkpt lat="46.79755" lon="6.62903" /><trkpt lat="46.79772" lon="6.62908" /><trkpt lat="46.79782" lon="6.62911" /><trkpt lat="46.79792" lon="6.62915" /><trkpt lat="46.79801" lon="6.62918" /><trkpt lat="46.79811" lon="6.62922" /><trkpt lat="46.79822" lon="6.62926" /><trkpt lat="46.79832" lon="6.6293" /><trkpt lat="46.79843" lon="6.62935" /><trkpt lat="46.79853" lon="6.62939" /><trkpt lat="46.79873" lon="6.62949" /><trkpt lat="46.79894" lon="6.6296" /><trkpt lat="46.79905" lon="6.62966" /><trkpt lat="46.79914" lon="6.62971" /><trkpt lat="46.79934" lon="6.62983" /><trkpt lat="46.79945" lon="6.6299" /><trkpt lat="46.79956" lon="6.62997" /><trkpt lat="46.79978" lon="6.63011" /><trkpt lat="46.79997" lon="6.63025" /><trkpt lat="46.80015" lon="6.63039" /><trkpt lat="46.80024" lon="6.63046" /><trkpt lat="46.80033" lon="6.63053" /><trkpt lat="46.80053" lon="6.6307" /><trkpt lat="46.80072" lon="6.63087" /><trkpt lat="46.8009" lon="6.63104" /><trkpt lat="46.80107" lon="6.63121" /><trkpt lat="46.80125" lon="6.63139" /><trkpt lat="46.80141" lon="6.63157" /><trkpt lat="46.80157" lon="6.63174" /><trkpt lat="46.8017" lon="6.63191" /><trkpt lat="46.80183" lon="6.63206" /><trkpt lat="46.80193" lon="6.63219" /><trkpt lat="46.80206" lon="6.63236" /><trkpt lat="46.80221" lon="6.63256" /><trkpt lat="46.80231" lon="6.6327" /><trkpt lat="46.80242" lon="6.63286" /><trkpt lat="46.80251" lon="6.633" /><trkpt lat="46.80266" lon="6.63323" /><trkpt lat="46.80279" lon="6.63345" /><trkpt lat="46.80291" lon="6.63367" /><trkpt lat="46.80303" lon="6.63387" /><trkpt lat="46.80316" lon="6.63413" /><trkpt lat="46.80329" lon="6.63438" /><trkpt lat="46.8034" lon="6.6346" /><trkpt lat="46.80351" lon="6.63483" /><trkpt lat="46.8036" lon="6.63503" /><trkpt lat="46.80371" lon="6.63527" /><trkpt lat="46.80391" lon="6.63573" /><trkpt lat="46.80417" lon="6.63634" /><trkpt lat="46.80423" lon="6.63647" /><trkpt lat="46.80449" lon="6.6371" /><trkpt lat="46.80456" lon="6.63727" /><trkpt lat="46.80469" lon="6.63762" /><trkpt lat="46.80481" lon="6.63794" /><trkpt lat="46.80492" lon="6.63825" /><trkpt lat="46.80515" lon="6.6389" /><trkpt lat="46.80535" lon="6.63949" /><trkpt lat="46.80554" lon="6.64003" /><trkpt lat="46.80577" lon="6.64068" /><trkpt lat="46.80586" lon="6.64095" /><trkpt lat="46.80604" lon="6.64146" /><trkpt lat="46.80616" lon="6.64182" /><trkpt lat="46.80623" lon="6.64198" /><trkpt lat="46.80628" lon="6.64213" /><trkpt lat="46.80639" lon="6.64239" /><trkpt lat="46.80646" lon="6.64256" /><trkpt lat="46.80654" lon="6.64273" /><trkpt lat="46.80662" lon="6.6429" /><trkpt lat="46.80664" lon="6.64296" /><trkpt lat="46.8067" lon="6.64307" /><trkpt lat="46.80678" lon="6.64323" /><trkpt lat="46.80685" lon="6.64337" /><trkpt lat="46.80695" lon="6.64355" /><trkpt lat="46.80704" lon="6.64371" /><trkpt lat="46.80716" lon="6.64392" /><trkpt lat="46.80729" lon="6.64412" /><trkpt lat="46.80751" lon="6.64447" /><trkpt lat="46.80796" lon="6.64518" /><trkpt lat="46.80823" lon="6.64561" /><trkpt lat="46.80848" lon="6.64601" /><trkpt lat="46.80876" lon="6.64646" /><trkpt lat="46.80908" lon="6.64695" /><trkpt lat="46.80938" lon="6.64743" /><trkpt lat="46.80956" lon="6.64773" /><trkpt lat="46.80983" lon="6.64815" /><trkpt lat="46.81005" lon="6.6485" /><trkpt lat="46.81039" lon="6.64904" /><trkpt lat="46.81073" lon="6.64958" /><trkpt lat="46.81107" lon="6.65012" /><trkpt lat="46.81141" lon="6.65066" /><trkpt lat="46.81174" lon="6.65118" /><trkpt lat="46.81206" lon="6.65171" /><trkpt lat="46.81237" lon="6.65225" /><trkpt lat="46.81267" lon="6.6528" /><trkpt lat="46.813" lon="6.6534" /><trkpt lat="46.81332" lon="6.65399" /><trkpt lat="46.81365" lon="6.65459" /><trkpt lat="46.81397" lon="6.65518" /><trkpt lat="46.81426" lon="6.65572" /><trkpt lat="46.81451" lon="6.65616" /><trkpt lat="46.81477" lon="6.6566" /><trkpt lat="46.81505" lon="6.65702" /><trkpt lat="46.81532" lon="6.6574" /><trkpt lat="46.81562" lon="6.65777" /><trkpt lat="46.81593" lon="6.65813" /><trkpt lat="46.81624" lon="6.65849" /><trkpt lat="46.81655" lon="6.65885" /><trkpt lat="46.81684" lon="6.65924" /><trkpt lat="46.81699" lon="6.65944" /><trkpt lat="46.81712" lon="6.65964" /><trkpt lat="46.81726" lon="6.65985" /><trkpt lat="46.81739" lon="6.66007" /><trkpt lat="46.81751" lon="6.66029" /><trkpt lat="46.81763" lon="6.66052" /><trkpt lat="46.81775" lon="6.66075" /><trkpt lat="46.81787" lon="6.66099" /><trkpt lat="46.81798" lon="6.66122" /><trkpt lat="46.81808" lon="6.66147" /><trkpt lat="46.81818" lon="6.66171" /><trkpt lat="46.81828" lon="6.66197" /><trkpt lat="46.81837" lon="6.66222" /><trkpt lat="46.81846" lon="6.66248" /><trkpt lat="46.81854" lon="6.66274" /><trkpt lat="46.81862" lon="6.66301" /><trkpt lat="46.81869" lon="6.66328" /><trkpt lat="46.81876" lon="6.66355" /><trkpt lat="46.81888" lon="6.66406" /><trkpt lat="46.81902" lon="6.66463" /><trkpt lat="46.81918" lon="6.66529" /><trkpt lat="46.81933" lon="6.66597" /><trkpt lat="46.81951" lon="6.66668" /><trkpt lat="46.81967" lon="6.6674" /><trkpt lat="46.81985" lon="6.66812" /><trkpt lat="46.82002" lon="6.66883" /><trkpt lat="46.82017" lon="6.66948" /><trkpt lat="46.82025" lon="6.66981" /><trkpt lat="46.82032" lon="6.67006" /><trkpt lat="46.8204" lon="6.67036" /><trkpt lat="46.82049" lon="6.67064" /><trkpt lat="46.82058" lon="6.67093" /><trkpt lat="46.82067" lon="6.67121" /><trkpt lat="46.82077" lon="6.67149" /><trkpt lat="46.82088" lon="6.67176" /><trkpt lat="46.82099" lon="6.67203" /><trkpt lat="46.8211" lon="6.6723" /><trkpt lat="46.82134" lon="6.67283" /><trkpt lat="46.82161" lon="6.67338" /><trkpt lat="46.82189" lon="6.67399" /><trkpt lat="46.82218" lon="6.67459" /><trkpt lat="46.82247" lon="6.67519" /><trkpt lat="46.82272" lon="6.6757" /><trkpt lat="46.82295" lon="6.67617" /><trkpt lat="46.8232" lon="6.67661" /><trkpt lat="46.82347" lon="6.67704" /><trkpt lat="46.82374" lon="6.67743" /><trkpt lat="46.82404" lon="6.67782" /><trkpt lat="46.82433" lon="6.67816" /><trkpt lat="46.82463" lon="6.67849" /><trkpt lat="46.82495" lon="6.6788" /><trkpt lat="46.82499" lon="6.67883" /><trkpt lat="46.82511" lon="6.67895" /><trkpt lat="46.82528" lon="6.67911" /><trkpt lat="46.82562" lon="6.67944" /><trkpt lat="46.82604" lon="6.67984" /><trkpt lat="46.8262" lon="6.68" /><trkpt lat="46.82736" lon="6.6811" /><trkpt lat="46.82778" lon="6.6815" /><trkpt lat="46.82813" lon="6.68185" /><trkpt lat="46.82848" lon="6.68222" /><trkpt lat="46.82882" lon="6.68261" /><trkpt lat="46.82913" lon="6.68303" /><trkpt lat="46.82943" lon="6.68345" /><trkpt lat="46.82972" lon="6.68391" /><trkpt lat="46.83" lon="6.68437" /><trkpt lat="46.83026" lon="6.68487" /><trkpt lat="46.83049" lon="6.68535" /><trkpt lat="46.83072" lon="6.68585" /><trkpt lat="46.83096" lon="6.68641" /><trkpt lat="46.83148" lon="6.68761" /><trkpt lat="46.83161" lon="6.68789" /><trkpt lat="46.83188" lon="6.68849" /><trkpt lat="46.83217" lon="6.6891" /><trkpt lat="46.83258" lon="6.69" /><trkpt lat="46.83274" lon="6.69036" /><trkpt lat="46.83304" lon="6.691" /><trkpt lat="46.83332" lon="6.69164" /><trkpt lat="46.83359" lon="6.69226" /><trkpt lat="46.83387" lon="6.6929" /><trkpt lat="46.83414" lon="6.69352" /><trkpt lat="46.83444" lon="6.69416" /><trkpt lat="46.83473" lon="6.69478" /><trkpt lat="46.8356" lon="6.69668" /><trkpt lat="46.83624" lon="6.69808" /><trkpt lat="46.8363" lon="6.69822" /><trkpt lat="46.83698" lon="6.69969" /><trkpt lat="46.83724" lon="6.70026" /><trkpt lat="46.83756" lon="6.70095" /><trkpt lat="46.83771" lon="6.70125" /><trkpt lat="46.83785" lon="6.70154" /><trkpt lat="46.83799" lon="6.70183" /><trkpt lat="46.83814" lon="6.70212" /><trkpt lat="46.83845" lon="6.70271" /><trkpt lat="46.83877" lon="6.70329" /><trkpt lat="46.83909" lon="6.70384" /><trkpt lat="46.83942" lon="6.70439" /><trkpt lat="46.83977" lon="6.70493" /><trkpt lat="46.84012" lon="6.70546" /><trkpt lat="46.84048" lon="6.70597" /><trkpt lat="46.84056" lon="6.70609" /><trkpt lat="46.84084" lon="6.70648" /><trkpt lat="46.84122" lon="6.70697" /><trkpt lat="46.8416" lon="6.70745" /><trkpt lat="46.84199" lon="6.70791" /><trkpt lat="46.84239" lon="6.70837" /><trkpt lat="46.84318" lon="6.7093" /><trkpt lat="46.84356" lon="6.70977" /><trkpt lat="46.84383" lon="6.71011" /><trkpt lat="46.84393" lon="6.71023" /><trkpt lat="46.84431" lon="6.71073" /><trkpt lat="46.84467" lon="6.71124" /><trkpt lat="46.84503" lon="6.71176" /><trkpt lat="46.84538" lon="6.71229" /><trkpt lat="46.84575" lon="6.7129" /><trkpt lat="46.84621" lon="6.71368" /><trkpt lat="46.84668" lon="6.71454" /><trkpt lat="46.84698" lon="6.71513" /><trkpt lat="46.84728" lon="6.71573" /><trkpt lat="46.84756" lon="6.71634" /><trkpt lat="46.84784" lon="6.71695" /><trkpt lat="46.84847" lon="6.71842" /><trkpt lat="46.84877" lon="6.71912" /><trkpt lat="46.84902" lon="6.71965" /><trkpt lat="46.84924" lon="6.72009" /><trkpt lat="46.84945" lon="6.72052" /><trkpt lat="46.84991" lon="6.7214" /><trkpt lat="46.85038" lon="6.72224" /><trkpt lat="46.85042" lon="6.7223" /><trkpt lat="46.8508" lon="6.72298" /><trkpt lat="46.85111" lon="6.72352" /><trkpt lat="46.85146" lon="6.72414" /><trkpt lat="46.85172" lon="6.72463" /><trkpt lat="46.85203" lon="6.72522" /><trkpt lat="46.85232" lon="6.72583" /><trkpt lat="46.85261" lon="6.72643" /><trkpt lat="46.85283" lon="6.72693" /><trkpt lat="46.85297" lon="6.72726" /><trkpt lat="46.85328" lon="6.72803" /><trkpt lat="46.85358" lon="6.72882" /><trkpt lat="46.85392" lon="6.72975" /><trkpt lat="46.85422" lon="6.73057" /><trkpt lat="46.85472" lon="6.73192" /><trkpt lat="46.85498" lon="6.73255" /><trkpt lat="46.85524" lon="6.73317" /><trkpt lat="46.85551" lon="6.73379" /><trkpt lat="46.8558" lon="6.7344" /><trkpt lat="46.85609" lon="6.735" /><trkpt lat="46.85639" lon="6.73558" /><trkpt lat="46.85655" lon="6.73586" /><trkpt lat="46.85701" lon="6.73671" /><trkpt lat="46.85727" lon="6.73719" /><trkpt lat="46.85796" lon="6.73841" /><trkpt lat="46.85859" lon="6.73955" /><trkpt lat="46.85877" lon="6.73987" /><trkpt lat="46.8592" lon="6.74066" /><trkpt lat="46.85965" lon="6.74146" /><trkpt lat="46.86034" lon="6.74272" /><trkpt lat="46.86128" lon="6.74438" /><trkpt lat="46.86149" lon="6.74473" /><trkpt lat="46.86197" lon="6.74548" /><trkpt lat="46.86272" lon="6.74659" /><trkpt lat="46.86347" lon="6.74757" /><trkpt lat="46.86423" lon="6.7485" /><trkpt lat="46.86518" lon="6.74952" /><trkpt lat="46.86615" lon="6.75047" /><trkpt lat="46.8668" lon="6.75103" /><trkpt lat="46.86711" lon="6.75129" /><trkpt lat="46.86814" lon="6.75208" /><trkpt lat="46.86844" lon="6.75228" /><trkpt lat="46.86873" lon="6.75248" /><trkpt lat="46.86893" lon="6.75261" /><trkpt lat="46.86915" lon="6.75275" /><trkpt lat="46.86957" lon="6.75301" /><trkpt lat="46.8698" lon="6.75314" /><trkpt lat="46.87003" lon="6.75326" /><trkpt lat="46.87026" lon="6.75339" /><trkpt lat="46.87048" lon="6.75351" /><trkpt lat="46.8714" lon="6.75398" /><trkpt lat="46.87232" lon="6.75445" /><trkpt lat="46.87418" lon="6.7554" /><trkpt lat="46.8747" lon="6.75567" /><trkpt lat="46.87517" lon="6.75592" /><trkpt lat="46.8754" lon="6.75605" /><trkpt lat="46.87564" lon="6.75619" /><trkpt lat="46.8761" lon="6.75648" /><trkpt lat="46.87654" lon="6.75677" /><trkpt lat="46.877" lon="6.75708" /><trkpt lat="46.87798" lon="6.75784" /><trkpt lat="46.87804" lon="6.75789" /><trkpt lat="46.87849" lon="6.75825" /><trkpt lat="46.87858" lon="6.75832" /><trkpt lat="46.87911" lon="6.75877" /><trkpt lat="46.87945" lon="6.75904" /><trkpt lat="46.87978" lon="6.7593" /><trkpt lat="46.88077" lon="6.76003" /><trkpt lat="46.88179" lon="6.76067" /><trkpt lat="46.88389" lon="6.76183" /><trkpt lat="46.88493" lon="6.76241" /><trkpt lat="46.88594" lon="6.76306" /><trkpt lat="46.88649" lon="6.76343" /><trkpt lat="46.88703" lon="6.76384" /><trkpt lat="46.88802" lon="6.76464" /><trkpt lat="46.8893" lon="6.76585" /><trkpt lat="46.88993" lon="6.7665" /><trkpt lat="46.89053" lon="6.76718" /><trkpt lat="46.89112" lon="6.76789" /><trkpt lat="46.89169" lon="6.76863" /><trkpt lat="46.89226" lon="6.76941" /><trkpt lat="46.89282" lon="6.77025" /><trkpt lat="46.89348" lon="6.77131" /><trkpt lat="46.89417" lon="6.77248" /><trkpt lat="46.8956" lon="6.77496" /><trkpt lat="46.8963" lon="6.77615" /><trkpt lat="46.89667" lon="6.77679" /><trkpt lat="46.89704" lon="6.77744" /><trkpt lat="46.89723" lon="6.77776" /><trkpt lat="46.89742" lon="6.77808" /><trkpt lat="46.89751" lon="6.77822" /><trkpt lat="46.8976" lon="6.77837" /><trkpt lat="46.89778" lon="6.77866" /><trkpt lat="46.89797" lon="6.77895" /><trkpt lat="46.89815" lon="6.77923" /><trkpt lat="46.89852" lon="6.77979" /><trkpt lat="46.89925" lon="6.78091" /><trkpt lat="46.89951" lon="6.78131" /><trkpt lat="46.89963" lon="6.78151" /><trkpt lat="46.89975" lon="6.7817" /><trkpt lat="46.8999" lon="6.78197" /><trkpt lat="46.90004" lon="6.7822" /><trkpt lat="46.90018" lon="6.78243" /><trkpt lat="46.90026" lon="6.78256" /><trkpt lat="46.9004" lon="6.7828" /><trkpt lat="46.90055" lon="6.78303" /><trkpt lat="46.90084" lon="6.7835" /><trkpt lat="46.90138" lon="6.78435" /><trkpt lat="46.90158" lon="6.78466" /><trkpt lat="46.90164" lon="6.78477" /><trkpt lat="46.90179" lon="6.785" /><trkpt lat="46.90192" lon="6.78523" /><trkpt lat="46.90206" lon="6.78547" /><trkpt lat="46.90219" lon="6.78571" /><trkpt lat="46.90239" lon="6.78608" /><trkpt lat="46.90259" lon="6.78646" /><trkpt lat="46.90273" lon="6.78672" /><trkpt lat="46.90285" lon="6.78693" /><trkpt lat="46.90296" lon="6.78714" /><trkpt lat="46.90305" lon="6.78728" /><trkpt lat="46.90314" lon="6.78743" /><trkpt lat="46.90324" lon="6.78759" /><trkpt lat="46.90333" lon="6.78772" /><trkpt lat="46.90343" lon="6.78787" /><trkpt lat="46.90353" lon="6.78802" /><trkpt lat="46.90367" lon="6.78821" /><trkpt lat="46.90383" lon="6.78842" /><trkpt lat="46.90397" lon="6.7886" /><trkpt lat="46.90651" lon="6.79189" /><trkpt lat="46.90876" lon="6.7948" /><trkpt lat="46.90898" lon="6.79509" /><trkpt lat="46.9092" lon="6.79537" /><trkpt lat="46.90933" lon="6.79554" /><trkpt lat="46.90946" lon="6.7957" /><trkpt lat="46.90959" lon="6.79584" /><trkpt lat="46.90973" lon="6.796" /><trkpt lat="46.90987" lon="6.79614" /><trkpt lat="46.91001" lon="6.7963" /><trkpt lat="46.91018" lon="6.79647" /><trkpt lat="46.91036" lon="6.79663" /><trkpt lat="46.91053" lon="6.79678" /><trkpt lat="46.91072" lon="6.79694" /><trkpt lat="46.91091" lon="6.7971" /><trkpt lat="46.91204" lon="6.798" /><trkpt lat="46.91233" lon="6.79823" /><trkpt lat="46.91247" lon="6.79835" /><trkpt lat="46.91261" lon="6.79846" /><trkpt lat="46.91272" lon="6.79857" /><trkpt lat="46.91282" lon="6.79867" /><trkpt lat="46.91293" lon="6.79877" /><trkpt lat="46.91302" lon="6.79886" /><trkpt lat="46.91324" lon="6.79909" /><trkpt lat="46.91344" lon="6.7993" /><trkpt lat="46.91624" lon="6.80235" /><trkpt lat="46.91659" lon="6.80272" /><trkpt lat="46.91675" lon="6.80289" /><trkpt lat="46.9169" lon="6.80305" /><trkpt lat="46.91703" lon="6.80318" /><trkpt lat="46.91717" lon="6.80332" /><trkpt lat="46.91728" lon="6.80342" /><trkpt lat="46.9174" lon="6.80352" /><trkpt lat="46.91759" lon="6.80368" /><trkpt lat="46.9177" lon="6.80378" /><trkpt lat="46.91781" lon="6.80386" /><trkpt lat="46.9179" lon="6.80393" /><trkpt lat="46.91799" lon="6.804" /><trkpt lat="46.91807" lon="6.80406" /><trkpt lat="46.91816" lon="6.80412" /><trkpt lat="46.9183" lon="6.80422" /><trkpt lat="46.91847" lon="6.80433" /><trkpt lat="46.91861" lon="6.80442" /><trkpt lat="46.91874" lon="6.80449" /><trkpt lat="46.91886" lon="6.80456" /><trkpt lat="46.91922" lon="6.80476" /><trkpt lat="46.92105" lon="6.80574" /><trkpt lat="46.92307" lon="6.80683" /><trkpt lat="46.92328" lon="6.80695" /><trkpt lat="46.92338" lon="6.807" /><trkpt lat="46.92348" lon="6.80706" /><trkpt lat="46.92358" lon="6.80713" /><trkpt lat="46.92368" lon="6.80719" /><trkpt lat="46.92389" lon="6.80733" /><trkpt lat="46.92405" lon="6.80745" /><trkpt lat="46.9242" lon="6.80757" /><trkpt lat="46.92439" lon="6.80771" /><trkpt lat="46.92453" lon="6.80782" /><trkpt lat="46.92555" lon="6.80867" /><trkpt lat="46.92589" lon="6.80894" /><trkpt lat="46.9261" lon="6.8091" /><trkpt lat="46.92633" lon="6.80926" /><trkpt lat="46.92679" lon="6.80959" /><trkpt lat="46.92725" lon="6.80992" /><trkpt lat="46.92744" lon="6.81005" /><trkpt lat="46.92763" lon="6.81017" /><trkpt lat="46.92909" lon="6.81113" /><trkpt lat="46.92973" lon="6.81155" /><trkpt lat="46.93038" lon="6.81198" /><trkpt lat="46.93081" lon="6.81226" /><trkpt lat="46.93105" lon="6.81242" /><trkpt lat="46.93161" lon="6.81277" /><trkpt lat="46.93163" lon="6.81279" /><trkpt lat="46.93178" lon="6.81288" /><trkpt lat="46.93187" lon="6.81294" /><trkpt lat="46.9346" lon="6.81467" /><trkpt lat="46.93653" lon="6.81589" /><trkpt lat="46.9389" lon="6.81739" /><trkpt lat="46.9426" lon="6.81973" /><trkpt lat="46.94275" lon="6.81983" /><trkpt lat="46.94284" lon="6.81989" /><trkpt lat="46.94311" lon="6.82005" /><trkpt lat="46.94356" lon="6.82031" /><trkpt lat="46.94402" lon="6.82054" /><trkpt lat="46.9445" lon="6.82077" /><trkpt lat="46.94498" lon="6.82097" /><trkpt lat="46.94517" lon="6.82104" /><trkpt lat="46.94526" lon="6.82108" /><trkpt lat="46.9458" lon="6.82127" /><trkpt lat="46.94646" lon="6.82146" /><trkpt lat="46.95041" lon="6.82251" /><trkpt lat="46.95191" lon="6.82291" /><trkpt lat="46.95192" lon="6.82291" /><trkpt lat="46.95261" lon="6.82309" /><trkpt lat="46.95286" lon="6.82316" /><trkpt lat="46.95311" lon="6.82324" /><trkpt lat="46.9533" lon="6.8233" /><trkpt lat="46.95348" lon="6.82337" /><trkpt lat="46.95365" lon="6.82344" /><trkpt lat="46.95384" lon="6.82352" /><trkpt lat="46.954" lon="6.8236" /><trkpt lat="46.95411" lon="6.82366" /><trkpt lat="46.95422" lon="6.82372" /><trkpt lat="46.95433" lon="6.82378" /><trkpt lat="46.95451" lon="6.8239" /><trkpt lat="46.95469" lon="6.82402" /><trkpt lat="46.95484" lon="6.82412" /><trkpt lat="46.95502" lon="6.82426" /><trkpt lat="46.95517" lon="6.82438" /><trkpt lat="46.95536" lon="6.82454" /><trkpt lat="46.95551" lon="6.82468" /><trkpt lat="46.95567" lon="6.82484" /><trkpt lat="46.95583" lon="6.825" /><trkpt lat="46.95583" lon="6.825" /><trkpt lat="46.95583" lon="6.825" /><trkpt lat="46.95583" lon="6.825" /><trkpt lat="46.95597" lon="6.82515" /><trkpt lat="46.9561" lon="6.8253" /><trkpt lat="46.95624" lon="6.82546" /><trkpt lat="46.95637" lon="6.82563" /><trkpt lat="46.9565" lon="6.82582" /><trkpt lat="46.95661" lon="6.82597" /><trkpt lat="46.95673" lon="6.82617" /><trkpt lat="46.95685" lon="6.82635" /><trkpt lat="46.95695" lon="6.82654" /><trkpt lat="46.95705" lon="6.82673" /><trkpt lat="46.95715" lon="6.82693" /><trkpt lat="46.95724" lon="6.82712" /><trkpt lat="46.95733" lon="6.82733" /><trkpt lat="46.9574" lon="6.8275" /><trkpt lat="46.95749" lon="6.82774" /><trkpt lat="46.95756" lon="6.82795" /><trkpt lat="46.95764" lon="6.8282" /><trkpt lat="46.95769" lon="6.82836" /><trkpt lat="46.95775" lon="6.82856" /><trkpt lat="46.9578" lon="6.82875" /><trkpt lat="46.95787" lon="6.82899" /><trkpt lat="46.95846" lon="6.83122" /><trkpt lat="46.95881" lon="6.83255" /><trkpt lat="46.9589" lon="6.83288" /><trkpt lat="46.959" lon="6.83321" /><trkpt lat="46.95904" lon="6.83337" /><trkpt lat="46.9591" lon="6.83355" /><trkpt lat="46.95915" lon="6.83372" /><trkpt lat="46.95922" lon="6.83391" /><trkpt lat="46.95929" lon="6.83409" /><trkpt lat="46.95935" lon="6.83424" /><trkpt lat="46.95941" lon="6.8344" /><trkpt lat="46.95951" lon="6.83464" /><trkpt lat="46.95962" lon="6.8349" /><trkpt lat="46.95971" lon="6.8351" /><trkpt lat="46.95981" lon="6.83534" /><trkpt lat="46.95989" lon="6.83553" /><trkpt lat="46.95998" lon="6.83573" /><trkpt lat="46.96005" lon="6.83588" /><trkpt lat="46.96012" lon="6.83604" /><trkpt lat="46.9602" lon="6.8362" /><trkpt lat="46.96024" lon="6.83628" /><trkpt lat="46.96029" lon="6.83637" /><trkpt lat="46.96037" lon="6.83651" /><trkpt lat="46.96043" lon="6.83662" /><trkpt lat="46.9605" lon="6.83673" /><trkpt lat="46.96058" lon="6.83686" /><trkpt lat="46.96066" lon="6.83698" /><trkpt lat="46.96126" lon="6.83786" /><trkpt lat="46.96148" lon="6.83819" /><trkpt lat="46.96159" lon="6.83836" /><trkpt lat="46.96169" lon="6.83852" /><trkpt lat="46.96183" lon="6.83875" /><trkpt lat="46.96195" lon="6.83898" /><trkpt lat="46.96208" lon="6.83922" /><trkpt lat="46.96219" lon="6.83947" /><trkpt lat="46.96225" lon="6.83959" /><trkpt lat="46.9623" lon="6.83971" /><trkpt lat="46.96234" lon="6.83981" /><trkpt lat="46.96239" lon="6.83994" /><trkpt lat="46.96244" lon="6.84007" /><trkpt lat="46.96249" lon="6.8402" /><trkpt lat="46.96258" lon="6.84047" /><trkpt lat="46.96263" lon="6.84064" /><trkpt lat="46.96268" lon="6.8408" /><trkpt lat="46.96273" lon="6.84098" /><trkpt lat="46.96278" lon="6.84114" /><trkpt lat="46.9629" lon="6.84159" /><trkpt lat="46.96302" lon="6.84204" /><trkpt lat="46.96309" lon="6.84228" /><trkpt lat="46.96315" lon="6.84252" /><trkpt lat="46.96322" lon="6.84274" /><trkpt lat="46.96328" lon="6.84295" /><trkpt lat="46.96332" lon="6.84305" /><trkpt lat="46.96336" lon="6.84316" /><trkpt lat="46.9634" lon="6.84329" /><trkpt lat="46.96346" lon="6.84343" /><trkpt lat="46.96353" lon="6.84361" /><trkpt lat="46.9636" lon="6.84376" /><trkpt lat="46.96365" lon="6.84386" /><trkpt lat="46.96371" lon="6.84399" /><trkpt lat="46.96379" lon="6.84414" /><trkpt lat="46.96389" lon="6.84433" /><trkpt lat="46.96399" lon="6.8445" /><trkpt lat="46.96404" lon="6.84459" /><trkpt lat="46.96411" lon="6.84469" /><trkpt lat="46.96423" lon="6.84487" /><trkpt lat="46.96435" lon="6.84503" /><trkpt lat="46.96446" lon="6.84518" /><trkpt lat="46.96457" lon="6.84532" /><trkpt lat="46.96469" lon="6.84545" /><trkpt lat="46.96489" lon="6.84568" /><trkpt lat="46.96532" lon="6.84613" /><trkpt lat="46.96588" lon="6.84673" /><trkpt lat="46.96648" lon="6.84737" /><trkpt lat="46.96732" lon="6.84822" /><trkpt lat="46.9674" lon="6.8483" /><trkpt lat="46.96749" lon="6.84839" /><trkpt lat="46.96757" lon="6.84849" /><trkpt lat="46.96766" lon="6.84858" /><trkpt lat="46.96774" lon="6.84868" /><trkpt lat="46.96785" lon="6.84882" /><trkpt lat="46.96795" lon="6.84895" /><trkpt lat="46.96801" lon="6.84904" /><trkpt lat="46.96807" lon="6.84913" /><trkpt lat="46.96815" lon="6.84924" /><trkpt lat="46.96822" lon="6.84936" /><trkpt lat="46.96828" lon="6.84945" /><trkpt lat="46.96837" lon="6.84961" /><trkpt lat="46.96845" lon="6.84976" /><trkpt lat="46.96852" lon="6.84988" /><trkpt lat="46.96862" lon="6.85009" /><trkpt lat="46.96871" lon="6.85029" /><trkpt lat="46.96878" lon="6.85047" /><trkpt lat="46.96887" lon="6.85069" /><trkpt lat="46.96895" lon="6.85094" /><trkpt lat="46.96902" lon="6.85115" /><trkpt lat="46.96909" lon="6.85137" /><trkpt lat="46.96914" lon="6.85158" /><trkpt lat="46.96919" lon="6.8518" /><trkpt lat="46.96924" lon="6.85201" /><trkpt lat="46.96928" lon="6.85221" /><trkpt lat="46.96934" lon="6.8526" /><trkpt lat="46.96942" lon="6.85313" /><trkpt lat="46.96946" lon="6.85337" /><trkpt lat="46.9695" lon="6.85362" /><trkpt lat="46.96955" lon="6.85384" /><trkpt lat="46.9696" lon="6.85407" /><trkpt lat="46.96965" lon="6.85429" /><trkpt lat="46.96971" lon="6.85451" /><trkpt lat="46.96976" lon="6.85468" /><trkpt lat="46.96981" lon="6.85486" /><trkpt lat="46.96988" lon="6.85505" /><trkpt lat="46.96994" lon="6.85524" /><trkpt lat="46.97002" lon="6.85543" /><trkpt lat="46.9701" lon="6.85563" /><trkpt lat="46.97015" lon="6.85574" /><trkpt lat="46.97021" lon="6.85586" /><trkpt lat="46.97033" lon="6.85611" /><trkpt lat="46.97046" lon="6.85633" /><trkpt lat="46.97056" lon="6.8565" /><trkpt lat="46.97066" lon="6.85666" /><trkpt lat="46.97088" lon="6.857" /><trkpt lat="46.97143" lon="6.85778" /><trkpt lat="46.97205" lon="6.85869" /><trkpt lat="46.97229" lon="6.85906" /><trkpt lat="46.9725" lon="6.85941" /><trkpt lat="46.97269" lon="6.85976" /><trkpt lat="46.97286" lon="6.86013" /><trkpt lat="46.97301" lon="6.86049" /><trkpt lat="46.97315" lon="6.86088" /><trkpt lat="46.9733" lon="6.86129" /><trkpt lat="46.97343" lon="6.86167" /><trkpt lat="46.97357" lon="6.86207" /><trkpt lat="46.97365" lon="6.86226" /><trkpt lat="46.97373" lon="6.86244" /><trkpt lat="46.97381" lon="6.86262" /><trkpt lat="46.97391" lon="6.86281" /><trkpt lat="46.97399" lon="6.86296" /><trkpt lat="46.97409" lon="6.86313" /><trkpt lat="46.97419" lon="6.8633" /><trkpt lat="46.97431" lon="6.86348" /><trkpt lat="46.97441" lon="6.86363" /><trkpt lat="46.97453" lon="6.86379" /><trkpt lat="46.97477" lon="6.86409" /><trkpt lat="46.97503" lon="6.86436" /><trkpt lat="46.9753" lon="6.86461" /><trkpt lat="46.97559" lon="6.86485" /><trkpt lat="46.97602" lon="6.86519" /><trkpt lat="46.97619" lon="6.86532" /><trkpt lat="46.97648" lon="6.86557" /><trkpt lat="46.97674" lon="6.86585" /><trkpt lat="46.97699" lon="6.86613" /><trkpt lat="46.97712" lon="6.86631" /><trkpt lat="46.97729" lon="6.86656" /><trkpt lat="46.97744" lon="6.8668" /><trkpt lat="46.97758" lon="6.86704" /><trkpt lat="46.97768" lon="6.86724" /><trkpt lat="46.97775" lon="6.86739" /><trkpt lat="46.97783" lon="6.86756" /><trkpt lat="46.97791" lon="6.86774" /><trkpt lat="46.97798" lon="6.86791" /><trkpt lat="46.97806" lon="6.86813" /><trkpt lat="46.97813" lon="6.86833" /><trkpt lat="46.97818" lon="6.86849" /><trkpt lat="46.97823" lon="6.86864" /><trkpt lat="46.97831" lon="6.86893" /><trkpt lat="46.97834" lon="6.86908" /><trkpt lat="46.97838" lon="6.86922" /><trkpt lat="46.97843" lon="6.8695" /><trkpt lat="46.97848" lon="6.86976" /><trkpt lat="46.97866" lon="6.87076" /><trkpt lat="46.97876" lon="6.87137" /><trkpt lat="46.97878" lon="6.87147" /><trkpt lat="46.97888" lon="6.87207" /><trkpt lat="46.97895" lon="6.87245" /><trkpt lat="46.97907" lon="6.87319" /><trkpt lat="46.97909" lon="6.87331" /><trkpt lat="46.97922" lon="6.87403" /><trkpt lat="46.97925" lon="6.87422" /><trkpt lat="46.97946" lon="6.8754" /><trkpt lat="46.97958" lon="6.87606" /><trkpt lat="46.97963" lon="6.87646" /><trkpt lat="46.97967" lon="6.87677" /><trkpt lat="46.97971" lon="6.87711" /><trkpt lat="46.97973" lon="6.87734" /><trkpt lat="46.97975" lon="6.87759" /><trkpt lat="46.97977" lon="6.8779" /><trkpt lat="46.97978" lon="6.8782" /><trkpt lat="46.97979" lon="6.87848" /><trkpt lat="46.97979" lon="6.87873" /><trkpt lat="46.97979" lon="6.87923" /><trkpt lat="46.97978" lon="6.87962" /><trkpt lat="46.97975" lon="6.88066" /><trkpt lat="46.97974" lon="6.88092" /><trkpt lat="46.97971" lon="6.88172" /><trkpt lat="46.97969" lon="6.88238" /><trkpt lat="46.97968" lon="6.88295" /><trkpt lat="46.97969" lon="6.88346" /><trkpt lat="46.97972" lon="6.88399" /><trkpt lat="46.97977" lon="6.8845" /><trkpt lat="46.97981" lon="6.88483" /><trkpt lat="46.97984" lon="6.88502" /><trkpt lat="46.97992" lon="6.88552" /><trkpt lat="46.97997" lon="6.88572" /><trkpt lat="46.98003" lon="6.88602" /><trkpt lat="46.9801" lon="6.88627" /><trkpt lat="46.98017" lon="6.8865" /><trkpt lat="46.98032" lon="6.88698" /><trkpt lat="46.98047" lon="6.88746" /><trkpt lat="46.9806" lon="6.88789" /><trkpt lat="46.98065" lon="6.88811" /><trkpt lat="46.98074" lon="6.88846" /><trkpt lat="46.9808" lon="6.88879" /><trkpt lat="46.98088" lon="6.88923" /><trkpt lat="46.98096" lon="6.88979" /><trkpt lat="46.98105" lon="6.89031" /><trkpt lat="46.98111" lon="6.89062" /><trkpt lat="46.98117" lon="6.89091" /><trkpt lat="46.98131" lon="6.89145" /><trkpt lat="46.98173" lon="6.89316" /><trkpt lat="46.9818" lon="6.89345" /><trkpt lat="46.9819" lon="6.89393" /><trkpt lat="46.98193" lon="6.89415" /><trkpt lat="46.98198" lon="6.89442" /><trkpt lat="46.982" lon="6.89462" /><trkpt lat="46.98203" lon="6.89492" /><trkpt lat="46.98207" lon="6.89539" /><trkpt lat="46.9821" lon="6.89593" /><trkpt lat="46.98213" lon="6.89651" /><trkpt lat="46.98217" lon="6.8971" /><trkpt lat="46.9822" lon="6.89741" /><trkpt lat="46.98223" lon="6.89774" /><trkpt lat="46.98227" lon="6.89807" /><trkpt lat="46.98231" lon="6.89836" /><trkpt lat="46.98235" lon="6.89866" /><trkpt lat="46.9824" lon="6.89895" /><trkpt lat="46.98245" lon="6.89925" /><trkpt lat="46.98251" lon="6.89951" /><trkpt lat="46.98258" lon="6.89983" /><trkpt lat="46.98264" lon="6.90009" /><trkpt lat="46.98277" lon="6.9006" /><trkpt lat="46.98288" lon="6.90098" /><trkpt lat="46.98296" lon="6.90121" /><trkpt lat="46.98305" lon="6.90144" /><trkpt lat="46.98312" lon="6.90163" /><trkpt lat="46.98325" lon="6.90192" /><trkpt lat="46.98373" lon="6.90298" /><trkpt lat="46.98392" lon="6.90341" /><trkpt lat="46.98407" lon="6.90374" /><trkpt lat="46.98433" lon="6.90431" /><trkpt lat="46.98446" lon="6.90461" /><trkpt lat="46.98454" lon="6.90483" /><trkpt lat="46.98474" lon="6.90541" /><trkpt lat="46.985" lon="6.90618" /><trkpt lat="46.98534" lon="6.90721" /><trkpt lat="46.98556" lon="6.90787" /><trkpt lat="46.98588" lon="6.90883" /><trkpt lat="46.98647" lon="6.91052" /><trkpt lat="46.98647" lon="6.91054" /><trkpt lat="46.98711" lon="6.91234" /><trkpt lat="46.98728" lon="6.9128" /><trkpt lat="46.98728" lon="6.91281" /><trkpt lat="46.98742" lon="6.91317" /><trkpt lat="46.98742" lon="6.91317" /><trkpt lat="46.98755" lon="6.91348" /><trkpt lat="46.9877" lon="6.91378" /><trkpt lat="46.98787" lon="6.91407" /><trkpt lat="46.98806" lon="6.91434" /><trkpt lat="46.98825" lon="6.91459" /><trkpt lat="46.98843" lon="6.91479" /><trkpt lat="46.98863" lon="6.91498" /><trkpt lat="46.98885" lon="6.91516" /><trkpt lat="46.98906" lon="6.91531" /><trkpt lat="46.98927" lon="6.91543" /><trkpt lat="46.98974" lon="6.91572" /><trkpt lat="46.9899" lon="6.91582" /><trkpt lat="46.9901" lon="6.91596" /><trkpt lat="46.99018" lon="6.91603" /><trkpt lat="46.99032" lon="6.91616" /><trkpt lat="46.99051" lon="6.91636" /><trkpt lat="46.99057" lon="6.91642" /><trkpt lat="46.99073" lon="6.91662" /><trkpt lat="46.99089" lon="6.91685" /><trkpt lat="46.99105" lon="6.91712" /><trkpt lat="46.99122" lon="6.91743" /><trkpt lat="46.99131" lon="6.91763" /><trkpt lat="46.99144" lon="6.91794" /><trkpt lat="46.99151" lon="6.91813" /><trkpt lat="46.9916" lon="6.91839" /><trkpt lat="46.99174" lon="6.91885" /><trkpt lat="46.99195" lon="6.91956" /><trkpt lat="46.99197" lon="6.91962" /><trkpt lat="46.99206" lon="6.91993" /><trkpt lat="46.99244" lon="6.92123" /><trkpt lat="46.99258" lon="6.92171" /><trkpt lat="46.99263" lon="6.92193" /><trkpt lat="46.99266" lon="6.92205" /><trkpt lat="46.99268" lon="6.92212" /><trkpt lat="46.99276" lon="6.92252" /><trkpt lat="46.99282" lon="6.9228" /><trkpt lat="46.99289" lon="6.92317" /><trkpt lat="46.99298" lon="6.9236" /><trkpt lat="46.99299" lon="6.92366" /><trkpt lat="46.99314" lon="6.92428" /><trkpt lat="46.99322" lon="6.92458" /><trkpt lat="46.99329" lon="6.92482" /><trkpt lat="46.99362" lon="6.92597" /><trkpt lat="46.99379" lon="6.92658" /><trkpt lat="46.99394" lon="6.92715" /><trkpt lat="46.99403" lon="6.92753" /><trkpt lat="46.9941" lon="6.9278" /><trkpt lat="46.99417" lon="6.92802" /><trkpt lat="46.99423" lon="6.92821" /><trkpt lat="46.9943" lon="6.9284" /><trkpt lat="46.99437" lon="6.92858" /><trkpt lat="46.99444" lon="6.92873" /><trkpt lat="46.99465" lon="6.92917" /><trkpt lat="46.99476" lon="6.92941" /><trkpt lat="46.99486" lon="6.92963" /><trkpt lat="46.99495" lon="6.92984" /><trkpt lat="46.99499" lon="6.92993" /><trkpt lat="46.99502" lon="6.93004" /><trkpt lat="46.99512" lon="6.93031" /><trkpt lat="46.99521" lon="6.93055" /><trkpt lat="46.99549" lon="6.93136" /><trkpt lat="46.99554" lon="6.93152" /><trkpt lat="46.99558" lon="6.93164" /><trkpt lat="46.99562" lon="6.93174" /><trkpt lat="46.99568" lon="6.9319" /><trkpt lat="46.99583" lon="6.93234" /><trkpt lat="46.99595" lon="6.93271" /><trkpt lat="46.99605" lon="6.93306" /><trkpt lat="46.99616" lon="6.93339" /><trkpt lat="46.99617" lon="6.93344" /><trkpt lat="46.99623" lon="6.93363" /><trkpt lat="46.99641" lon="6.93416" /><trkpt lat="46.99693" lon="6.93569" /><trkpt lat="46.99753" lon="6.93742" /><trkpt lat="46.99767" lon="6.93778" /><trkpt lat="46.99782" lon="6.93814" /><trkpt lat="46.99794" lon="6.93843" /><trkpt lat="46.99807" lon="6.93872" /><trkpt lat="46.99827" lon="6.93916" /><trkpt lat="46.99843" lon="6.93952" /><trkpt lat="46.99855" lon="6.93979" /><trkpt lat="46.99864" lon="6.93999" /><trkpt lat="46.99868" lon="6.94008" /><trkpt lat="46.99876" lon="6.94027" /><trkpt lat="46.99889" lon="6.94061" /><trkpt lat="46.99894" lon="6.94076" /><trkpt lat="46.99911" lon="6.94124" /><trkpt lat="46.99951" lon="6.94238" /><trkpt lat="46.99996" lon="6.9437" /><trkpt lat="47.00005" lon="6.94395" /><trkpt lat="47.00017" lon="6.9443" /><trkpt lat="47.00019" lon="6.94438" /><trkpt lat="47.00023" lon="6.94448" /><trkpt lat="47.00023" lon="6.94449" /><trkpt lat="47.00023" lon="6.9445" /><trkpt lat="47.00038" lon="6.94502" /><trkpt lat="47.00057" lon="6.94575" /><trkpt lat="47.00062" lon="6.94593" /><trkpt lat="47.00076" lon="6.94644" /><trkpt lat="47.00092" lon="6.94699" /><trkpt lat="47.00094" lon="6.94705" /><trkpt lat="47.00118" lon="6.9479" /><trkpt lat="47.00139" lon="6.94862" /><trkpt lat="47.00148" lon="6.94894" /><trkpt lat="47.00158" lon="6.94934" /><trkpt lat="47.00159" lon="6.94936" /><trkpt lat="47.00178" lon="6.9501" /><trkpt lat="47.00181" lon="6.95023" /><trkpt lat="47.00197" lon="6.9508" /><trkpt lat="47.002" lon="6.9509" /><trkpt lat="47.00218" lon="6.95153" /><trkpt lat="47.00225" lon="6.9518" /><trkpt lat="47.00238" lon="6.95226" /><trkpt lat="47.00257" lon="6.95286" /><trkpt lat="47.00277" lon="6.95344" /><trkpt lat="47.00299" lon="6.95402" /><trkpt lat="47.00323" lon="6.9546" /><trkpt lat="47.0035" lon="6.95517" /><trkpt lat="47.00371" lon="6.95559" /><trkpt lat="47.00393" lon="6.956" /><trkpt lat="47.00417" lon="6.95639" /><trkpt lat="47.00433" lon="6.95661" /><trkpt lat="47.00438" lon="6.95669" /><trkpt lat="47.00443" lon="6.95676" /><trkpt lat="47.00473" lon="6.9572" /><trkpt lat="47.00479" lon="6.95729" /><trkpt lat="47.00502" lon="6.95763" /><trkpt lat="47.00506" lon="6.95769" /><trkpt lat="47.00521" lon="6.95793" /><trkpt lat="47.00531" lon="6.9581" /><trkpt lat="47.0054" lon="6.95825" /><trkpt lat="47.00559" lon="6.95859" /><trkpt lat="47.00562" lon="6.95866" /><trkpt lat="47.00579" lon="6.95899" /><trkpt lat="47.00584" lon="6.95909" /><trkpt lat="47.0059" lon="6.95922" /><trkpt lat="47.00596" lon="6.95936" /><trkpt lat="47.00608" lon="6.95961" /><trkpt lat="47.00636" lon="6.96028" /><trkpt lat="47.00642" lon="6.96042" /><trkpt lat="47.00665" lon="6.96095" /><trkpt lat="47.00693" lon="6.96162" /><trkpt lat="47.00722" lon="6.96229" /><trkpt lat="47.00755" lon="6.96307" /><trkpt lat="47.00779" lon="6.96364" /><trkpt lat="47.00805" lon="6.96423" /><trkpt lat="47.00806" lon="6.96426" /><trkpt lat="47.00812" lon="6.96441" /><trkpt lat="47.0083" lon="6.96483" /><trkpt lat="47.00863" lon="6.9656" /><trkpt lat="47.00919" lon="6.96692" /><trkpt lat="47.00934" lon="6.96731" /><trkpt lat="47.00948" lon="6.96765" /><trkpt lat="47.00961" lon="6.96803" /><trkpt lat="47.00981" lon="6.96863" /><trkpt lat="47.01001" lon="6.96921" /><trkpt lat="47.01005" lon="6.96935" /><trkpt lat="47.0101" lon="6.96949" /><trkpt lat="47.01017" lon="6.96968" /><trkpt lat="47.01024" lon="6.96987" /><trkpt lat="47.01033" lon="6.97011" /><trkpt lat="47.01041" lon="6.97028" /><trkpt lat="47.01048" lon="6.97046" /><trkpt lat="47.01062" lon="6.97081" /><trkpt lat="47.01092" lon="6.97151" /><trkpt lat="47.0112" lon="6.97219" /><trkpt lat="47.01129" lon="6.97242" /><trkpt lat="47.01138" lon="6.97265" /><trkpt lat="47.01153" lon="6.97303" /><trkpt lat="47.01169" lon="6.97344" /><trkpt lat="47.01173" lon="6.97355" /><trkpt lat="47.0118" lon="6.97376" /><trkpt lat="47.01188" lon="6.97396" /><trkpt lat="47.01195" lon="6.97417" /><trkpt lat="47.01202" lon="6.97437" /><trkpt lat="47.01247" lon="6.97566" /><trkpt lat="47.0126" lon="6.97602" /><trkpt lat="47.01272" lon="6.97637" /><trkpt lat="47.01279" lon="6.97657" /><trkpt lat="47.01286" lon="6.97676" /><trkpt lat="47.01294" lon="6.97696" /><trkpt lat="47.01302" lon="6.97716" /><trkpt lat="47.01315" lon="6.97744" /><trkpt lat="47.01329" lon="6.97774" /><trkpt lat="47.01363" lon="6.97851" /><trkpt lat="47.01377" lon="6.97881" /><trkpt lat="47.0139" lon="6.97912" /><trkpt lat="47.01393" lon="6.97922" /><trkpt lat="47.014" lon="6.97939" /><trkpt lat="47.01408" lon="6.97963" /><trkpt lat="47.01416" lon="6.97988" /><trkpt lat="47.01424" lon="6.98016" /><trkpt lat="47.01429" lon="6.98039" /><trkpt lat="47.01435" lon="6.98065" /><trkpt lat="47.01442" lon="6.98096" /><trkpt lat="47.01463" lon="6.98206" /><trkpt lat="47.01499" lon="6.9839" /><trkpt lat="47.01504" lon="6.98412" /><trkpt lat="47.01521" lon="6.98477" /><trkpt lat="47.01529" lon="6.9851" /><trkpt lat="47.01531" lon="6.98524" /><trkpt lat="47.01555" lon="6.98635" /><trkpt lat="47.01561" lon="6.98661" /><trkpt lat="47.01568" lon="6.9869" /><trkpt lat="47.01574" lon="6.98715" /><trkpt lat="47.0158" lon="6.98735" /><trkpt lat="47.0159" lon="6.98763" /><trkpt lat="47.016" lon="6.98793" /><trkpt lat="47.01609" lon="6.98817" /><trkpt lat="47.01626" lon="6.98857" /><trkpt lat="47.01665" lon="6.98946" /><trkpt lat="47.01665" lon="6.98947" /><trkpt lat="47.01665" lon="6.98947" /><trkpt lat="47.01707" lon="6.99044" /><trkpt lat="47.01783" lon="6.99217" /><trkpt lat="47.01796" lon="6.99244" /><trkpt lat="47.01805" lon="6.99263" /><trkpt lat="47.01815" lon="6.99279" /><trkpt lat="47.01834" lon="6.99311" /><trkpt lat="47.01858" lon="6.99346" /><trkpt lat="47.01909" lon="6.9942" /><trkpt lat="47.01928" lon="6.99451" /><trkpt lat="47.01954" lon="6.99497" /><trkpt lat="47.02005" lon="6.99587" /><trkpt lat="47.02014" lon="6.99603" /><trkpt lat="47.02067" lon="6.99695" /><trkpt lat="47.02187" lon="6.99887" /><trkpt lat="47.02238" lon="6.99972" /><trkpt lat="47.02259" lon="7.0001" /><trkpt lat="47.0228" lon="7.00053" /><trkpt lat="47.02305" lon="7.00107" /><trkpt lat="47.02318" lon="7.00134" /><trkpt lat="47.02332" lon="7.0016" /><trkpt lat="47.02344" lon="7.0018" /><trkpt lat="47.02358" lon="7.00201" /><trkpt lat="47.02379" lon="7.00232" /><trkpt lat="47.024" lon="7.00259" /><trkpt lat="47.02431" lon="7.00294" /><trkpt lat="47.02588" lon="7.00468" /><trkpt lat="47.02597" lon="7.00478" /><trkpt lat="47.02607" lon="7.00489" /><trkpt lat="47.02621" lon="7.00503" /><trkpt lat="47.02638" lon="7.00519" /><trkpt lat="47.02649" lon="7.00529" /><trkpt lat="47.02676" lon="7.00551" /><trkpt lat="47.02694" lon="7.00565" /><trkpt lat="47.02787" lon="7.00632" /><trkpt lat="47.02825" lon="7.00659" /><trkpt lat="47.02842" lon="7.00672" /><trkpt lat="47.02859" lon="7.00685" /><trkpt lat="47.0287" lon="7.00694" /><trkpt lat="47.02884" lon="7.00706" /><trkpt lat="47.02901" lon="7.00722" /><trkpt lat="47.02914" lon="7.00736" /><trkpt lat="47.02929" lon="7.00753" /><trkpt lat="47.02949" lon="7.00776" /><trkpt lat="47.02992" lon="7.00831" /><trkpt lat="47.0302" lon="7.00865" /><trkpt lat="47.03039" lon="7.00885" /><trkpt lat="47.03058" lon="7.00905" /><trkpt lat="47.0316" lon="7.01001" /><trkpt lat="47.03191" lon="7.01031" /><trkpt lat="47.03219" lon="7.01062" /><trkpt lat="47.03242" lon="7.01091" /><trkpt lat="47.0326" lon="7.01116" /><trkpt lat="47.03276" lon="7.01139" /><trkpt lat="47.03297" lon="7.01171" /><trkpt lat="47.03311" lon="7.01195" /><trkpt lat="47.03323" lon="7.01218" /><trkpt lat="47.03348" lon="7.01267" /><trkpt lat="47.03434" lon="7.01441" /><trkpt lat="47.03451" lon="7.01475" /><trkpt lat="47.03465" lon="7.01504" /><trkpt lat="47.03484" lon="7.01544" /><trkpt lat="47.03498" lon="7.01577" /><trkpt lat="47.03512" lon="7.01612" /><trkpt lat="47.03521" lon="7.01635" /><trkpt lat="47.03528" lon="7.01656" /><trkpt lat="47.03535" lon="7.01676" /><trkpt lat="47.03541" lon="7.01696" /><trkpt lat="47.03547" lon="7.01716" /><trkpt lat="47.03551" lon="7.01729" /><trkpt lat="47.03555" lon="7.01742" /><trkpt lat="47.03562" lon="7.01767" /><trkpt lat="47.03619" lon="7.01981" /><trkpt lat="47.03629" lon="7.02018" /><trkpt lat="47.03637" lon="7.02042" /><trkpt lat="47.03645" lon="7.02065" /><trkpt lat="47.03654" lon="7.02086" /><trkpt lat="47.03664" lon="7.02111" /><trkpt lat="47.03672" lon="7.02128" /><trkpt lat="47.03685" lon="7.02153" /><trkpt lat="47.03686" lon="7.02155" /><trkpt lat="47.03699" lon="7.02179" /><trkpt lat="47.03714" lon="7.02203" /><trkpt lat="47.03733" lon="7.0223" /><trkpt lat="47.03745" lon="7.02245" /><trkpt lat="47.03756" lon="7.02258" /><trkpt lat="47.03764" lon="7.02268" /><trkpt lat="47.03773" lon="7.02278" /><trkpt lat="47.03786" lon="7.02292" /><trkpt lat="47.03793" lon="7.02298" /><trkpt lat="47.03806" lon="7.0231" /><trkpt lat="47.03818" lon="7.0232" /><trkpt lat="47.03829" lon="7.02329" /><trkpt lat="47.03842" lon="7.02339" /><trkpt lat="47.03855" lon="7.02347" /><trkpt lat="47.03867" lon="7.02355" /><trkpt lat="47.03879" lon="7.02363" /><trkpt lat="47.03892" lon="7.0237" /><trkpt lat="47.03912" lon="7.02381" /><trkpt lat="47.03953" lon="7.02404" /><trkpt lat="47.0398" lon="7.02419" /><trkpt lat="47.04001" lon="7.0243" /><trkpt lat="47.04021" lon="7.02442" /><trkpt lat="47.04036" lon="7.02451" /><trkpt lat="47.0405" lon="7.0246" /><trkpt lat="47.04064" lon="7.0247" /><trkpt lat="47.04079" lon="7.02481" /><trkpt lat="47.04096" lon="7.02494" /><trkpt lat="47.04104" lon="7.02501" /><trkpt lat="47.0412" lon="7.02515" /><trkpt lat="47.0412" lon="7.02516" /><trkpt lat="47.04134" lon="7.02528" /><trkpt lat="47.04148" lon="7.02543" /><trkpt lat="47.04162" lon="7.02558" /><trkpt lat="47.04175" lon="7.02574" /><trkpt lat="47.04188" lon="7.0259" /><trkpt lat="47.04201" lon="7.02607" /><trkpt lat="47.04214" lon="7.02624" /><trkpt lat="47.04226" lon="7.02642" /><trkpt lat="47.04237" lon="7.0266" /><trkpt lat="47.04249" lon="7.02679" /><trkpt lat="47.0426" lon="7.02697" /><trkpt lat="47.04301" lon="7.02773" /><trkpt lat="47.04347" lon="7.02858" /><trkpt lat="47.04375" lon="7.02909" /><trkpt lat="47.0439" lon="7.02937" /><trkpt lat="47.0442" lon="7.02992" /><trkpt lat="47.04453" lon="7.03053" /><trkpt lat="47.0448" lon="7.03101" /><trkpt lat="47.04495" lon="7.03125" /><trkpt lat="47.04513" lon="7.03152" /><trkpt lat="47.04525" lon="7.03171" /><trkpt lat="47.04542" lon="7.03194" /><trkpt lat="47.04568" lon="7.03228" /><trkpt lat="47.04595" lon="7.03261" /><trkpt lat="47.04599" lon="7.03266" /><trkpt lat="47.04991" lon="7.03714" /><trkpt lat="47.05026" lon="7.03754" /><trkpt lat="47.05047" lon="7.03778" /><trkpt lat="47.0505" lon="7.03782" /><trkpt lat="47.05056" lon="7.0379" /><trkpt lat="47.05058" lon="7.03791" /><trkpt lat="47.05078" lon="7.03816" /><trkpt lat="47.05106" lon="7.03852" /><trkpt lat="47.05139" lon="7.03895" /><trkpt lat="47.05172" lon="7.03941" /><trkpt lat="47.05186" lon="7.03961" /><trkpt lat="47.05203" lon="7.03987" /><trkpt lat="47.05234" lon="7.04037" /><trkpt lat="47.05262" lon="7.04085" /><trkpt lat="47.05285" lon="7.04127" /><trkpt lat="47.05289" lon="7.04135" /><trkpt lat="47.05306" lon="7.0417" /><trkpt lat="47.05326" lon="7.04214" /><trkpt lat="47.05342" lon="7.04254" /><trkpt lat="47.0536" lon="7.04301" /><trkpt lat="47.05375" lon="7.04344" /><trkpt lat="47.0548" lon="7.04672" /><trkpt lat="47.05505" lon="7.04749" /><trkpt lat="47.0552" lon="7.04802" /><trkpt lat="47.05538" lon="7.04867" /><trkpt lat="47.05556" lon="7.04942" /><trkpt lat="47.05663" lon="7.05386" /><trkpt lat="47.05671" lon="7.05424" /><trkpt lat="47.05678" lon="7.05459" /><trkpt lat="47.05685" lon="7.05499" /><trkpt lat="47.05691" lon="7.05544" /><trkpt lat="47.05693" lon="7.05554" /><trkpt lat="47.05696" lon="7.05587" /><trkpt lat="47.057" lon="7.05631" /><trkpt lat="47.05703" lon="7.05673" /><trkpt lat="47.05704" lon="7.05726" /><trkpt lat="47.05704" lon="7.05797" /><trkpt lat="47.05699" lon="7.05863" /><trkpt lat="47.05693" lon="7.05923" /><trkpt lat="47.0569" lon="7.05953" /><trkpt lat="47.05689" lon="7.05966" /><trkpt lat="47.05682" lon="7.0604" /><trkpt lat="47.05679" lon="7.06066" /><trkpt lat="47.05671" lon="7.06151" /><trkpt lat="47.05669" lon="7.06173" /><trkpt lat="47.05667" lon="7.06188" /><trkpt lat="47.05664" lon="7.06219" /><trkpt lat="47.05662" lon="7.06254" /><trkpt lat="47.05659" lon="7.06305" /><trkpt lat="47.05658" lon="7.06355" /><trkpt lat="47.05658" lon="7.06407" /><trkpt lat="47.0566" lon="7.06463" /><trkpt lat="47.05664" lon="7.06525" /><trkpt lat="47.05667" lon="7.06566" /><trkpt lat="47.05673" lon="7.06617" /><trkpt lat="47.05678" lon="7.06658" /><trkpt lat="47.05681" lon="7.06677" /><trkpt lat="47.05684" lon="7.06695" /><trkpt lat="47.05699" lon="7.06784" /><trkpt lat="47.05712" lon="7.06847" /><trkpt lat="47.05758" lon="7.07088" /><trkpt lat="47.05796" lon="7.07281" /><trkpt lat="47.05816" lon="7.07381" /><trkpt lat="47.0589" lon="7.07764" /><trkpt lat="47.05894" lon="7.07785" /><trkpt lat="47.05898" lon="7.07804" /><trkpt lat="47.05904" lon="7.07827" /><trkpt lat="47.05909" lon="7.07846" /><trkpt lat="47.05919" lon="7.07876" /><trkpt lat="47.05919" lon="7.07878" /><trkpt lat="47.05921" lon="7.07882" /><trkpt lat="47.0593" lon="7.0791" /><trkpt lat="47.05938" lon="7.07931" /><trkpt lat="47.06005" lon="7.08094" /><trkpt lat="47.06025" lon="7.08143" /><trkpt lat="47.06045" lon="7.08194" /><trkpt lat="47.06054" lon="7.08219" /><trkpt lat="47.06063" lon="7.08245" /><trkpt lat="47.06071" lon="7.08272" /><trkpt lat="47.06078" lon="7.08298" /><trkpt lat="47.06085" lon="7.08324" /><trkpt lat="47.06092" lon="7.08353" /><trkpt lat="47.06104" lon="7.08405" /><trkpt lat="47.06126" lon="7.08521" /><trkpt lat="47.06136" lon="7.08569" /><trkpt lat="47.06143" lon="7.08616" /><trkpt lat="47.06149" lon="7.08654" /><trkpt lat="47.06152" lon="7.08685" /><trkpt lat="47.06154" lon="7.08722" /><trkpt lat="47.06155" lon="7.08756" /><trkpt lat="47.06153" lon="7.08828" /><trkpt lat="47.06147" lon="7.08951" /><trkpt lat="47.06146" lon="7.09038" /><trkpt lat="47.06151" lon="7.09107" /><trkpt lat="47.06164" lon="7.09192" /><trkpt lat="47.06186" lon="7.09277" /><trkpt lat="47.06212" lon="7.0935" /><trkpt lat="47.06225" lon="7.09385" /><trkpt lat="47.06277" lon="7.09529" /><trkpt lat="47.06387" lon="7.0983" /><trkpt lat="47.06422" lon="7.09924" /><trkpt lat="47.06441" lon="7.09977" /><trkpt lat="47.06459" lon="7.10031" /><trkpt lat="47.06573" lon="7.10373" /><trkpt lat="47.06606" lon="7.10474" /><trkpt lat="47.06631" lon="7.10553" /><trkpt lat="47.06644" lon="7.1059" /><trkpt lat="47.06652" lon="7.10611" /><trkpt lat="47.06658" lon="7.10629" /><trkpt lat="47.06667" lon="7.1065" /><trkpt lat="47.06676" lon="7.10671" /><trkpt lat="47.06685" lon="7.10691" /><trkpt lat="47.06696" lon="7.10711" /><trkpt lat="47.06752" lon="7.10818" /><trkpt lat="47.06767" lon="7.10847" /><trkpt lat="47.06782" lon="7.10875" /><trkpt lat="47.06798" lon="7.10902" /><trkpt lat="47.06813" lon="7.10927" /><trkpt lat="47.06834" lon="7.10957" /><trkpt lat="47.06857" lon="7.10987" /><trkpt lat="47.06879" lon="7.11012" /><trkpt lat="47.06901" lon="7.11036" /><trkpt lat="47.06929" lon="7.11065" /><trkpt lat="47.06958" lon="7.11095" /><trkpt lat="47.06992" lon="7.1113" /><trkpt lat="47.07008" lon="7.11145" /><trkpt lat="47.07033" lon="7.11167" /><trkpt lat="47.07048" lon="7.11179" /><trkpt lat="47.07062" lon="7.11189" /><trkpt lat="47.07076" lon="7.11199" /><trkpt lat="47.07094" lon="7.1121" /><trkpt lat="47.07111" lon="7.1122" /><trkpt lat="47.07131" lon="7.11231" /><trkpt lat="47.07157" lon="7.11243" /><trkpt lat="47.0722" lon="7.11272" /><trkpt lat="47.07333" lon="7.11324" /><trkpt lat="47.0734" lon="7.11327" /><trkpt lat="47.07353" lon="7.11333" /><trkpt lat="47.07372" lon="7.11343" /><trkpt lat="47.07398" lon="7.11358" /><trkpt lat="47.07411" lon="7.11367" /><trkpt lat="47.07423" lon="7.11375" /><trkpt lat="47.07443" lon="7.1139" /><trkpt lat="47.0746" lon="7.11404" /><trkpt lat="47.07475" lon="7.11418" /><trkpt lat="47.0749" lon="7.11433" /><trkpt lat="47.07504" lon="7.11447" /><trkpt lat="47.07517" lon="7.11462" /><trkpt lat="47.07535" lon="7.11484" /><trkpt lat="47.07551" lon="7.11504" /><trkpt lat="47.07565" lon="7.11524" /><trkpt lat="47.07575" lon="7.1154" /><trkpt lat="47.07584" lon="7.11555" /><trkpt lat="47.07594" lon="7.1157" /><trkpt lat="47.07603" lon="7.11586" /><trkpt lat="47.07616" lon="7.11612" /><trkpt lat="47.07627" lon="7.11635" /><trkpt lat="47.0764" lon="7.11663" /><trkpt lat="47.07651" lon="7.1169" /><trkpt lat="47.0767" lon="7.11739" /><trkpt lat="47.07735" lon="7.11921" /><trkpt lat="47.07737" lon="7.11928" /><trkpt lat="47.07766" lon="7.12008" /><trkpt lat="47.07778" lon="7.12042" /><trkpt lat="47.078" lon="7.12105" /><trkpt lat="47.0782" lon="7.12157" /><trkpt lat="47.07838" lon="7.12204" /><trkpt lat="47.07858" lon="7.12253" /><trkpt lat="47.07881" lon="7.123" /><trkpt lat="47.07904" lon="7.12345" /><trkpt lat="47.07928" lon="7.12389" /><trkpt lat="47.07941" lon="7.12412" /><trkpt lat="47.07958" lon="7.12443" /><trkpt lat="47.07976" lon="7.12479" /><trkpt lat="47.07984" lon="7.12498" /><trkpt lat="47.07994" lon="7.12519" /><trkpt lat="47.08018" lon="7.12576" /><trkpt lat="47.08045" lon="7.12642" /><trkpt lat="47.08143" lon="7.12881" /><trkpt lat="47.08145" lon="7.12886" /><trkpt lat="47.08201" lon="7.13024" /><trkpt lat="47.08215" lon="7.13059" /><trkpt lat="47.08224" lon="7.13084" /><trkpt lat="47.08236" lon="7.13117" /><trkpt lat="47.0824" lon="7.1313" /><trkpt lat="47.08255" lon="7.13177" /><trkpt lat="47.0826" lon="7.13194" /><trkpt lat="47.08268" lon="7.1322" /><trkpt lat="47.08277" lon="7.1325" /><trkpt lat="47.08285" lon="7.1328" /><trkpt lat="47.08296" lon="7.1332" /><trkpt lat="47.08307" lon="7.1336" /><trkpt lat="47.08317" lon="7.13396" /><trkpt lat="47.08323" lon="7.13415" /><trkpt lat="47.08329" lon="7.13432" /><trkpt lat="47.08336" lon="7.13451" /><trkpt lat="47.08343" lon="7.13468" /><trkpt lat="47.08353" lon="7.13491" /><trkpt lat="47.0836" lon="7.13506" /><trkpt lat="47.08364" lon="7.13513" /><trkpt lat="47.0837" lon="7.13524" /><trkpt lat="47.08384" lon="7.13551" /><trkpt lat="47.08404" lon="7.13587" /><trkpt lat="47.08432" lon="7.13635" /><trkpt lat="47.08441" lon="7.13651" /><trkpt lat="47.08455" lon="7.1368" /><trkpt lat="47.08467" lon="7.13704" /><trkpt lat="47.08482" lon="7.13735" /><trkpt lat="47.08496" lon="7.13766" /><trkpt lat="47.08579" lon="7.13944" /><trkpt lat="47.08629" lon="7.14053" /><trkpt lat="47.0864" lon="7.14078" /><trkpt lat="47.08651" lon="7.14101" /><trkpt lat="47.0866" lon="7.14122" /><trkpt lat="47.08668" lon="7.14142" /><trkpt lat="47.08688" lon="7.14192" /><trkpt lat="47.08697" lon="7.14215" /><trkpt lat="47.08715" lon="7.1426" /><trkpt lat="47.08759" lon="7.14377" /><trkpt lat="47.08768" lon="7.14401" /><trkpt lat="47.08778" lon="7.14425" /><trkpt lat="47.08789" lon="7.1445" /><trkpt lat="47.08801" lon="7.14476" /><trkpt lat="47.08814" lon="7.14501" /><trkpt lat="47.08827" lon="7.14526" /><trkpt lat="47.08839" lon="7.14547" /><trkpt lat="47.0885" lon="7.14568" /><trkpt lat="47.08859" lon="7.14582" /><trkpt lat="47.08868" lon="7.14596" /><trkpt lat="47.08875" lon="7.14608" /><trkpt lat="47.08883" lon="7.14619" /><trkpt lat="47.08896" lon="7.14639" /><trkpt lat="47.0891" lon="7.14658" /><trkpt lat="47.08932" lon="7.14688" /><trkpt lat="47.08997" lon="7.14772" /><trkpt lat="47.09019" lon="7.14802" /><trkpt lat="47.0903" lon="7.14819" /><trkpt lat="47.0904" lon="7.14835" /><trkpt lat="47.09053" lon="7.14857" /><trkpt lat="47.09064" lon="7.14879" /><trkpt lat="47.09071" lon="7.14894" /><trkpt lat="47.09078" lon="7.14908" /><trkpt lat="47.09088" lon="7.1493" /><trkpt lat="47.09097" lon="7.14952" /><trkpt lat="47.09109" lon="7.14982" /><trkpt lat="47.09121" lon="7.15011" /><trkpt lat="47.09132" lon="7.15042" /><trkpt lat="47.09146" lon="7.1508" /><trkpt lat="47.09157" lon="7.15114" /><trkpt lat="47.09166" lon="7.15141" /><trkpt lat="47.09177" lon="7.15175" /><trkpt lat="47.09183" lon="7.15195" /><trkpt lat="47.09193" lon="7.15234" /><trkpt lat="47.09214" lon="7.15316" /><trkpt lat="47.09216" lon="7.15321" /><trkpt lat="47.09222" lon="7.15341" /><trkpt lat="47.0923" lon="7.15368" /><trkpt lat="47.09239" lon="7.15393" /><trkpt lat="47.09255" lon="7.15436" /><trkpt lat="47.09262" lon="7.15454" /><trkpt lat="47.09264" lon="7.1546" /><trkpt lat="47.09277" lon="7.1549" /><trkpt lat="47.09289" lon="7.15518" /><trkpt lat="47.09296" lon="7.15533" /><trkpt lat="47.09326" lon="7.15594" /><trkpt lat="47.09341" lon="7.15625" /><trkpt lat="47.09377" lon="7.15698" /><trkpt lat="47.09388" lon="7.15723" /><trkpt lat="47.09397" lon="7.15743" /><trkpt lat="47.09406" lon="7.15762" /><trkpt lat="47.09411" lon="7.15776" /><trkpt lat="47.09419" lon="7.15794" /><trkpt lat="47.09426" lon="7.15814" /><trkpt lat="47.09433" lon="7.15832" /><trkpt lat="47.09438" lon="7.15848" /><trkpt lat="47.09447" lon="7.15878" /><trkpt lat="47.09456" lon="7.15905" /><trkpt lat="47.09468" lon="7.15953" /><trkpt lat="47.0947" lon="7.15957" /><trkpt lat="47.09477" lon="7.15986" /><trkpt lat="47.095" lon="7.16076" /><trkpt lat="47.0951" lon="7.16117" /><trkpt lat="47.09522" lon="7.16158" /><trkpt lat="47.0953" lon="7.16189" /><trkpt lat="47.09539" lon="7.16219" /><trkpt lat="47.09546" lon="7.16243" /><trkpt lat="47.09552" lon="7.16262" /><trkpt lat="47.09558" lon="7.1628" /><trkpt lat="47.09569" lon="7.16315" /><trkpt lat="47.0958" lon="7.16348" /><trkpt lat="47.09592" lon="7.16383" /><trkpt lat="47.0961" lon="7.16432" /><trkpt lat="47.0963" lon="7.16484" /><trkpt lat="47.09639" lon="7.16508" /><trkpt lat="47.0965" lon="7.16534" /><trkpt lat="47.09663" lon="7.16566" /><trkpt lat="47.09683" lon="7.16615" /><trkpt lat="47.09708" lon="7.16672" /><trkpt lat="47.09727" lon="7.16714" /><trkpt lat="47.09745" lon="7.16756" /><trkpt lat="47.09761" lon="7.1679" /><trkpt lat="47.0978" lon="7.16831" /><trkpt lat="47.09811" lon="7.16897" /><trkpt lat="47.09916" lon="7.17117" /><trkpt lat="47.10003" lon="7.173" /><trkpt lat="47.10048" lon="7.17391" /><trkpt lat="47.10075" lon="7.17445" /><trkpt lat="47.1009" lon="7.17472" /><trkpt lat="47.10106" lon="7.17498" /><trkpt lat="47.10126" lon="7.17526" /><trkpt lat="47.10153" lon="7.17563" /><trkpt lat="47.10178" lon="7.17594" /><trkpt lat="47.10193" lon="7.1761" /><trkpt lat="47.10222" lon="7.17639" /><trkpt lat="47.10271" lon="7.17684" /><trkpt lat="47.10308" lon="7.17713" /><trkpt lat="47.10375" lon="7.17771" /><trkpt lat="47.10421" lon="7.17816" /><trkpt lat="47.10425" lon="7.17819" /><trkpt lat="47.10559" lon="7.17971" /><trkpt lat="47.10746" lon="7.18187" /><trkpt lat="47.10799" lon="7.18258" /><trkpt lat="47.10847" lon="7.18333" /><trkpt lat="47.10896" lon="7.18431" /><trkpt lat="47.10927" lon="7.18501" /><trkpt lat="47.10955" lon="7.18573" /><trkpt lat="47.11011" lon="7.18737" /><trkpt lat="47.11026" lon="7.18778" /><trkpt lat="47.11044" lon="7.18828" /><trkpt lat="47.11068" lon="7.18887" /><trkpt lat="47.11093" lon="7.18947" /><trkpt lat="47.11191" lon="7.19173" /><trkpt lat="47.11251" lon="7.19317" /><trkpt lat="47.11285" lon="7.19389" /><trkpt lat="47.11319" lon="7.19448" /><trkpt lat="47.11335" lon="7.19473" /><trkpt lat="47.11362" lon="7.19516" /><trkpt lat="47.11396" lon="7.19569" /><trkpt lat="47.11449" lon="7.19651" /><trkpt lat="47.11484" lon="7.19704" /><trkpt lat="47.11507" lon="7.19738" /><trkpt lat="47.11539" lon="7.19786" /><trkpt lat="47.11622" lon="7.19906" /><trkpt lat="47.1166" lon="7.19961" /><trkpt lat="47.11687" lon="7.20006" /><trkpt lat="47.11718" lon="7.20058" /><trkpt lat="47.11806" lon="7.20215" /><trkpt lat="47.11836" lon="7.20272" /><trkpt lat="47.11919" lon="7.20441" /><trkpt lat="47.11942" lon="7.20484" /><trkpt lat="47.11965" lon="7.20524" /><trkpt lat="47.11989" lon="7.20562" /><trkpt lat="47.12015" lon="7.20599" /><trkpt lat="47.12042" lon="7.20633" /><trkpt lat="47.1207" lon="7.20666" /><trkpt lat="47.12112" lon="7.2071" /><trkpt lat="47.12139" lon="7.20734" /><trkpt lat="47.12174" lon="7.20764" /><trkpt lat="47.12208" lon="7.2079" /><trkpt lat="47.12238" lon="7.2081" /><trkpt lat="47.1232" lon="7.20858" /><trkpt lat="47.1245" lon="7.20931" /><trkpt lat="47.12565" lon="7.20996" /><trkpt lat="47.12664" lon="7.21054" /><trkpt lat="47.12708" lon="7.21083" /><trkpt lat="47.1275" lon="7.21114" /><trkpt lat="47.12782" lon="7.21139" /><trkpt lat="47.12842" lon="7.21191" /><trkpt lat="47.12894" lon="7.21241" /><trkpt lat="47.12953" lon="7.21303" /><trkpt lat="47.13002" lon="7.21362" /><trkpt lat="47.13056" lon="7.21433" /><trkpt lat="47.13104" lon="7.21502" /><trkpt lat="47.13146" lon="7.21569" /><trkpt lat="47.13186" lon="7.21639" /><trkpt lat="47.1323" lon="7.21726" /><trkpt lat="47.1326" lon="7.21791" /><trkpt lat="47.13295" lon="7.21873" /><trkpt lat="47.13325" lon="7.21953" /><trkpt lat="47.13353" lon="7.22035" /><trkpt lat="47.13378" lon="7.22119" /><trkpt lat="47.13401" lon="7.22206" /><trkpt lat="47.13419" lon="7.22288" /><trkpt lat="47.13435" lon="7.22369" /><trkpt lat="47.13447" lon="7.22442" /><trkpt lat="47.13462" lon="7.22555" /><trkpt lat="47.13473" lon="7.22662" /><trkpt lat="47.13508" lon="7.23055" /><trkpt lat="47.13512" lon="7.23104" /><trkpt lat="47.13515" lon="7.23142" /><trkpt lat="47.13517" lon="7.23168" /><trkpt lat="47.13519" lon="7.23189" /><trkpt lat="47.1352" lon="7.23211" /><trkpt lat="47.1352" lon="7.23236" /><trkpt lat="47.13521" lon="7.23259" /><trkpt lat="47.1352" lon="7.2328" /><trkpt lat="47.13519" lon="7.23304" /><trkpt lat="47.13518" lon="7.23321" /><trkpt lat="47.13517" lon="7.23334" /><trkpt lat="47.13515" lon="7.2336" /><trkpt lat="47.13511" lon="7.23393" /><trkpt lat="47.13507" lon="7.23422" /><trkpt lat="47.13502" lon="7.23447" /><trkpt lat="47.13499" lon="7.23466" /><trkpt lat="47.13496" lon="7.23485" /><trkpt lat="47.13489" lon="7.2352" /><trkpt lat="47.13483" lon="7.23553" /><trkpt lat="47.13478" lon="7.23581" /><trkpt lat="47.13474" lon="7.23601" /><trkpt lat="47.13468" lon="7.23625" /><trkpt lat="47.13463" lon="7.23649" /><trkpt lat="47.13457" lon="7.23673" /><trkpt lat="47.13451" lon="7.23695" /><trkpt lat="47.13446" lon="7.23714" /><trkpt lat="47.13442" lon="7.23727" /><trkpt lat="47.13435" lon="7.23748" /><trkpt lat="47.13427" lon="7.23774" /><trkpt lat="47.13417" lon="7.23802" /><trkpt lat="47.13412" lon="7.2382" /><trkpt lat="47.13395" lon="7.23868" /><trkpt lat="47.13391" lon="7.23879" /><trkpt lat="47.13385" lon="7.23895" /><trkpt lat="47.13379" lon="7.23914" /><trkpt lat="47.13375" lon="7.23926" /><trkpt lat="47.13371" lon="7.23938" /><trkpt lat="47.13366" lon="7.23955" /><trkpt lat="47.13361" lon="7.23972" /><trkpt lat="47.13352" lon="7.24004" /><trkpt lat="47.13339" lon="7.24047" /><trkpt lat="47.13331" lon="7.24088" /><trkpt lat="47.13326" lon="7.24125" /><trkpt lat="47.13324" lon="7.24135" /><trkpt lat="47.13323" lon="7.24145" /><trkpt lat="47.1332" lon="7.24156" /><trkpt lat="47.13318" lon="7.24166" /><trkpt lat="47.13313" lon="7.24182" /><trkpt lat="47.13312" lon="7.24184" /><trkpt lat="47.13282" lon="7.24279" /><trkpt lat="47.13281" lon="7.2428" /><trkpt lat="47.13281" lon="7.2428" /></trkseg></trk></gpx>