<gpx version="1.1" creator="Trainlog.me"><trk><name>Trip Path</name><trkseg><trkpt lat="46.51683" lon="6.62912" /><trkpt lat="46.51681" lon="6.62922" /><trkpt lat="46.51664" lon="6.6304" /><trkpt lat="46.51659" lon="6.63072" /><trkpt lat="46.51656" lon="6.63091" /><trkpt lat="46.51651" lon="6.6311" /><trkpt lat="46.51649" lon="6.63118" /><trkpt lat="46.51645" lon="6.63131" /><trkpt lat="46.51642" lon="6.63142" /><trkpt lat="46.51637" lon="6.63154" /><trkpt lat="46.51633" lon="6.63166" /><trkpt lat="46.51628" lon="6.63177" /><trkpt lat="46.5162" lon="6.6319" /><trkpt lat="46.51613" lon="6.63202" /><trkpt lat="46.51599" lon="6.63222" /><trkpt lat="46.5159" lon="6.63233" /><trkpt lat="46.5158" lon="6.63244" /><trkpt lat="46.51568" lon="6.63257" /><trkpt lat="46.51555" lon="6.63271" /><trkpt lat="46.51543" lon="6.63284" /><trkpt lat="46.51533" lon="6.63295" /><trkpt lat="46.51523" lon="6.63305" /><trkpt lat="46.51449" lon="6.63405" /><trkpt lat="46.5144" lon="6.63419" /><trkpt lat="46.51432" lon="6.63431" /><trkpt lat="46.51425" lon="6.63442" /><trkpt lat="46.51418" lon="6.63452" /><trkpt lat="46.51407" lon="6.63472" /><trkpt lat="46.51401" lon="6.63483" /><trkpt lat="46.51397" lon="6.63492" /><trkpt lat="46.51391" lon="6.63504" /><trkpt lat="46.51387" lon="6.63514" /><trkpt lat="46.51381" lon="6.63528" /><trkpt lat="46.51375" lon="6.63542" /><trkpt lat="46.5137" lon="6.63555" /><trkpt lat="46.51358" lon="6.63584" /><trkpt lat="46.5135" lon="6.63606" /><trkpt lat="46.51342" lon="6.63627" /><trkpt lat="46.51335" lon="6.63648" /><trkpt lat="46.51332" lon="6.6366" /><trkpt lat="46.51328" lon="6.63671" /><trkpt lat="46.51323" lon="6.6369" /><trkpt lat="46.51318" lon="6.63709" /><trkpt lat="46.51314" lon="6.63726" /><trkpt lat="46.51309" lon="6.63746" /><trkpt lat="46.51307" lon="6.63758" /><trkpt lat="46.51305" lon="6.63769" /><trkpt lat="46.51301" lon="6.63788" /><trkpt lat="46.51299" lon="6.63801" /><trkpt lat="46.51298" lon="6.63813" /><trkpt lat="46.51295" lon="6.63835" /><trkpt lat="46.51293" lon="6.63853" /><trkpt lat="46.51291" lon="6.63871" /><trkpt lat="46.5129" lon="6.63886" /><trkpt lat="46.51288" lon="6.63901" /><trkpt lat="46.51287" lon="6.6393" /><trkpt lat="46.51286" lon="6.6394" /><trkpt lat="46.51284" lon="6.63969" /><trkpt lat="46.51281" lon="6.64032" /><trkpt lat="46.51276" lon="6.64128" /><trkpt lat="46.51269" lon="6.64267" /><trkpt lat="46.51267" lon="6.6429" /><trkpt lat="46.51266" lon="6.64313" /><trkpt lat="46.51264" lon="6.64341" /><trkpt lat="46.51262" lon="6.64361" /><trkpt lat="46.5126" lon="6.64381" /><trkpt lat="46.51257" lon="6.64404" /><trkpt lat="46.51254" lon="6.6443" /><trkpt lat="46.5125" lon="6.64456" /><trkpt lat="46.51246" lon="6.64483" /><trkpt lat="46.51245" lon="6.64491" /><trkpt lat="46.51241" lon="6.64514" /><trkpt lat="46.51236" lon="6.64538" /><trkpt lat="46.51232" lon="6.64561" /><trkpt lat="46.51226" lon="6.64586" /><trkpt lat="46.51222" lon="6.64605" /><trkpt lat="46.51217" lon="6.64626" /><trkpt lat="46.51211" lon="6.64648" /><trkpt lat="46.51206" lon="6.64668" /><trkpt lat="46.51171" lon="6.64793" /><trkpt lat="46.51157" lon="6.64844" /><trkpt lat="46.51153" lon="6.64864" /><trkpt lat="46.51147" lon="6.64888" /><trkpt lat="46.51143" lon="6.6491" /><trkpt lat="46.51138" lon="6.64934" /><trkpt lat="46.51133" lon="6.6496" /><trkpt lat="46.5113" lon="6.64986" /><trkpt lat="46.51125" lon="6.65019" /><trkpt lat="46.51122" lon="6.65052" /><trkpt lat="46.5112" lon="6.65076" /><trkpt lat="46.51119" lon="6.65092" /><trkpt lat="46.51118" lon="6.65107" /><trkpt lat="46.51117" lon="6.65123" /><trkpt lat="46.51116" lon="6.65147" /><trkpt lat="46.51115" lon="6.65176" /><trkpt lat="46.51115" lon="6.65205" /><trkpt lat="46.51115" lon="6.6523" /><trkpt lat="46.51116" lon="6.65269" /><trkpt lat="46.5112" lon="6.65373" /><trkpt lat="46.5112" lon="6.65376" /><trkpt lat="46.5112" lon="6.65378" /><trkpt lat="46.51121" lon="6.65421" /><trkpt lat="46.51124" lon="6.65511" /><trkpt lat="46.51125" lon="6.65546" /><trkpt lat="46.51126" lon="6.65567" /><trkpt lat="46.51126" lon="6.65605" /><trkpt lat="46.51126" lon="6.65625" /><trkpt lat="46.51125" lon="6.65647" /><trkpt lat="46.51124" lon="6.65674" /><trkpt lat="46.51124" lon="6.65689" /><trkpt lat="46.51123" lon="6.65704" /><trkpt lat="46.51121" lon="6.6573" /><trkpt lat="46.51119" lon="6.65754" /><trkpt lat="46.51117" lon="6.65778" /><trkpt lat="46.51114" lon="6.65805" /><trkpt lat="46.51111" lon="6.65832" /><trkpt lat="46.51108" lon="6.65859" /><trkpt lat="46.51098" lon="6.65916" /><trkpt lat="46.51089" lon="6.65966" /><trkpt lat="46.51082" lon="6.65996" /><trkpt lat="46.51076" lon="6.66022" /><trkpt lat="46.51067" lon="6.6606" /><trkpt lat="46.51028" lon="6.66219" /><trkpt lat="46.51017" lon="6.6626" /><trkpt lat="46.51006" lon="6.66303" /><trkpt lat="46.51" lon="6.66331" /><trkpt lat="46.50994" lon="6.66357" /><trkpt lat="46.50989" lon="6.66381" /><trkpt lat="46.50985" lon="6.66405" /><trkpt lat="46.50981" lon="6.66428" /><trkpt lat="46.50978" lon="6.66449" /><trkpt lat="46.50974" lon="6.66478" /><trkpt lat="46.50971" lon="6.66508" /><trkpt lat="46.5097" lon="6.66531" /><trkpt lat="46.50969" lon="6.66534" /><trkpt lat="46.50967" lon="6.66574" /><trkpt lat="46.50965" lon="6.66612" /><trkpt lat="46.50963" lon="6.66653" /><trkpt lat="46.5096" lon="6.66693" /><trkpt lat="46.50958" lon="6.66723" /><trkpt lat="46.50957" lon="6.66737" /><trkpt lat="46.50955" lon="6.66762" /><trkpt lat="46.50953" lon="6.66778" /><trkpt lat="46.50951" lon="6.66793" /><trkpt lat="46.50949" lon="6.66807" /><trkpt lat="46.50946" lon="6.66824" /><trkpt lat="46.50943" lon="6.66838" /><trkpt lat="46.50939" lon="6.66858" /><trkpt lat="46.50936" lon="6.66872" /><trkpt lat="46.50932" lon="6.6689" /><trkpt lat="46.50929" lon="6.66901" /><trkpt lat="46.50926" lon="6.66912" /><trkpt lat="46.50923" lon="6.66922" /><trkpt lat="46.50918" lon="6.66938" /><trkpt lat="46.50912" lon="6.66956" /><trkpt lat="46.50904" lon="6.66982" /><trkpt lat="46.50894" lon="6.67009" /><trkpt lat="46.50876" lon="6.67062" /><trkpt lat="46.50839" lon="6.67168" /><trkpt lat="46.50831" lon="6.67192" /><trkpt lat="46.50821" lon="6.67218" /><trkpt lat="46.50814" lon="6.67234" /><trkpt lat="46.50808" lon="6.67251" /><trkpt lat="46.50801" lon="6.67268" /><trkpt lat="46.50794" lon="6.67284" /><trkpt lat="46.50765" lon="6.67348" /><trkpt lat="46.5073" lon="6.67427" /><trkpt lat="46.50717" lon="6.67454" /><trkpt lat="46.50705" lon="6.67482" /><trkpt lat="46.50695" lon="6.67508" /><trkpt lat="46.50685" lon="6.67533" /><trkpt lat="46.50676" lon="6.6756" /><trkpt lat="46.50671" lon="6.67575" /><trkpt lat="46.50666" lon="6.67591" /><trkpt lat="46.50657" lon="6.67621" /><trkpt lat="46.50644" lon="6.6767" /><trkpt lat="46.50628" lon="6.67728" /><trkpt lat="46.5062" lon="6.67759" /><trkpt lat="46.50616" lon="6.67775" /><trkpt lat="46.50613" lon="6.6779" /><trkpt lat="46.50609" lon="6.67807" /><trkpt lat="46.50606" lon="6.67823" /><trkpt lat="46.50603" lon="6.6784" /><trkpt lat="46.506" lon="6.67857" /><trkpt lat="46.50598" lon="6.67875" /><trkpt lat="46.50595" lon="6.679" /><trkpt lat="46.50592" lon="6.67922" /><trkpt lat="46.50591" lon="6.67941" /><trkpt lat="46.50589" lon="6.67966" /><trkpt lat="46.50588" lon="6.67991" /><trkpt lat="46.50588" lon="6.68012" /><trkpt lat="46.50587" lon="6.68033" /><trkpt lat="46.50587" lon="6.68058" /><trkpt lat="46.50586" lon="6.68083" /><trkpt lat="46.50585" lon="6.68114" /><trkpt lat="46.50583" lon="6.68144" /><trkpt lat="46.50582" lon="6.68186" /><trkpt lat="46.50582" lon="6.68197" /><trkpt lat="46.50582" lon="6.6828" /><trkpt lat="46.50581" lon="6.68349" /><trkpt lat="46.50581" lon="6.6839" /><trkpt lat="46.5058" lon="6.68409" /><trkpt lat="46.5058" lon="6.68428" /><trkpt lat="46.50579" lon="6.68446" /><trkpt lat="46.50578" lon="6.68464" /><trkpt lat="46.50576" lon="6.6849" /><trkpt lat="46.50573" lon="6.68515" /><trkpt lat="46.50571" lon="6.6853" /><trkpt lat="46.50569" lon="6.68547" /><trkpt lat="46.50565" lon="6.68569" /><trkpt lat="46.50562" lon="6.68587" /><trkpt lat="46.50558" lon="6.68606" /><trkpt lat="46.50555" lon="6.68623" /><trkpt lat="46.50551" lon="6.68639" /><trkpt lat="46.50547" lon="6.68656" /><trkpt lat="46.50542" lon="6.68674" /><trkpt lat="46.50538" lon="6.68689" /><trkpt lat="46.50529" lon="6.68715" /><trkpt lat="46.50519" lon="6.68746" /><trkpt lat="46.50515" lon="6.68757" /><trkpt lat="46.50506" lon="6.68779" /><trkpt lat="46.50495" lon="6.68806" /><trkpt lat="46.50468" lon="6.68868" /><trkpt lat="46.50435" lon="6.68944" /><trkpt lat="46.50415" lon="6.6899" /><trkpt lat="46.50405" lon="6.69012" /><trkpt lat="46.50395" lon="6.69035" /><trkpt lat="46.50389" lon="6.69051" /><trkpt lat="46.50384" lon="6.69064" /><trkpt lat="46.5038" lon="6.69075" /><trkpt lat="46.50373" lon="6.69093" /><trkpt lat="46.50368" lon="6.69108" /><trkpt lat="46.50363" lon="6.69122" /><trkpt lat="46.50312" lon="6.69282" /><trkpt lat="46.503" lon="6.6932" /><trkpt lat="46.50252" lon="6.69472" /><trkpt lat="46.50247" lon="6.69487" /><trkpt lat="46.50238" lon="6.69515" /><trkpt lat="46.50235" lon="6.69526" /><trkpt lat="46.50229" lon="6.69542" /><trkpt lat="46.50224" lon="6.69556" /><trkpt lat="46.50218" lon="6.69572" /><trkpt lat="46.50213" lon="6.69584" /><trkpt lat="46.50208" lon="6.69596" /><trkpt lat="46.50203" lon="6.69608" /><trkpt lat="46.50199" lon="6.69619" /><trkpt lat="46.50192" lon="6.69634" /><trkpt lat="46.50186" lon="6.69647" /><trkpt lat="46.5018" lon="6.69661" /><trkpt lat="46.50173" lon="6.69674" /><trkpt lat="46.50166" lon="6.69688" /><trkpt lat="46.50139" lon="6.69742" /><trkpt lat="46.50046" lon="6.69922" /><trkpt lat="46.50039" lon="6.69935" /><trkpt lat="46.50031" lon="6.69949" /><trkpt lat="46.50024" lon="6.69962" /><trkpt lat="46.50016" lon="6.69975" /><trkpt lat="46.50008" lon="6.69988" /><trkpt lat="46.5" lon="6.7" /><trkpt lat="46.49992" lon="6.70012" /><trkpt lat="46.49983" lon="6.70025" /><trkpt lat="46.49974" lon="6.70037" /><trkpt lat="46.49964" lon="6.7005" /><trkpt lat="46.49955" lon="6.70062" /><trkpt lat="46.4995" lon="6.70068" /><trkpt lat="46.49944" lon="6.70075" /><trkpt lat="46.49936" lon="6.70084" /><trkpt lat="46.49928" lon="6.70093" /><trkpt lat="46.49918" lon="6.70103" /><trkpt lat="46.49908" lon="6.70113" /><trkpt lat="46.49881" lon="6.7014" /><trkpt lat="46.4987" lon="6.70152" /><trkpt lat="46.49857" lon="6.70166" /><trkpt lat="46.49845" lon="6.7018" /><trkpt lat="46.49838" lon="6.70188" /><trkpt lat="46.49833" lon="6.70195" /><trkpt lat="46.49826" lon="6.70204" /><trkpt lat="46.49817" lon="6.70215" /><trkpt lat="46.4981" lon="6.70225" /><trkpt lat="46.49803" lon="6.70236" /><trkpt lat="46.4979" lon="6.70256" /><trkpt lat="46.49783" lon="6.70266" /><trkpt lat="46.49777" lon="6.70277" /><trkpt lat="46.49771" lon="6.70288" /><trkpt lat="46.49764" lon="6.70299" /><trkpt lat="46.49758" lon="6.70311" /><trkpt lat="46.49749" lon="6.70328" /><trkpt lat="46.49722" lon="6.70377" /><trkpt lat="46.49709" lon="6.70401" /><trkpt lat="46.49696" lon="6.70425" /><trkpt lat="46.49681" lon="6.70454" /><trkpt lat="46.49667" lon="6.70483" /><trkpt lat="46.49655" lon="6.70508" /><trkpt lat="46.49646" lon="6.70526" /><trkpt lat="46.49601" lon="6.7062" /><trkpt lat="46.4956" lon="6.70707" /><trkpt lat="46.49551" lon="6.70726" /><trkpt lat="46.49542" lon="6.70745" /><trkpt lat="46.49532" lon="6.70764" /><trkpt lat="46.49524" lon="6.70781" /><trkpt lat="46.49519" lon="6.70789" /><trkpt lat="46.49511" lon="6.70804" /><trkpt lat="46.49504" lon="6.70816" /><trkpt lat="46.49493" lon="6.70833" /><trkpt lat="46.49488" lon="6.70842" /><trkpt lat="46.49483" lon="6.7085" /><trkpt lat="46.49476" lon="6.70861" /><trkpt lat="46.49467" lon="6.70874" /><trkpt lat="46.49459" lon="6.70885" /><trkpt lat="46.49417" lon="6.70947" /><trkpt lat="46.49349" lon="6.71043" /><trkpt lat="46.49253" lon="6.71182" /><trkpt lat="46.49232" lon="6.71212" /><trkpt lat="46.49223" lon="6.71227" /><trkpt lat="46.49214" lon="6.71241" /><trkpt lat="46.49203" lon="6.71259" /><trkpt lat="46.49197" lon="6.71269" /><trkpt lat="46.49189" lon="6.71283" /><trkpt lat="46.49182" lon="6.71296" /><trkpt lat="46.49174" lon="6.7131" /><trkpt lat="46.49165" lon="6.71328" /><trkpt lat="46.49156" lon="6.71346" /><trkpt lat="46.49147" lon="6.71365" /><trkpt lat="46.49139" lon="6.71384" /><trkpt lat="46.49128" lon="6.71408" /><trkpt lat="46.49118" lon="6.71433" /><trkpt lat="46.49083" lon="6.71513" /><trkpt lat="46.49065" lon="6.71554" /><trkpt lat="46.49056" lon="6.71574" /><trkpt lat="46.49047" lon="6.71594" /><trkpt lat="46.49037" lon="6.71615" /><trkpt lat="46.49026" lon="6.71637" /><trkpt lat="46.49021" lon="6.71648" /><trkpt lat="46.49015" lon="6.71659" /><trkpt lat="46.49005" lon="6.71678" /><trkpt lat="46.48994" lon="6.71697" /><trkpt lat="46.4898" lon="6.71719" /><trkpt lat="46.48967" lon="6.7174" /><trkpt lat="46.48896" lon="6.71856" /><trkpt lat="46.48881" lon="6.7188" /><trkpt lat="46.48872" lon="6.71895" /><trkpt lat="46.48861" lon="6.71915" /><trkpt lat="46.48852" lon="6.71932" /><trkpt lat="46.48847" lon="6.71942" /><trkpt lat="46.48842" lon="6.71951" /><trkpt lat="46.48835" lon="6.71967" /><trkpt lat="46.48828" lon="6.71983" /><trkpt lat="46.48819" lon="6.72005" /><trkpt lat="46.48812" lon="6.72024" /><trkpt lat="46.48806" lon="6.72041" /><trkpt lat="46.48801" lon="6.72058" /><trkpt lat="46.48796" lon="6.72075" /><trkpt lat="46.48792" lon="6.72088" /><trkpt lat="46.48788" lon="6.72102" /><trkpt lat="46.48784" lon="6.72121" /><trkpt lat="46.4878" lon="6.72138" /><trkpt lat="46.48776" lon="6.72158" /><trkpt lat="46.48773" lon="6.72176" /><trkpt lat="46.48771" lon="6.72191" /><trkpt lat="46.48769" lon="6.72201" /><trkpt lat="46.48767" lon="6.7222" /><trkpt lat="46.48766" lon="6.72234" /><trkpt lat="46.48765" lon="6.72249" /><trkpt lat="46.48764" lon="6.72264" /><trkpt lat="46.48764" lon="6.72276" /><trkpt lat="46.48764" lon="6.72288" /><trkpt lat="46.48764" lon="6.723" /><trkpt lat="46.48764" lon="6.72313" /><trkpt lat="46.48765" lon="6.72325" /><trkpt lat="46.48766" lon="6.7234" /><trkpt lat="46.48766" lon="6.72352" /><trkpt lat="46.48767" lon="6.72366" /><trkpt lat="46.48769" lon="6.7238" /><trkpt lat="46.4877" lon="6.72394" /><trkpt lat="46.48772" lon="6.72415" /><trkpt lat="46.48775" lon="6.72443" /><trkpt lat="46.48777" lon="6.72455" /><trkpt lat="46.48779" lon="6.7247" /><trkpt lat="46.48781" lon="6.72481" /><trkpt lat="46.48783" lon="6.72494" /><trkpt lat="46.48785" lon="6.72506" /><trkpt lat="46.48788" lon="6.72519" /><trkpt lat="46.48791" lon="6.72534" /><trkpt lat="46.48794" lon="6.72543" /><trkpt lat="46.48797" lon="6.72554" /><trkpt lat="46.48801" lon="6.7257" /><trkpt lat="46.48806" lon="6.72587" /><trkpt lat="46.4881" lon="6.72601" /><trkpt lat="46.48815" lon="6.72618" /><trkpt lat="46.4882" lon="6.72634" /><trkpt lat="46.48824" lon="6.72648" /><trkpt lat="46.48831" lon="6.72667" /><trkpt lat="46.48836" lon="6.72683" /><trkpt lat="46.48841" lon="6.72695" /><trkpt lat="46.48845" lon="6.72707" /><trkpt lat="46.48846" lon="6.72711" /><trkpt lat="46.48858" lon="6.72744" /><trkpt lat="46.4887" lon="6.72776" /><trkpt lat="46.48881" lon="6.72809" /><trkpt lat="46.48889" lon="6.7283" /><trkpt lat="46.48897" lon="6.72852" /><trkpt lat="46.48904" lon="6.72869" /><trkpt lat="46.48917" lon="6.72904" /><trkpt lat="46.48932" lon="6.72943" /><trkpt lat="46.48942" lon="6.72968" /><trkpt lat="46.49005" lon="6.73137" /><trkpt lat="46.49011" lon="6.73154" /><trkpt lat="46.49017" lon="6.73169" /><trkpt lat="46.49022" lon="6.73185" /><trkpt lat="46.49027" lon="6.73202" /><trkpt lat="46.49032" lon="6.73219" /><trkpt lat="46.49037" lon="6.73237" /><trkpt lat="46.49041" lon="6.73256" /><trkpt lat="46.49045" lon="6.73272" /><trkpt lat="46.4905" lon="6.733" /><trkpt lat="46.49055" lon="6.73331" /><trkpt lat="46.49057" lon="6.7335" /><trkpt lat="46.49059" lon="6.73368" /><trkpt lat="46.4906" lon="6.73381" /><trkpt lat="46.49061" lon="6.73397" /><trkpt lat="46.49062" lon="6.73404" /><trkpt lat="46.49063" lon="6.73418" /><trkpt lat="46.49063" lon="6.73435" /><trkpt lat="46.49063" lon="6.73451" /><trkpt lat="46.49063" lon="6.73464" /><trkpt lat="46.49063" lon="6.7348" /><trkpt lat="46.49063" lon="6.73495" /><trkpt lat="46.49062" lon="6.73509" /><trkpt lat="46.49061" lon="6.73525" /><trkpt lat="46.4906" lon="6.73542" /><trkpt lat="46.49058" lon="6.73554" /><trkpt lat="46.49057" lon="6.7357" /><trkpt lat="46.49055" lon="6.73583" /><trkpt lat="46.49053" lon="6.73594" /><trkpt lat="46.49051" lon="6.7361" /><trkpt lat="46.49049" lon="6.73623" /><trkpt lat="46.49046" lon="6.73635" /><trkpt lat="46.49042" lon="6.73656" /><trkpt lat="46.49039" lon="6.7367" /><trkpt lat="46.49035" lon="6.73685" /><trkpt lat="46.49028" lon="6.73714" /><trkpt lat="46.49014" lon="6.73772" /><trkpt lat="46.49006" lon="6.738" /><trkpt lat="46.48996" lon="6.7384" /><trkpt lat="46.48991" lon="6.73861" /><trkpt lat="46.48989" lon="6.73873" /><trkpt lat="46.48986" lon="6.73886" /><trkpt lat="46.48983" lon="6.73902" /><trkpt lat="46.4898" lon="6.73918" /><trkpt lat="46.48977" lon="6.73935" /><trkpt lat="46.48975" lon="6.73951" /><trkpt lat="46.48973" lon="6.73968" /><trkpt lat="46.48971" lon="6.73986" /><trkpt lat="46.48969" lon="6.74003" /><trkpt lat="46.48969" lon="6.74014" /><trkpt lat="46.48968" lon="6.74025" /><trkpt lat="46.48968" lon="6.74038" /><trkpt lat="46.48967" lon="6.74053" /><trkpt lat="46.48967" lon="6.74077" /><trkpt lat="46.48967" lon="6.741" /><trkpt lat="46.48969" lon="6.74196" /><trkpt lat="46.48969" lon="6.74218" /><trkpt lat="46.48969" lon="6.74241" /><trkpt lat="46.48969" lon="6.74252" /><trkpt lat="46.48969" lon="6.74256" /><trkpt lat="46.48969" lon="6.74261" /><trkpt lat="46.48968" lon="6.74273" /><trkpt lat="46.48968" lon="6.74283" /><trkpt lat="46.48967" lon="6.74293" /><trkpt lat="46.48967" lon="6.74302" /><trkpt lat="46.48966" lon="6.74312" /><trkpt lat="46.48965" lon="6.74322" /><trkpt lat="46.48964" lon="6.74334" /><trkpt lat="46.48963" lon="6.74346" /><trkpt lat="46.48962" lon="6.74357" /><trkpt lat="46.4896" lon="6.74369" /><trkpt lat="46.48958" lon="6.74381" /><trkpt lat="46.48957" lon="6.7439" /><trkpt lat="46.48953" lon="6.7441" /><trkpt lat="46.4895" lon="6.74424" /><trkpt lat="46.48947" lon="6.74437" /><trkpt lat="46.48944" lon="6.74451" /><trkpt lat="46.48941" lon="6.74464" /><trkpt lat="46.48937" lon="6.74477" /><trkpt lat="46.48934" lon="6.74489" /><trkpt lat="46.4893" lon="6.74501" /><trkpt lat="46.48927" lon="6.74513" /><trkpt lat="46.48922" lon="6.74527" /><trkpt lat="46.48918" lon="6.74537" /><trkpt lat="46.48913" lon="6.74552" /><trkpt lat="46.48907" lon="6.74567" /><trkpt lat="46.48899" lon="6.74584" /><trkpt lat="46.48895" lon="6.74594" /><trkpt lat="46.48891" lon="6.74603" /><trkpt lat="46.48883" lon="6.74618" /><trkpt lat="46.48875" lon="6.74634" /><trkpt lat="46.48868" lon="6.74648" /><trkpt lat="46.4886" lon="6.74662" /><trkpt lat="46.48844" lon="6.74691" /><trkpt lat="46.48828" lon="6.74719" /><trkpt lat="46.48814" lon="6.74746" /><trkpt lat="46.48799" lon="6.74775" /><trkpt lat="46.48793" lon="6.74789" /><trkpt lat="46.48786" lon="6.74804" /><trkpt lat="46.4878" lon="6.74819" /><trkpt lat="46.48773" lon="6.74835" /><trkpt lat="46.48761" lon="6.74866" /><trkpt lat="46.48699" lon="6.7503" /><trkpt lat="46.48692" lon="6.7505" /><trkpt lat="46.48684" lon="6.75069" /><trkpt lat="46.48677" lon="6.75086" /><trkpt lat="46.48669" lon="6.75103" /><trkpt lat="46.48661" lon="6.7512" /><trkpt lat="46.48652" lon="6.75138" /><trkpt lat="46.48645" lon="6.75151" /><trkpt lat="46.48633" lon="6.75172" /><trkpt lat="46.48625" lon="6.75186" /><trkpt lat="46.48613" lon="6.75203" /><trkpt lat="46.48606" lon="6.75213" /><trkpt lat="46.48599" lon="6.75222" /><trkpt lat="46.48588" lon="6.75237" /><trkpt lat="46.48575" lon="6.75252" /><trkpt lat="46.48559" lon="6.7527" /><trkpt lat="46.48542" lon="6.75289" /><trkpt lat="46.48523" lon="6.75309" /><trkpt lat="46.48498" lon="6.75337" /><trkpt lat="46.48485" lon="6.75351" /><trkpt lat="46.48472" lon="6.75367" /><trkpt lat="46.48464" lon="6.75377" /><trkpt lat="46.4845" lon="6.75396" /><trkpt lat="46.48439" lon="6.75412" /><trkpt lat="46.48428" lon="6.75428" /><trkpt lat="46.4842" lon="6.75442" /><trkpt lat="46.4841" lon="6.7546" /><trkpt lat="46.48399" lon="6.7548" /><trkpt lat="46.48392" lon="6.75496" /><trkpt lat="46.48379" lon="6.75522" /><trkpt lat="46.48365" lon="6.75556" /><trkpt lat="46.48348" lon="6.75595" /><trkpt lat="46.4834" lon="6.75613" /><trkpt lat="46.48331" lon="6.75632" /><trkpt lat="46.48324" lon="6.75646" /><trkpt lat="46.48318" lon="6.75659" /><trkpt lat="46.48309" lon="6.75675" /><trkpt lat="46.48301" lon="6.75689" /><trkpt lat="46.4829" lon="6.75705" /><trkpt lat="46.48281" lon="6.7572" /><trkpt lat="46.48271" lon="6.75734" /><trkpt lat="46.48263" lon="6.75745" /><trkpt lat="46.48252" lon="6.75759" /><trkpt lat="46.48238" lon="6.75775" /><trkpt lat="46.4823" lon="6.75784" /><trkpt lat="46.48222" lon="6.75792" /><trkpt lat="46.48183" lon="6.75834" /><trkpt lat="46.48172" lon="6.75846" /><trkpt lat="46.4816" lon="6.75859" /><trkpt lat="46.4815" lon="6.75872" /><trkpt lat="46.4814" lon="6.75884" /><trkpt lat="46.48131" lon="6.75895" /><trkpt lat="46.48121" lon="6.75908" /><trkpt lat="46.48111" lon="6.75922" /><trkpt lat="46.48102" lon="6.75936" /><trkpt lat="46.48096" lon="6.75947" /><trkpt lat="46.4809" lon="6.75957" /><trkpt lat="46.48081" lon="6.75972" /><trkpt lat="46.48074" lon="6.75987" /><trkpt lat="46.48064" lon="6.76006" /><trkpt lat="46.48055" lon="6.76023" /><trkpt lat="46.48021" lon="6.76093" /><trkpt lat="46.48011" lon="6.76114" /><trkpt lat="46.48001" lon="6.76137" /><trkpt lat="46.47992" lon="6.76157" /><trkpt lat="46.47984" lon="6.76175" /><trkpt lat="46.4792" lon="6.7633" /><trkpt lat="46.47912" lon="6.76349" /><trkpt lat="46.47906" lon="6.76363" /><trkpt lat="46.47902" lon="6.76376" /><trkpt lat="46.47896" lon="6.7639" /><trkpt lat="46.47891" lon="6.76406" /><trkpt lat="46.47883" lon="6.76429" /><trkpt lat="46.47875" lon="6.76455" /><trkpt lat="46.47868" lon="6.76479" /><trkpt lat="46.47853" lon="6.76528" /><trkpt lat="46.47843" lon="6.76558" /><trkpt lat="46.47839" lon="6.76572" /><trkpt lat="46.47834" lon="6.76586" /><trkpt lat="46.47829" lon="6.766" /><trkpt lat="46.47824" lon="6.76615" /><trkpt lat="46.47818" lon="6.7663" /><trkpt lat="46.47812" lon="6.76646" /><trkpt lat="46.47801" lon="6.76671" /><trkpt lat="46.47791" lon="6.76696" /><trkpt lat="46.47769" lon="6.76747" /><trkpt lat="46.4776" lon="6.7677" /><trkpt lat="46.47751" lon="6.76791" /><trkpt lat="46.47745" lon="6.76809" /><trkpt lat="46.47738" lon="6.76829" /><trkpt lat="46.47731" lon="6.7685" /><trkpt lat="46.47725" lon="6.76873" /><trkpt lat="46.47719" lon="6.76893" /><trkpt lat="46.47713" lon="6.76915" /><trkpt lat="46.47699" lon="6.76975" /><trkpt lat="46.47694" lon="6.76994" /><trkpt lat="46.47688" lon="6.77015" /><trkpt lat="46.47684" lon="6.77029" /><trkpt lat="46.4768" lon="6.77044" /><trkpt lat="46.47674" lon="6.77063" /><trkpt lat="46.47666" lon="6.77086" /><trkpt lat="46.47658" lon="6.77112" /><trkpt lat="46.47595" lon="6.77298" /><trkpt lat="46.47581" lon="6.77339" /><trkpt lat="46.47566" lon="6.77382" /><trkpt lat="46.47535" lon="6.77465" /><trkpt lat="46.47524" lon="6.77494" /><trkpt lat="46.47511" lon="6.77531" /><trkpt lat="46.47505" lon="6.77549" /><trkpt lat="46.475" lon="6.77562" /><trkpt lat="46.47495" lon="6.77579" /><trkpt lat="46.47491" lon="6.77591" /><trkpt lat="46.47488" lon="6.77601" /><trkpt lat="46.47486" lon="6.77609" /><trkpt lat="46.47481" lon="6.77627" /><trkpt lat="46.47475" lon="6.77649" /><trkpt lat="46.47471" lon="6.77667" /><trkpt lat="46.47468" lon="6.77679" /><trkpt lat="46.47465" lon="6.77694" /><trkpt lat="46.4746" lon="6.77719" /><trkpt lat="46.47454" lon="6.7775" /><trkpt lat="46.47452" lon="6.77759" /><trkpt lat="46.47434" lon="6.77856" /><trkpt lat="46.47431" lon="6.77872" /><trkpt lat="46.47412" lon="6.77969" /><trkpt lat="46.47406" lon="6.78001" /><trkpt lat="46.47403" lon="6.7802" /><trkpt lat="46.47401" lon="6.78039" /><trkpt lat="46.47399" lon="6.78052" /><trkpt lat="46.47397" lon="6.78067" /><trkpt lat="46.47395" lon="6.78081" /><trkpt lat="46.47394" lon="6.78095" /><trkpt lat="46.47392" lon="6.7811" /><trkpt lat="46.47391" lon="6.78126" /><trkpt lat="46.4739" lon="6.78148" /><trkpt lat="46.47389" lon="6.78159" /><trkpt lat="46.47389" lon="6.7817" /><trkpt lat="46.47389" lon="6.78184" /><trkpt lat="46.47388" lon="6.78204" /><trkpt lat="46.47388" lon="6.78222" /><trkpt lat="46.47389" lon="6.78241" /><trkpt lat="46.47389" lon="6.78258" /><trkpt lat="46.4739" lon="6.78276" /><trkpt lat="46.47391" lon="6.78292" /><trkpt lat="46.47392" lon="6.78309" /><trkpt lat="46.47394" lon="6.78329" /><trkpt lat="46.47396" lon="6.78347" /><trkpt lat="46.47398" lon="6.78369" /><trkpt lat="46.474" lon="6.78384" /><trkpt lat="46.47403" lon="6.78404" /><trkpt lat="46.47411" lon="6.78457" /><trkpt lat="46.47419" lon="6.7851" /><trkpt lat="46.47429" lon="6.7858" /><trkpt lat="46.47435" lon="6.78615" /><trkpt lat="46.4744" lon="6.78644" /><trkpt lat="46.47444" lon="6.78672" /><trkpt lat="46.47447" lon="6.78696" /><trkpt lat="46.47449" lon="6.78716" /><trkpt lat="46.4745" lon="6.78732" /><trkpt lat="46.47451" lon="6.78745" /><trkpt lat="46.47452" lon="6.78762" /><trkpt lat="46.47452" lon="6.7878" /><trkpt lat="46.47453" lon="6.78803" /><trkpt lat="46.47452" lon="6.7882" /><trkpt lat="46.47452" lon="6.78843" /><trkpt lat="46.47451" lon="6.78862" /><trkpt lat="46.47449" lon="6.78882" /><trkpt lat="46.47447" lon="6.789" /><trkpt lat="46.47445" lon="6.78916" /><trkpt lat="46.47443" lon="6.78934" /><trkpt lat="46.4744" lon="6.78949" /><trkpt lat="46.47437" lon="6.78968" /><trkpt lat="46.47434" lon="6.78983" /><trkpt lat="46.47428" lon="6.79016" /><trkpt lat="46.47421" lon="6.79049" /><trkpt lat="46.47407" lon="6.79117" /><trkpt lat="46.47378" lon="6.79251" /><trkpt lat="46.47374" lon="6.79272" /><trkpt lat="46.47368" lon="6.79295" /><trkpt lat="46.47366" lon="6.79305" /><trkpt lat="46.47363" lon="6.79314" /><trkpt lat="46.47359" lon="6.7933" /><trkpt lat="46.47355" lon="6.79342" /><trkpt lat="46.47352" lon="6.79352" /><trkpt lat="46.47345" lon="6.79372" /><trkpt lat="46.47338" lon="6.79393" /><trkpt lat="46.4733" lon="6.79413" /><trkpt lat="46.47304" lon="6.7948" /><trkpt lat="46.47295" lon="6.79504" /><trkpt lat="46.47287" lon="6.79528" /><trkpt lat="46.47281" lon="6.79545" /><trkpt lat="46.47276" lon="6.79562" /><trkpt lat="46.47271" lon="6.7958" /><trkpt lat="46.47268" lon="6.79592" /><trkpt lat="46.47265" lon="6.79603" /><trkpt lat="46.47261" lon="6.7962" /><trkpt lat="46.47258" lon="6.79636" /><trkpt lat="46.47254" lon="6.79655" /><trkpt lat="46.4725" lon="6.79677" /><trkpt lat="46.47246" lon="6.79698" /><trkpt lat="46.47238" lon="6.79742" /><trkpt lat="46.47231" lon="6.79785" /><trkpt lat="46.47228" lon="6.79801" /><trkpt lat="46.47191" lon="6.80044" /><trkpt lat="46.47181" lon="6.80107" /><trkpt lat="46.47179" lon="6.80129" /><trkpt lat="46.47176" lon="6.80152" /><trkpt lat="46.47175" lon="6.80164" /><trkpt lat="46.47173" lon="6.80177" /><trkpt lat="46.47171" lon="6.80197" /><trkpt lat="46.4717" lon="6.80213" /><trkpt lat="46.47167" lon="6.80258" /><trkpt lat="46.47164" lon="6.80302" /><trkpt lat="46.47162" lon="6.80327" /><trkpt lat="46.4716" lon="6.80351" /><trkpt lat="46.47158" lon="6.80368" /><trkpt lat="46.47157" lon="6.80385" /><trkpt lat="46.47155" lon="6.80401" /><trkpt lat="46.47153" lon="6.80417" /><trkpt lat="46.4715" lon="6.8043" /><trkpt lat="46.47148" lon="6.80445" /><trkpt lat="46.47145" lon="6.80461" /><trkpt lat="46.47142" lon="6.80474" /><trkpt lat="46.47139" lon="6.80487" /><trkpt lat="46.47135" lon="6.80506" /><trkpt lat="46.47131" lon="6.80524" /><trkpt lat="46.47127" lon="6.80539" /><trkpt lat="46.47111" lon="6.80604" /><trkpt lat="46.47105" lon="6.8063" /><trkpt lat="46.47099" lon="6.80656" /><trkpt lat="46.47096" lon="6.80666" /><trkpt lat="46.47094" lon="6.80677" /><trkpt lat="46.47092" lon="6.80687" /><trkpt lat="46.4709" lon="6.80698" /><trkpt lat="46.47088" lon="6.80709" /><trkpt lat="46.47086" lon="6.8072" /><trkpt lat="46.47084" lon="6.8073" /><trkpt lat="46.47083" lon="6.80741" /><trkpt lat="46.47081" lon="6.80752" /><trkpt lat="46.4708" lon="6.80763" /><trkpt lat="46.47079" lon="6.80774" /><trkpt lat="46.47078" lon="6.80785" /><trkpt lat="46.47077" lon="6.80798" /><trkpt lat="46.47076" lon="6.8081" /><trkpt lat="46.47075" lon="6.80823" /><trkpt lat="46.47075" lon="6.80836" /><trkpt lat="46.47072" lon="6.80899" /><trkpt lat="46.47068" lon="6.80974" /><trkpt lat="46.47029" lon="6.81808" /><trkpt lat="46.47028" lon="6.8183" /><trkpt lat="46.47027" lon="6.81852" /><trkpt lat="46.47026" lon="6.81872" /><trkpt lat="46.47024" lon="6.81889" /><trkpt lat="46.47023" lon="6.81905" /><trkpt lat="46.47021" lon="6.81922" /><trkpt lat="46.47019" lon="6.8194" /><trkpt lat="46.47017" lon="6.81953" /><trkpt lat="46.47015" lon="6.81964" /><trkpt lat="46.47014" lon="6.81974" /><trkpt lat="46.47012" lon="6.81984" /><trkpt lat="46.4701" lon="6.81994" /><trkpt lat="46.47008" lon="6.82004" /><trkpt lat="46.47006" lon="6.82015" /><trkpt lat="46.47003" lon="6.82024" /><trkpt lat="46.47001" lon="6.82034" /><trkpt lat="46.46998" lon="6.82044" /><trkpt lat="46.46996" lon="6.82054" /><trkpt lat="46.46992" lon="6.82066" /><trkpt lat="46.46989" lon="6.82078" /><trkpt lat="46.46984" lon="6.82093" /><trkpt lat="46.4698" lon="6.82106" /><trkpt lat="46.46975" lon="6.82119" /><trkpt lat="46.46968" lon="6.82137" /><trkpt lat="46.46961" lon="6.82154" /><trkpt lat="46.46932" lon="6.82229" /><trkpt lat="46.46918" lon="6.82265" /><trkpt lat="46.46908" lon="6.82295" /><trkpt lat="46.46901" lon="6.82314" /><trkpt lat="46.46897" lon="6.82331" /><trkpt lat="46.46892" lon="6.82349" /><trkpt lat="46.46889" lon="6.82362" /><trkpt lat="46.46886" lon="6.82374" /><trkpt lat="46.46883" lon="6.82389" /><trkpt lat="46.4688" lon="6.82404" /><trkpt lat="46.46878" lon="6.82415" /><trkpt lat="46.46876" lon="6.82425" /><trkpt lat="46.46874" lon="6.82436" /><trkpt lat="46.46873" lon="6.82447" /><trkpt lat="46.46871" lon="6.82459" /><trkpt lat="46.4687" lon="6.82472" /><trkpt lat="46.46868" lon="6.82487" /><trkpt lat="46.46867" lon="6.82504" /><trkpt lat="46.46866" lon="6.82521" /><trkpt lat="46.46865" lon="6.82538" /><trkpt lat="46.46864" lon="6.82555" /><trkpt lat="46.46864" lon="6.82572" /><trkpt lat="46.46864" lon="6.82586" /><trkpt lat="46.46864" lon="6.82598" /><trkpt lat="46.46865" lon="6.82612" /><trkpt lat="46.46865" lon="6.82624" /><trkpt lat="46.46867" lon="6.8264" /><trkpt lat="46.46868" lon="6.8266" /><trkpt lat="46.46871" lon="6.82685" /><trkpt lat="46.46874" lon="6.82712" /><trkpt lat="46.46893" lon="6.82868" /><trkpt lat="46.46897" lon="6.82901" /><trkpt lat="46.46899" lon="6.8292" /><trkpt lat="46.46901" lon="6.8294" /><trkpt lat="46.46902" lon="6.82958" /><trkpt lat="46.46903" lon="6.82971" /><trkpt lat="46.46904" lon="6.82983" /><trkpt lat="46.46904" lon="6.82995" /><trkpt lat="46.46904" lon="6.83006" /><trkpt lat="46.46904" lon="6.83029" /><trkpt lat="46.46904" lon="6.8305" /><trkpt lat="46.46903" lon="6.83077" /><trkpt lat="46.46902" lon="6.83097" /><trkpt lat="46.469" lon="6.83119" /><trkpt lat="46.46899" lon="6.83134" /><trkpt lat="46.46898" lon="6.83147" /><trkpt lat="46.46896" lon="6.83162" /><trkpt lat="46.46894" lon="6.83177" /><trkpt lat="46.46892" lon="6.8319" /><trkpt lat="46.4689" lon="6.83203" /><trkpt lat="46.46888" lon="6.83216" /><trkpt lat="46.46885" lon="6.8323" /><trkpt lat="46.46882" lon="6.83245" /><trkpt lat="46.46879" lon="6.83261" /><trkpt lat="46.46877" lon="6.83272" /><trkpt lat="46.46874" lon="6.83283" /><trkpt lat="46.46871" lon="6.83296" /><trkpt lat="46.46867" lon="6.83309" /><trkpt lat="46.46863" lon="6.83323" /><trkpt lat="46.4686" lon="6.83335" /><trkpt lat="46.46856" lon="6.83348" /><trkpt lat="46.46851" lon="6.83362" /><trkpt lat="46.46846" lon="6.83377" /><trkpt lat="46.46838" lon="6.834" /><trkpt lat="46.46829" lon="6.83423" /><trkpt lat="46.46816" lon="6.83458" /><trkpt lat="46.46802" lon="6.83493" /><trkpt lat="46.4679" lon="6.83523" /><trkpt lat="46.46776" lon="6.83558" /><trkpt lat="46.46768" lon="6.83577" /><trkpt lat="46.4676" lon="6.83594" /><trkpt lat="46.46756" lon="6.83602" /><trkpt lat="46.46743" lon="6.83628" /><trkpt lat="46.4673" lon="6.83653" /><trkpt lat="46.46724" lon="6.83665" /><trkpt lat="46.46717" lon="6.83677" /><trkpt lat="46.46702" lon="6.83703" /><trkpt lat="46.46559" lon="6.83935" /><trkpt lat="46.46538" lon="6.83969" /><trkpt lat="46.46516" lon="6.84004" /><trkpt lat="46.46465" lon="6.84086" /><trkpt lat="46.46443" lon="6.84121" /><trkpt lat="46.46377" lon="6.84225" /><trkpt lat="46.46362" lon="6.84252" /><trkpt lat="46.46347" lon="6.84278" /><trkpt lat="46.46317" lon="6.84331" /><trkpt lat="46.46309" lon="6.84344" /><trkpt lat="46.46283" lon="6.84391" /><trkpt lat="46.46271" lon="6.84414" /><trkpt lat="46.4626" lon="6.84434" /><trkpt lat="46.46249" lon="6.84457" /><trkpt lat="46.46238" lon="6.8448" /><trkpt lat="46.4623" lon="6.84499" /><trkpt lat="46.46222" lon="6.84518" /><trkpt lat="46.46206" lon="6.84555" /><trkpt lat="46.46199" lon="6.84574" /><trkpt lat="46.46191" lon="6.84592" /><trkpt lat="46.46184" lon="6.84611" /><trkpt lat="46.46158" lon="6.84682" /><trkpt lat="46.46149" lon="6.84707" /><trkpt lat="46.4614" lon="6.84732" /><trkpt lat="46.46121" lon="6.84783" /><trkpt lat="46.46113" lon="6.84805" /><trkpt lat="46.46104" lon="6.84831" /><trkpt lat="46.46077" lon="6.84906" /><trkpt lat="46.46061" lon="6.8495" /><trkpt lat="46.4604" lon="6.85007" /><trkpt lat="46.46018" lon="6.85069" /><trkpt lat="46.45989" lon="6.85147" /><trkpt lat="46.45977" lon="6.85181" /><trkpt lat="46.45965" lon="6.85214" /><trkpt lat="46.45954" lon="6.85246" /><trkpt lat="46.45942" lon="6.85279" /><trkpt lat="46.45932" lon="6.85306" /><trkpt lat="46.45922" lon="6.85333" /><trkpt lat="46.45912" lon="6.85359" /><trkpt lat="46.45902" lon="6.85384" /><trkpt lat="46.45891" lon="6.8541" /><trkpt lat="46.4588" lon="6.85435" /><trkpt lat="46.45869" lon="6.8546" /><trkpt lat="46.45857" lon="6.85484" /><trkpt lat="46.45844" lon="6.85508" /><trkpt lat="46.45832" lon="6.85532" /><trkpt lat="46.45819" lon="6.85555" /><trkpt lat="46.45805" lon="6.85578" /><trkpt lat="46.45791" lon="6.856" /><trkpt lat="46.45777" lon="6.85622" /><trkpt lat="46.45766" lon="6.85638" /><trkpt lat="46.45749" lon="6.85664" /><trkpt lat="46.45716" lon="6.85714" /><trkpt lat="46.4568" lon="6.85766" /><trkpt lat="46.45645" lon="6.85818" /><trkpt lat="46.4561" lon="6.8587" /><trkpt lat="46.4554" lon="6.85973" /><trkpt lat="46.45473" lon="6.86072" /><trkpt lat="46.45406" lon="6.86172" /><trkpt lat="46.4537" lon="6.86225" /><trkpt lat="46.45172" lon="6.86518" /><trkpt lat="46.45158" lon="6.86539" /><trkpt lat="46.45143" lon="6.86561" /><trkpt lat="46.45129" lon="6.86583" /><trkpt lat="46.45115" lon="6.86605" /><trkpt lat="46.45102" lon="6.86627" /><trkpt lat="46.45089" lon="6.8665" /><trkpt lat="46.45077" lon="6.86672" /><trkpt lat="46.45065" lon="6.86696" /><trkpt lat="46.45052" lon="6.8672" /><trkpt lat="46.45041" lon="6.86745" /><trkpt lat="46.45029" lon="6.8677" /><trkpt lat="46.45018" lon="6.86795" /><trkpt lat="46.45011" lon="6.86813" /><trkpt lat="46.45004" lon="6.8683" /><trkpt lat="46.44997" lon="6.86849" /><trkpt lat="46.44988" lon="6.86875" /><trkpt lat="46.44979" lon="6.86902" /><trkpt lat="46.4497" lon="6.86929" /><trkpt lat="46.44961" lon="6.86956" /><trkpt lat="46.44954" lon="6.86984" /><trkpt lat="46.44946" lon="6.87012" /><trkpt lat="46.44939" lon="6.8704" /><trkpt lat="46.44932" lon="6.87068" /><trkpt lat="46.44926" lon="6.87097" /><trkpt lat="46.4492" lon="6.87125" /><trkpt lat="46.44876" lon="6.87334" /><trkpt lat="46.44861" lon="6.87407" /><trkpt lat="46.44846" lon="6.87479" /><trkpt lat="46.44831" lon="6.87551" /><trkpt lat="46.44799" lon="6.87707" /><trkpt lat="46.44775" lon="6.87823" /><trkpt lat="46.44763" lon="6.8788" /><trkpt lat="46.44762" lon="6.87884" /><trkpt lat="46.44759" lon="6.87897" /><trkpt lat="46.44756" lon="6.87911" /><trkpt lat="46.44753" lon="6.87925" /><trkpt lat="46.44748" lon="6.87947" /><trkpt lat="46.44743" lon="6.87969" /><trkpt lat="46.4474" lon="6.8798" /><trkpt lat="46.44738" lon="6.87991" /><trkpt lat="46.44735" lon="6.88003" /><trkpt lat="46.44732" lon="6.88013" /><trkpt lat="46.44729" lon="6.88024" /><trkpt lat="46.44726" lon="6.88035" /><trkpt lat="46.44722" lon="6.88046" /><trkpt lat="46.44719" lon="6.88056" /><trkpt lat="46.44718" lon="6.88061" /><trkpt lat="46.44714" lon="6.88071" /><trkpt lat="46.44709" lon="6.88086" /><trkpt lat="46.44704" lon="6.88098" /><trkpt lat="46.447" lon="6.8811" /><trkpt lat="46.44695" lon="6.88121" /><trkpt lat="46.4469" lon="6.88131" /><trkpt lat="46.44676" lon="6.88162" /><trkpt lat="46.44528" lon="6.88447" /><trkpt lat="46.44514" lon="6.88472" /><trkpt lat="46.44496" lon="6.88508" /><trkpt lat="46.44486" lon="6.88527" /><trkpt lat="46.44481" lon="6.88537" /><trkpt lat="46.44477" lon="6.88546" /><trkpt lat="46.44472" lon="6.88555" /><trkpt lat="46.44468" lon="6.88564" /><trkpt lat="46.44464" lon="6.88573" /><trkpt lat="46.4446" lon="6.88583" /><trkpt lat="46.44456" lon="6.88592" /><trkpt lat="46.44452" lon="6.88602" /><trkpt lat="46.44448" lon="6.88611" /><trkpt lat="46.44444" lon="6.88621" /><trkpt lat="46.4444" lon="6.88631" /><trkpt lat="46.44437" lon="6.88641" /><trkpt lat="46.44434" lon="6.8865" /><trkpt lat="46.4443" lon="6.8866" /><trkpt lat="46.44427" lon="6.88671" /><trkpt lat="46.44424" lon="6.88682" /><trkpt lat="46.4442" lon="6.88692" /><trkpt lat="46.44417" lon="6.88703" /><trkpt lat="46.44414" lon="6.88714" /><trkpt lat="46.4441" lon="6.8873" /><trkpt lat="46.44406" lon="6.88747" /><trkpt lat="46.44404" lon="6.88759" /><trkpt lat="46.44401" lon="6.88772" /><trkpt lat="46.44397" lon="6.88792" /><trkpt lat="46.44395" lon="6.88801" /><trkpt lat="46.44393" lon="6.88814" /><trkpt lat="46.4439" lon="6.88837" /><trkpt lat="46.44386" lon="6.88863" /><trkpt lat="46.4438" lon="6.8891" /><trkpt lat="46.44366" lon="6.89024" /><trkpt lat="46.44362" lon="6.89055" /><trkpt lat="46.44356" lon="6.89107" /><trkpt lat="46.4435" lon="6.89155" /><trkpt lat="46.44345" lon="6.89191" /><trkpt lat="46.44341" lon="6.89227" /><trkpt lat="46.44336" lon="6.89263" /><trkpt lat="46.44332" lon="6.89293" /><trkpt lat="46.44327" lon="6.89324" /><trkpt lat="46.44317" lon="6.89385" /><trkpt lat="46.44289" lon="6.89544" /><trkpt lat="46.44276" lon="6.89624" /><trkpt lat="46.44271" lon="6.89653" /><trkpt lat="46.44243" lon="6.89814" /><trkpt lat="46.4423" lon="6.89888" /><trkpt lat="46.44228" lon="6.89905" /><trkpt lat="46.44225" lon="6.89921" /><trkpt lat="46.44222" lon="6.89938" /><trkpt lat="46.44219" lon="6.89954" /><trkpt lat="46.44218" lon="6.89959" /><trkpt lat="46.44216" lon="6.89967" /><trkpt lat="46.44214" lon="6.8998" /><trkpt lat="46.44212" lon="6.89991" /><trkpt lat="46.44209" lon="6.90003" /><trkpt lat="46.44207" lon="6.90015" /><trkpt lat="46.44203" lon="6.9003" /><trkpt lat="46.442" lon="6.90044" /><trkpt lat="46.44196" lon="6.90059" /><trkpt lat="46.44193" lon="6.90074" /><trkpt lat="46.44189" lon="6.90088" /><trkpt lat="46.44185" lon="6.90103" /><trkpt lat="46.44181" lon="6.90117" /><trkpt lat="46.44177" lon="6.90131" /><trkpt lat="46.44173" lon="6.90145" /><trkpt lat="46.44168" lon="6.9016" /><trkpt lat="46.44164" lon="6.90174" /><trkpt lat="46.44159" lon="6.90188" /><trkpt lat="46.44155" lon="6.90202" /><trkpt lat="46.4415" lon="6.90216" /><trkpt lat="46.44145" lon="6.9023" /><trkpt lat="46.4414" lon="6.90243" /><trkpt lat="46.44134" lon="6.90257" /><trkpt lat="46.44129" lon="6.90271" /><trkpt lat="46.44124" lon="6.90285" /><trkpt lat="46.44118" lon="6.90298" /><trkpt lat="46.44112" lon="6.90313" /><trkpt lat="46.44106" lon="6.90328" /><trkpt lat="46.44099" lon="6.90343" /><trkpt lat="46.44093" lon="6.90358" /><trkpt lat="46.44067" lon="6.90418" /><trkpt lat="46.44028" lon="6.9051" /><trkpt lat="46.44023" lon="6.90522" /><trkpt lat="46.44016" lon="6.90538" /><trkpt lat="46.43966" lon="6.90653" /><trkpt lat="46.43946" lon="6.907" /><trkpt lat="46.43938" lon="6.9072" /><trkpt lat="46.4393" lon="6.90739" /><trkpt lat="46.43923" lon="6.90753" /><trkpt lat="46.43914" lon="6.90771" /><trkpt lat="46.43907" lon="6.90785" /><trkpt lat="46.43899" lon="6.90799" /><trkpt lat="46.43891" lon="6.90813" /><trkpt lat="46.43882" lon="6.90827" /><trkpt lat="46.43874" lon="6.9084" /><trkpt lat="46.43866" lon="6.90851" /><trkpt lat="46.43856" lon="6.90864" /><trkpt lat="46.43847" lon="6.90876" /><trkpt lat="46.43838" lon="6.90887" /><trkpt lat="46.43829" lon="6.90897" /><trkpt lat="46.4382" lon="6.90906" /><trkpt lat="46.43811" lon="6.90915" /><trkpt lat="46.43802" lon="6.90925" /><trkpt lat="46.43792" lon="6.90934" /><trkpt lat="46.43782" lon="6.90942" /><trkpt lat="46.43772" lon="6.9095" /><trkpt lat="46.43759" lon="6.9096" /><trkpt lat="46.43746" lon="6.90969" /><trkpt lat="46.43733" lon="6.90977" /><trkpt lat="46.4372" lon="6.90986" /><trkpt lat="46.43688" lon="6.91004" /><trkpt lat="46.43602" lon="6.91055" /><trkpt lat="46.43374" lon="6.91191" /><trkpt lat="46.43326" lon="6.9122" /><trkpt lat="46.4332" lon="6.91223" /><trkpt lat="46.43306" lon="6.91232" /><trkpt lat="46.43292" lon="6.91242" /><trkpt lat="46.43284" lon="6.91247" /><trkpt lat="46.43273" lon="6.91255" /><trkpt lat="46.43264" lon="6.91262" /><trkpt lat="46.43253" lon="6.91272" /><trkpt lat="46.43239" lon="6.91284" /><trkpt lat="46.43231" lon="6.91292" /><trkpt lat="46.43222" lon="6.91301" /><trkpt lat="46.43204" lon="6.9132" /><trkpt lat="46.43198" lon="6.91328" /><trkpt lat="46.43187" lon="6.91342" /><trkpt lat="46.43174" lon="6.91359" /><trkpt lat="46.43158" lon="6.91383" /><trkpt lat="46.4315" lon="6.91396" /><trkpt lat="46.43142" lon="6.91409" /><trkpt lat="46.43136" lon="6.9142" /><trkpt lat="46.4313" lon="6.91431" /><trkpt lat="46.43123" lon="6.91443" /><trkpt lat="46.43117" lon="6.91455" /><trkpt lat="46.4311" lon="6.9147" /><trkpt lat="46.43105" lon="6.91481" /><trkpt lat="46.43097" lon="6.915" /><trkpt lat="46.43093" lon="6.91511" /><trkpt lat="46.43089" lon="6.91521" /><trkpt lat="46.43083" lon="6.91539" /><trkpt lat="46.43077" lon="6.91557" /><trkpt lat="46.43072" lon="6.91575" /><trkpt lat="46.43066" lon="6.91596" /><trkpt lat="46.43053" lon="6.91644" /><trkpt lat="46.43039" lon="6.91697" /><trkpt lat="46.43028" lon="6.91742" /><trkpt lat="46.43013" lon="6.91798" /><trkpt lat="46.43006" lon="6.91822" /><trkpt lat="46.43" lon="6.91846" /><trkpt lat="46.42995" lon="6.91862" /><trkpt lat="46.4299" lon="6.91878" /><trkpt lat="46.42981" lon="6.91902" /><trkpt lat="46.42976" lon="6.91915" /><trkpt lat="46.42971" lon="6.91927" /><trkpt lat="46.42966" lon="6.91939" /><trkpt lat="46.42961" lon="6.91951" /><trkpt lat="46.42955" lon="6.91963" /><trkpt lat="46.42949" lon="6.91976" /><trkpt lat="46.4294" lon="6.91994" /><trkpt lat="46.4293" lon="6.92011" /><trkpt lat="46.4292" lon="6.92028" /><trkpt lat="46.42911" lon="6.92042" /><trkpt lat="46.42902" lon="6.92055" /><trkpt lat="46.42896" lon="6.92063" /><trkpt lat="46.4289" lon="6.92071" /><trkpt lat="46.42884" lon="6.92079" /><trkpt lat="46.42876" lon="6.92088" /><trkpt lat="46.42865" lon="6.92101" /><trkpt lat="46.42855" lon="6.92113" /><trkpt lat="46.42843" lon="6.92124" /><trkpt lat="46.42826" lon="6.92141" /><trkpt lat="46.42807" lon="6.92158" /><trkpt lat="46.4278" lon="6.92181" /><trkpt lat="46.42766" lon="6.92192" /><trkpt lat="46.42755" lon="6.92201" /><trkpt lat="46.42744" lon="6.9221" /><trkpt lat="46.42725" lon="6.92226" /><trkpt lat="46.42709" lon="6.92238" /><trkpt lat="46.42693" lon="6.92248" /><trkpt lat="46.42668" lon="6.92265" /><trkpt lat="46.42641" lon="6.92281" /><trkpt lat="46.42562" lon="6.92329" /><trkpt lat="46.4251" lon="6.92358" /><trkpt lat="46.42486" lon="6.92371" /><trkpt lat="46.42462" lon="6.92383" /><trkpt lat="46.42444" lon="6.9239" /><trkpt lat="46.42424" lon="6.92396" /><trkpt lat="46.42412" lon="6.92399" /><trkpt lat="46.42402" lon="6.92401" /><trkpt lat="46.42385" lon="6.92404" /><trkpt lat="46.42366" lon="6.92406" /><trkpt lat="46.42347" lon="6.92408" /><trkpt lat="46.42328" lon="6.9241" /><trkpt lat="46.42308" lon="6.92411" /><trkpt lat="46.4229" lon="6.92412" /><trkpt lat="46.42271" lon="6.92414" /><trkpt lat="46.42252" lon="6.92417" /><trkpt lat="46.42242" lon="6.92418" /><trkpt lat="46.42231" lon="6.9242" /><trkpt lat="46.42214" lon="6.92425" /><trkpt lat="46.42205" lon="6.92427" /><trkpt lat="46.42196" lon="6.9243" /><trkpt lat="46.42187" lon="6.92434" /><trkpt lat="46.42171" lon="6.9244" /><trkpt lat="46.42157" lon="6.92447" /><trkpt lat="46.42145" lon="6.92453" /><trkpt lat="46.42134" lon="6.92459" /><trkpt lat="46.42121" lon="6.92467" /><trkpt lat="46.42112" lon="6.92473" /><trkpt lat="46.42098" lon="6.92483" /><trkpt lat="46.42086" lon="6.92493" /><trkpt lat="46.42071" lon="6.92505" /><trkpt lat="46.42056" lon="6.92518" /><trkpt lat="46.42044" lon="6.92531" /><trkpt lat="46.42032" lon="6.92543" /><trkpt lat="46.42022" lon="6.92555" /><trkpt lat="46.42012" lon="6.92567" /><trkpt lat="46.41974" lon="6.92612" /><trkpt lat="46.41953" lon="6.92636" /><trkpt lat="46.41933" lon="6.92658" /><trkpt lat="46.41917" lon="6.92675" /><trkpt lat="46.41901" lon="6.92691" /><trkpt lat="46.41888" lon="6.92701" /><trkpt lat="46.41875" lon="6.92713" /><trkpt lat="46.41858" lon="6.92724" /><trkpt lat="46.41843" lon="6.92734" /><trkpt lat="46.41834" lon="6.9274" /><trkpt lat="46.41823" lon="6.92746" /><trkpt lat="46.41812" lon="6.92751" /><trkpt lat="46.41801" lon="6.92757" /><trkpt lat="46.41785" lon="6.92763" /><trkpt lat="46.41776" lon="6.92767" /><trkpt lat="46.41766" lon="6.9277" /><trkpt lat="46.41752" lon="6.92774" /><trkpt lat="46.4174" lon="6.92777" /><trkpt lat="46.41727" lon="6.92779" /><trkpt lat="46.41704" lon="6.92783" /><trkpt lat="46.41681" lon="6.92787" /><trkpt lat="46.41637" lon="6.92791" /><trkpt lat="46.41592" lon="6.92793" /><trkpt lat="46.41572" lon="6.92794" /><trkpt lat="46.41552" lon="6.92797" /><trkpt lat="46.41532" lon="6.928" /><trkpt lat="46.41521" lon="6.92802" /><trkpt lat="46.4151" lon="6.92805" /><trkpt lat="46.41494" lon="6.9281" /><trkpt lat="46.41479" lon="6.92815" /><trkpt lat="46.41463" lon="6.92821" /><trkpt lat="46.41448" lon="6.92829" /><trkpt lat="46.41425" lon="6.92841" /><trkpt lat="46.41403" lon="6.92855" /><trkpt lat="46.41384" lon="6.92869" /><trkpt lat="46.41373" lon="6.92878" /><trkpt lat="46.41361" lon="6.92887" /><trkpt lat="46.41332" lon="6.92913" /><trkpt lat="46.41291" lon="6.92951" /><trkpt lat="46.41271" lon="6.92969" /><trkpt lat="46.41259" lon="6.92978" /><trkpt lat="46.41249" lon="6.92987" /><trkpt lat="46.41229" lon="6.93003" /><trkpt lat="46.41213" lon="6.93014" /><trkpt lat="46.41205" lon="6.9302" /><trkpt lat="46.41195" lon="6.93026" /><trkpt lat="46.41177" lon="6.93037" /><trkpt lat="46.41163" lon="6.93045" /><trkpt lat="46.41151" lon="6.93052" /><trkpt lat="46.41138" lon="6.93058" /><trkpt lat="46.41125" lon="6.93064" /><trkpt lat="46.41112" lon="6.93069" /><trkpt lat="46.41098" lon="6.93075" /><trkpt lat="46.41082" lon="6.9308" /><trkpt lat="46.41069" lon="6.93084" /><trkpt lat="46.41046" lon="6.93091" /><trkpt lat="46.41022" lon="6.93096" /><trkpt lat="46.41" lon="6.931" /><trkpt lat="46.40976" lon="6.93102" /><trkpt lat="46.40954" lon="6.93104" /><trkpt lat="46.40933" lon="6.93106" /><trkpt lat="46.40912" lon="6.93108" /><trkpt lat="46.40891" lon="6.93109" /><trkpt lat="46.4087" lon="6.93109" /><trkpt lat="46.40851" lon="6.93108" /><trkpt lat="46.4083" lon="6.93106" /><trkpt lat="46.40818" lon="6.93104" /><trkpt lat="46.40808" lon="6.93102" /><trkpt lat="46.40792" lon="6.93099" /><trkpt lat="46.40776" lon="6.93094" /><trkpt lat="46.40756" lon="6.93088" /><trkpt lat="46.40736" lon="6.9308" /><trkpt lat="46.40714" lon="6.9307" /><trkpt lat="46.40703" lon="6.93065" /><trkpt lat="46.40693" lon="6.9306" /><trkpt lat="46.40671" lon="6.93047" /><trkpt lat="46.40651" lon="6.93033" /><trkpt lat="46.4063" lon="6.93019" /><trkpt lat="46.40611" lon="6.93005" /><trkpt lat="46.40589" lon="6.92989" /><trkpt lat="46.40571" lon="6.92975" /><trkpt lat="46.40484" lon="6.92911" /><trkpt lat="46.40462" lon="6.92895" /><trkpt lat="46.40439" lon="6.92879" /><trkpt lat="46.40413" lon="6.92863" /><trkpt lat="46.40388" lon="6.92845" /><trkpt lat="46.40369" lon="6.92831" /><trkpt lat="46.40356" lon="6.92822" /><trkpt lat="46.40344" lon="6.92813" /><trkpt lat="46.40318" lon="6.92796" /><trkpt lat="46.40291" lon="6.9278" /><trkpt lat="46.40267" lon="6.92767" /><trkpt lat="46.40253" lon="6.92761" /><trkpt lat="46.40243" lon="6.92756" /><trkpt lat="46.40227" lon="6.9275" /><trkpt lat="46.40211" lon="6.92744" /><trkpt lat="46.40201" lon="6.9274" /><trkpt lat="46.40187" lon="6.92735" /><trkpt lat="46.4017" lon="6.9273" /><trkpt lat="46.40151" lon="6.92725" /><trkpt lat="46.40142" lon="6.92723" /><trkpt lat="46.40134" lon="6.92721" /><trkpt lat="46.40116" lon="6.92718" /><trkpt lat="46.40103" lon="6.92716" /><trkpt lat="46.4009" lon="6.92714" /><trkpt lat="46.40078" lon="6.92713" /><trkpt lat="46.4007" lon="6.92713" /><trkpt lat="46.40037" lon="6.92712" /><trkpt lat="46.40026" lon="6.92712" /><trkpt lat="46.40009" lon="6.92712" /><trkpt lat="46.39844" lon="6.92713" /><trkpt lat="46.39762" lon="6.92714" /><trkpt lat="46.39749" lon="6.92714" /><trkpt lat="46.39729" lon="6.92715" /><trkpt lat="46.39707" lon="6.92716" /><trkpt lat="46.39668" lon="6.92719" /><trkpt lat="46.39657" lon="6.9272" /><trkpt lat="46.3956" lon="6.92732" /><trkpt lat="46.39508" lon="6.92738" /><trkpt lat="46.39478" lon="6.92742" /><trkpt lat="46.39076" lon="6.92792" /><trkpt lat="46.38653" lon="6.92844" /><trkpt lat="46.38528" lon="6.9286" /><trkpt lat="46.38506" lon="6.92862" /><trkpt lat="46.38484" lon="6.92865" /><trkpt lat="46.38457" lon="6.92867" /><trkpt lat="46.3843" lon="6.92869" /><trkpt lat="46.38403" lon="6.92871" /><trkpt lat="46.38376" lon="6.92872" /><trkpt lat="46.38356" lon="6.92872" /><trkpt lat="46.38322" lon="6.92872" /><trkpt lat="46.38295" lon="6.92872" /><trkpt lat="46.38268" lon="6.92871" /><trkpt lat="46.38241" lon="6.9287" /><trkpt lat="46.38214" lon="6.92868" /><trkpt lat="46.38187" lon="6.92866" /><trkpt lat="46.3816" lon="6.92863" /><trkpt lat="46.38134" lon="6.9286" /><trkpt lat="46.38107" lon="6.92857" /><trkpt lat="46.3808" lon="6.92852" /><trkpt lat="46.38052" lon="6.92848" /><trkpt lat="46.38026" lon="6.92843" /><trkpt lat="46.38" lon="6.92837" /><trkpt lat="46.37973" lon="6.92831" /><trkpt lat="46.37947" lon="6.92825" /><trkpt lat="46.3792" lon="6.92818" /><trkpt lat="46.37894" lon="6.92811" /><trkpt lat="46.37867" lon="6.92803" /><trkpt lat="46.37841" lon="6.92795" /><trkpt lat="46.37815" lon="6.92786" /><trkpt lat="46.37788" lon="6.92777" /><trkpt lat="46.36988" lon="6.92481" /><trkpt lat="46.36953" lon="6.92467" /><trkpt lat="46.36928" lon="6.92459" /><trkpt lat="46.36904" lon="6.92451" /><trkpt lat="46.36885" lon="6.92444" /><trkpt lat="46.36865" lon="6.92439" /><trkpt lat="46.36844" lon="6.92433" /><trkpt lat="46.3682" lon="6.92427" /><trkpt lat="46.36795" lon="6.92421" /><trkpt lat="46.36771" lon="6.92417" /><trkpt lat="46.36743" lon="6.92412" /><trkpt lat="46.36723" lon="6.92409" /><trkpt lat="46.36702" lon="6.92407" /><trkpt lat="46.36671" lon="6.92404" /><trkpt lat="46.36641" lon="6.92403" /><trkpt lat="46.36605" lon="6.92402" /><trkpt lat="46.36579" lon="6.92403" /><trkpt lat="46.36551" lon="6.92404" /><trkpt lat="46.36532" lon="6.92404" /><trkpt lat="46.36514" lon="6.92406" /><trkpt lat="46.36476" lon="6.9241" /><trkpt lat="46.36444" lon="6.92414" /><trkpt lat="46.36409" lon="6.9242" /><trkpt lat="46.36383" lon="6.92425" /><trkpt lat="46.36356" lon="6.92431" /><trkpt lat="46.3633" lon="6.92438" /><trkpt lat="46.36308" lon="6.92444" /><trkpt lat="46.36293" lon="6.92448" /><trkpt lat="46.36281" lon="6.92452" /><trkpt lat="46.36257" lon="6.92461" /><trkpt lat="46.36236" lon="6.92469" /><trkpt lat="46.36211" lon="6.9248" /><trkpt lat="46.36178" lon="6.92496" /><trkpt lat="46.36166" lon="6.92502" /><trkpt lat="46.36153" lon="6.92509" /><trkpt lat="46.36134" lon="6.9252" /><trkpt lat="46.36118" lon="6.92529" /><trkpt lat="46.36105" lon="6.92537" /><trkpt lat="46.36086" lon="6.92549" /><trkpt lat="46.36067" lon="6.92562" /><trkpt lat="46.36047" lon="6.92576" /><trkpt lat="46.36027" lon="6.9259" /><trkpt lat="46.35986" lon="6.92618" /><trkpt lat="46.3596" lon="6.92637" /><trkpt lat="46.35868" lon="6.92701" /><trkpt lat="46.35714" lon="6.92808" /><trkpt lat="46.35635" lon="6.92864" /><trkpt lat="46.35402" lon="6.93026" /><trkpt lat="46.34965" lon="6.93332" /><trkpt lat="46.34338" lon="6.93769" /><trkpt lat="46.34192" lon="6.93871" /><trkpt lat="46.34094" lon="6.93939" /><trkpt lat="46.34046" lon="6.93973" /><trkpt lat="46.33997" lon="6.94007" /><trkpt lat="46.33949" lon="6.94041" /><trkpt lat="46.33901" lon="6.94076" /><trkpt lat="46.33853" lon="6.94112" /><trkpt lat="46.33806" lon="6.9415" /><trkpt lat="46.33759" lon="6.94189" /><trkpt lat="46.33713" lon="6.9423" /><trkpt lat="46.33667" lon="6.94272" /><trkpt lat="46.33622" lon="6.94315" /><trkpt lat="46.33578" lon="6.94359" /><trkpt lat="46.33513" lon="6.94428" /><trkpt lat="46.33508" lon="6.94433" /><trkpt lat="46.33491" lon="6.94452" /><trkpt lat="46.33449" lon="6.945" /><trkpt lat="46.32904" lon="6.95138" /><trkpt lat="46.32782" lon="6.95282" /><trkpt lat="46.32698" lon="6.9538" /><trkpt lat="46.32569" lon="6.9553" /><trkpt lat="46.32562" lon="6.95539" /><trkpt lat="46.32535" lon="6.9557" /><trkpt lat="46.32513" lon="6.95596" /><trkpt lat="46.3239" lon="6.95741" /><trkpt lat="46.3224" lon="6.95916" /><trkpt lat="46.32206" lon="6.95956" /><trkpt lat="46.3217" lon="6.95997" /><trkpt lat="46.32134" lon="6.96037" /><trkpt lat="46.32122" lon="6.96051" /><trkpt lat="46.3211" lon="6.96063" /><trkpt lat="46.32094" lon="6.96079" /><trkpt lat="46.32079" lon="6.96093" /><trkpt lat="46.32062" lon="6.9611" /><trkpt lat="46.32027" lon="6.96141" /><trkpt lat="46.32011" lon="6.96154" /><trkpt lat="46.31992" lon="6.96169" /><trkpt lat="46.31975" lon="6.96183" /><trkpt lat="46.3196" lon="6.96194" /><trkpt lat="46.31949" lon="6.96202" /><trkpt lat="46.31906" lon="6.96232" /><trkpt lat="46.31882" lon="6.96248" /><trkpt lat="46.3187" lon="6.96256" /><trkpt lat="46.31852" lon="6.96267" /><trkpt lat="46.31839" lon="6.96274" /><trkpt lat="46.31822" lon="6.96284" /><trkpt lat="46.31808" lon="6.96292" /><trkpt lat="46.31778" lon="6.96308" /><trkpt lat="46.31661" lon="6.96369" /><trkpt lat="46.3164" lon="6.9638" /><trkpt lat="46.3156" lon="6.96421" /><trkpt lat="46.31492" lon="6.96457" /><trkpt lat="46.31455" lon="6.96476" /><trkpt lat="46.31446" lon="6.9648" /><trkpt lat="46.31408" lon="6.96498" /><trkpt lat="46.3138" lon="6.96511" /><trkpt lat="46.31355" lon="6.96523" /><trkpt lat="46.31323" lon="6.96536" /><trkpt lat="46.31307" lon="6.96542" /><trkpt lat="46.3129" lon="6.96548" /><trkpt lat="46.31278" lon="6.96551" /><trkpt lat="46.31265" lon="6.96555" /><trkpt lat="46.31253" lon="6.96558" /><trkpt lat="46.3124" lon="6.9656" /><trkpt lat="46.31227" lon="6.96563" /><trkpt lat="46.31202" lon="6.96567" /><trkpt lat="46.31177" lon="6.96572" /><trkpt lat="46.29556" lon="6.96845" /><trkpt lat="46.29268" lon="6.96894" /><trkpt lat="46.28962" lon="6.96945" /><trkpt lat="46.28872" lon="6.9696" /><trkpt lat="46.2857" lon="6.97011" /><trkpt lat="46.28554" lon="6.97014" /><trkpt lat="46.28403" lon="6.97039" /><trkpt lat="46.28317" lon="6.97054" /><trkpt lat="46.28261" lon="6.97064" /><trkpt lat="46.28221" lon="6.97071" /><trkpt lat="46.28202" lon="6.97075" /><trkpt lat="46.28184" lon="6.97079" /><trkpt lat="46.28171" lon="6.97082" /><trkpt lat="46.28156" lon="6.97086" /><trkpt lat="46.28127" lon="6.97093" /><trkpt lat="46.28111" lon="6.97097" /><trkpt lat="46.28091" lon="6.97103" /><trkpt lat="46.28053" lon="6.97114" /><trkpt lat="46.28016" lon="6.97126" /><trkpt lat="46.27981" lon="6.97138" /><trkpt lat="46.27932" lon="6.97157" /><trkpt lat="46.27907" lon="6.97166" /><trkpt lat="46.27895" lon="6.97172" /><trkpt lat="46.27868" lon="6.97183" /><trkpt lat="46.27825" lon="6.97202" /><trkpt lat="46.27765" lon="6.97229" /><trkpt lat="46.27701" lon="6.97257" /><trkpt lat="46.27577" lon="6.97312" /><trkpt lat="46.27537" lon="6.9733" /><trkpt lat="46.27448" lon="6.9737" /><trkpt lat="46.26992" lon="6.97573" /><trkpt lat="46.26966" lon="6.97585" /><trkpt lat="46.26941" lon="6.97597" /><trkpt lat="46.26916" lon="6.97609" /><trkpt lat="46.26892" lon="6.97621" /><trkpt lat="46.26867" lon="6.97634" /><trkpt lat="46.26843" lon="6.97648" /><trkpt lat="46.26819" lon="6.97663" /><trkpt lat="46.26795" lon="6.97678" /><trkpt lat="46.26772" lon="6.97694" /><trkpt lat="46.26748" lon="6.9771" /><trkpt lat="46.26725" lon="6.97728" /><trkpt lat="46.26702" lon="6.97745" /><trkpt lat="46.26679" lon="6.97764" /><trkpt lat="46.26657" lon="6.97783" /><trkpt lat="46.26635" lon="6.97803" /><trkpt lat="46.26613" lon="6.97823" /><trkpt lat="46.26591" lon="6.97844" /><trkpt lat="46.2657" lon="6.97865" /><trkpt lat="46.26549" lon="6.97888" /><trkpt lat="46.26529" lon="6.9791" /><trkpt lat="46.26515" lon="6.97926" /><trkpt lat="46.26503" lon="6.9794" /><trkpt lat="46.2649" lon="6.97955" /><trkpt lat="46.26471" lon="6.97979" /><trkpt lat="46.26452" lon="6.98003" /><trkpt lat="46.26433" lon="6.98028" /><trkpt lat="46.26415" lon="6.98054" /><trkpt lat="46.26396" lon="6.9808" /><trkpt lat="46.26378" lon="6.98107" /><trkpt lat="46.2636" lon="6.98135" /><trkpt lat="46.26343" lon="6.98163" /><trkpt lat="46.26326" lon="6.98191" /><trkpt lat="46.26309" lon="6.9822" /><trkpt lat="46.26293" lon="6.9825" /><trkpt lat="46.26277" lon="6.98279" /><trkpt lat="46.26262" lon="6.98309" /><trkpt lat="46.26253" lon="6.98327" /><trkpt lat="46.26247" lon="6.9834" /><trkpt lat="46.26232" lon="6.98371" /><trkpt lat="46.26218" lon="6.98402" /><trkpt lat="46.26205" lon="6.98433" /><trkpt lat="46.26192" lon="6.98464" /><trkpt lat="46.26179" lon="6.98496" /><trkpt lat="46.26167" lon="6.98528" /><trkpt lat="46.26155" lon="6.98562" /><trkpt lat="46.26143" lon="6.98596" /><trkpt lat="46.26119" lon="6.98666" /><trkpt lat="46.26002" lon="6.99015" /><trkpt lat="46.25931" lon="6.99225" /><trkpt lat="46.25919" lon="6.99261" /><trkpt lat="46.25906" lon="6.99296" /><trkpt lat="46.25896" lon="6.99323" /><trkpt lat="46.25886" lon="6.9935" /><trkpt lat="46.25875" lon="6.99377" /><trkpt lat="46.25863" lon="6.99404" /><trkpt lat="46.25851" lon="6.99431" /><trkpt lat="46.25839" lon="6.99456" /><trkpt lat="46.25827" lon="6.9948" /><trkpt lat="46.25814" lon="6.99504" /><trkpt lat="46.258" lon="6.99529" /><trkpt lat="46.25786" lon="6.99553" /><trkpt lat="46.25771" lon="6.99577" /><trkpt lat="46.25756" lon="6.996" /><trkpt lat="46.25741" lon="6.99622" /><trkpt lat="46.25726" lon="6.99644" /><trkpt lat="46.25709" lon="6.99666" /><trkpt lat="46.25693" lon="6.99688" /><trkpt lat="46.25677" lon="6.99706" /><trkpt lat="46.25662" lon="6.99724" /><trkpt lat="46.25647" lon="6.99741" /><trkpt lat="46.25631" lon="6.99758" /><trkpt lat="46.25615" lon="6.99775" /><trkpt lat="46.25598" lon="6.9979" /><trkpt lat="46.25586" lon="6.99801" /><trkpt lat="46.2557" lon="6.99815" /><trkpt lat="46.25557" lon="6.99825" /><trkpt lat="46.25544" lon="6.99835" /><trkpt lat="46.25527" lon="6.99848" /><trkpt lat="46.2551" lon="6.99859" /><trkpt lat="46.25486" lon="6.99875" /><trkpt lat="46.25439" lon="6.99905" /><trkpt lat="46.25427" lon="6.99913" /><trkpt lat="46.25409" lon="6.99924" /><trkpt lat="46.25395" lon="6.99932" /><trkpt lat="46.25361" lon="6.99951" /><trkpt lat="46.25324" lon="6.9997" /><trkpt lat="46.25255" lon="7.00005" /><trkpt lat="46.25195" lon="7.00036" /><trkpt lat="46.25144" lon="7.00062" /><trkpt lat="46.2509" lon="7.0009" /><trkpt lat="46.25068" lon="7.00101" /><trkpt lat="46.25046" lon="7.00113" /><trkpt lat="46.25032" lon="7.0012" /><trkpt lat="46.25016" lon="7.00127" /><trkpt lat="46.25" lon="7.00134" /><trkpt lat="46.2496" lon="7.0015" /><trkpt lat="46.24916" lon="7.00165" /><trkpt lat="46.24864" lon="7.00183" /><trkpt lat="46.24842" lon="7.0019" /><trkpt lat="46.24811" lon="7.002" /><trkpt lat="46.248" lon="7.00204" /><trkpt lat="46.24788" lon="7.00208" /><trkpt lat="46.24771" lon="7.00212" /><trkpt lat="46.24761" lon="7.00215" /><trkpt lat="46.24749" lon="7.00218" /><trkpt lat="46.24736" lon="7.00221" /><trkpt lat="46.24723" lon="7.00223" /><trkpt lat="46.2471" lon="7.00224" /><trkpt lat="46.24699" lon="7.00225" /><trkpt lat="46.24688" lon="7.00226" /><trkpt lat="46.24679" lon="7.00226" /><trkpt lat="46.24668" lon="7.00226" /><trkpt lat="46.2466" lon="7.00225" /><trkpt lat="46.24646" lon="7.00224" /><trkpt lat="46.24635" lon="7.00223" /><trkpt lat="46.24619" lon="7.00221" /><trkpt lat="46.24599" lon="7.00217" /><trkpt lat="46.24582" lon="7.00213" /><trkpt lat="46.24571" lon="7.0021" /><trkpt lat="46.24552" lon="7.00205" /><trkpt lat="46.24542" lon="7.00202" /><trkpt lat="46.24528" lon="7.00197" /><trkpt lat="46.24516" lon="7.00193" /><trkpt lat="46.24501" lon="7.00187" /><trkpt lat="46.24485" lon="7.00181" /><trkpt lat="46.24474" lon="7.00176" /><trkpt lat="46.24451" lon="7.00166" /><trkpt lat="46.24428" lon="7.00155" /><trkpt lat="46.24117" lon="7.00012" /><trkpt lat="46.24098" lon="7.00003" /><trkpt lat="46.24078" lon="6.99994" /><trkpt lat="46.24058" lon="6.99986" /><trkpt lat="46.24038" lon="6.99977" /><trkpt lat="46.24019" lon="6.9997" /><trkpt lat="46.24" lon="6.99963" /><trkpt lat="46.23977" lon="6.99955" /><trkpt lat="46.23961" lon="6.99949" /><trkpt lat="46.23952" lon="6.99946" /><trkpt lat="46.23928" lon="6.99939" /><trkpt lat="46.23903" lon="6.99931" /><trkpt lat="46.2388" lon="6.99925" /><trkpt lat="46.23857" lon="6.9992" /><trkpt lat="46.23834" lon="6.99915" /><trkpt lat="46.23811" lon="6.9991" /><trkpt lat="46.23788" lon="6.99907" /><trkpt lat="46.23764" lon="6.99904" /><trkpt lat="46.23733" lon="6.999" /><trkpt lat="46.23713" lon="6.99898" /><trkpt lat="46.23696" lon="6.99897" /><trkpt lat="46.23666" lon="6.99894" /><trkpt lat="46.2362" lon="6.99889" /><trkpt lat="46.23574" lon="6.99885" /><trkpt lat="46.23534" lon="6.99881" /><trkpt lat="46.23457" lon="6.99873" /><trkpt lat="46.23413" lon="6.99869" /><trkpt lat="46.23393" lon="6.99867" /><trkpt lat="46.23374" lon="6.99866" /><trkpt lat="46.23356" lon="6.99865" /><trkpt lat="46.23338" lon="6.99866" /><trkpt lat="46.2332" lon="6.99867" /><trkpt lat="46.23302" lon="6.99868" /><trkpt lat="46.23284" lon="6.99871" /><trkpt lat="46.23266" lon="6.99874" /><trkpt lat="46.23249" lon="6.99878" /><trkpt lat="46.23232" lon="6.99882" /><trkpt lat="46.23217" lon="6.99887" /><trkpt lat="46.23201" lon="6.99892" /><trkpt lat="46.23184" lon="6.99898" /><trkpt lat="46.23168" lon="6.99905" /><trkpt lat="46.2316" lon="6.99908" /><trkpt lat="46.2315" lon="6.99913" /><trkpt lat="46.23133" lon="6.99921" /><trkpt lat="46.23128" lon="6.99924" /><trkpt lat="46.23104" lon="6.99937" /><trkpt lat="46.23069" lon="6.99958" /><trkpt lat="46.23033" lon="6.9998" /><trkpt lat="46.22964" lon="7.00023" /><trkpt lat="46.22925" lon="7.00047" /><trkpt lat="46.22908" lon="7.00057" /><trkpt lat="46.22892" lon="7.00067" /><trkpt lat="46.22876" lon="7.00075" /><trkpt lat="46.22861" lon="7.00083" /><trkpt lat="46.22842" lon="7.00092" /><trkpt lat="46.22824" lon="7.001" /><trkpt lat="46.22809" lon="7.00105" /><trkpt lat="46.22794" lon="7.0011" /><trkpt lat="46.22778" lon="7.00115" /><trkpt lat="46.22761" lon="7.00119" /><trkpt lat="46.22745" lon="7.00122" /><trkpt lat="46.22725" lon="7.00127" /><trkpt lat="46.22628" lon="7.00144" /><trkpt lat="46.22608" lon="7.00148" /><trkpt lat="46.2259" lon="7.00152" /><trkpt lat="46.22572" lon="7.00157" /><trkpt lat="46.22557" lon="7.00161" /><trkpt lat="46.22541" lon="7.00166" /><trkpt lat="46.2252" lon="7.00173" /><trkpt lat="46.22502" lon="7.00181" /><trkpt lat="46.22461" lon="7.002" /><trkpt lat="46.22385" lon="7.00237" /><trkpt lat="46.22359" lon="7.00249" /><trkpt lat="46.22331" lon="7.00261" /><trkpt lat="46.22296" lon="7.00273" /><trkpt lat="46.22266" lon="7.00281" /><trkpt lat="46.22237" lon="7.00288" /><trkpt lat="46.22172" lon="7.00295" /><trkpt lat="46.22119" lon="7.00293" /><trkpt lat="46.22086" lon="7.0029" /><trkpt lat="46.22053" lon="7.00285" /><trkpt lat="46.22012" lon="7.00276" /><trkpt lat="46.21923" lon="7.00249" /><trkpt lat="46.21903" lon="7.00243" /><trkpt lat="46.21891" lon="7.00239" /><trkpt lat="46.21878" lon="7.00236" /><trkpt lat="46.21861" lon="7.00231" /><trkpt lat="46.21828" lon="7.00221" /><trkpt lat="46.21815" lon="7.00217" /><trkpt lat="46.2179" lon="7.00211" /><trkpt lat="46.21775" lon="7.00207" /><trkpt lat="46.21763" lon="7.00205" /><trkpt lat="46.2175" lon="7.00202" /><trkpt lat="46.21737" lon="7.002" /><trkpt lat="46.21725" lon="7.00198" /><trkpt lat="46.21713" lon="7.00196" /><trkpt lat="46.21699" lon="7.00195" /><trkpt lat="46.21687" lon="7.00194" /><trkpt lat="46.21677" lon="7.00193" /><trkpt lat="46.21662" lon="7.00192" /><trkpt lat="46.21651" lon="7.00192" /><trkpt lat="46.21639" lon="7.00192" /><trkpt lat="46.21625" lon="7.00192" /><trkpt lat="46.21611" lon="7.00193" /><trkpt lat="46.21599" lon="7.00194" /><trkpt lat="46.21587" lon="7.00194" /><trkpt lat="46.21573" lon="7.00196" /><trkpt lat="46.21503" lon="7.00201" /><trkpt lat="46.21482" lon="7.00203" /><trkpt lat="46.2146" lon="7.00205" /><trkpt lat="46.21446" lon="7.00207" /><trkpt lat="46.21437" lon="7.00208" /><trkpt lat="46.21422" lon="7.0021" /><trkpt lat="46.21411" lon="7.00212" /><trkpt lat="46.21398" lon="7.00215" /><trkpt lat="46.21386" lon="7.00218" /><trkpt lat="46.21372" lon="7.00221" /><trkpt lat="46.21357" lon="7.00226" /><trkpt lat="46.21342" lon="7.00231" /><trkpt lat="46.21332" lon="7.00235" /><trkpt lat="46.21318" lon="7.00241" /><trkpt lat="46.21304" lon="7.00247" /><trkpt lat="46.21291" lon="7.00253" /><trkpt lat="46.21279" lon="7.0026" /><trkpt lat="46.21263" lon="7.00268" /><trkpt lat="46.21249" lon="7.00277" /><trkpt lat="46.21239" lon="7.00283" /><trkpt lat="46.21229" lon="7.0029" /><trkpt lat="46.21211" lon="7.00302" /><trkpt lat="46.2119" lon="7.00318" /><trkpt lat="46.21173" lon="7.00332" /><trkpt lat="46.21056" lon="7.00424" /><trkpt lat="46.20958" lon="7.00503" /><trkpt lat="46.2091" lon="7.00541" /><trkpt lat="46.20896" lon="7.00551" /><trkpt lat="46.20872" lon="7.00571" /><trkpt lat="46.20855" lon="7.00584" /><trkpt lat="46.20834" lon="7.006" /><trkpt lat="46.2034" lon="7.00992" /><trkpt lat="46.20323" lon="7.01006" /><trkpt lat="46.20307" lon="7.01021" /><trkpt lat="46.20291" lon="7.01035" /><trkpt lat="46.20276" lon="7.0105" /><trkpt lat="46.20261" lon="7.01066" /><trkpt lat="46.20246" lon="7.01083" /><trkpt lat="46.20232" lon="7.01099" /><trkpt lat="46.20218" lon="7.01116" /><trkpt lat="46.20206" lon="7.01132" /><trkpt lat="46.20199" lon="7.01141" /><trkpt lat="46.20191" lon="7.01152" /><trkpt lat="46.20178" lon="7.01172" /><trkpt lat="46.20164" lon="7.01192" /><trkpt lat="46.20151" lon="7.01213" /><trkpt lat="46.20138" lon="7.01235" /><trkpt lat="46.20126" lon="7.01257" /><trkpt lat="46.20114" lon="7.01279" /><trkpt lat="46.20103" lon="7.01302" /><trkpt lat="46.20092" lon="7.01325" /><trkpt lat="46.20081" lon="7.01349" /><trkpt lat="46.20071" lon="7.01373" /><trkpt lat="46.20061" lon="7.01399" /><trkpt lat="46.20051" lon="7.01425" /><trkpt lat="46.20043" lon="7.01449" /><trkpt lat="46.20035" lon="7.01474" /><trkpt lat="46.20027" lon="7.015" /><trkpt lat="46.2002" lon="7.01527" /><trkpt lat="46.20015" lon="7.01545" /><trkpt lat="46.20011" lon="7.01562" /><trkpt lat="46.20007" lon="7.0158" /><trkpt lat="46.20003" lon="7.01599" /><trkpt lat="46.19996" lon="7.01635" /><trkpt lat="46.19983" lon="7.01702" /><trkpt lat="46.19957" lon="7.01837" /><trkpt lat="46.19951" lon="7.01865" /><trkpt lat="46.19946" lon="7.01892" /><trkpt lat="46.1994" lon="7.01919" /><trkpt lat="46.19934" lon="7.01945" /><trkpt lat="46.19927" lon="7.01972" /><trkpt lat="46.1992" lon="7.01999" /><trkpt lat="46.19912" lon="7.02025" /><trkpt lat="46.19904" lon="7.02052" /><trkpt lat="46.19895" lon="7.02077" /><trkpt lat="46.19886" lon="7.02102" /><trkpt lat="46.19876" lon="7.02127" /><trkpt lat="46.19866" lon="7.02152" /><trkpt lat="46.19855" lon="7.02176" /><trkpt lat="46.19844" lon="7.02199" /><trkpt lat="46.19832" lon="7.02223" /><trkpt lat="46.1982" lon="7.02246" /><trkpt lat="46.19808" lon="7.02267" /><trkpt lat="46.19796" lon="7.02288" /><trkpt lat="46.19784" lon="7.02306" /><trkpt lat="46.19773" lon="7.02324" /><trkpt lat="46.1976" lon="7.02342" /><trkpt lat="46.19748" lon="7.02359" /><trkpt lat="46.19735" lon="7.02376" /><trkpt lat="46.19723" lon="7.02392" /><trkpt lat="46.1971" lon="7.02408" /><trkpt lat="46.19696" lon="7.02423" /><trkpt lat="46.1968" lon="7.0244" /><trkpt lat="46.19664" lon="7.02457" /><trkpt lat="46.19648" lon="7.02473" /><trkpt lat="46.19631" lon="7.02488" /><trkpt lat="46.19613" lon="7.02502" /><trkpt lat="46.19596" lon="7.02516" /><trkpt lat="46.19561" lon="7.02542" /><trkpt lat="46.19509" lon="7.02579" /><trkpt lat="46.19495" lon="7.02589" /><trkpt lat="46.19332" lon="7.02705" /><trkpt lat="46.1887" lon="7.03032" /><trkpt lat="46.18853" lon="7.03045" /><trkpt lat="46.18835" lon="7.03057" /><trkpt lat="46.18817" lon="7.03068" /><trkpt lat="46.188" lon="7.03079" /><trkpt lat="46.18781" lon="7.0309" /><trkpt lat="46.18763" lon="7.03099" /><trkpt lat="46.18744" lon="7.03108" /><trkpt lat="46.18725" lon="7.03116" /><trkpt lat="46.18717" lon="7.03119" /><trkpt lat="46.18686" lon="7.03131" /><trkpt lat="46.18667" lon="7.03136" /><trkpt lat="46.18647" lon="7.03141" /><trkpt lat="46.18628" lon="7.03146" /><trkpt lat="46.18608" lon="7.03149" /><trkpt lat="46.18588" lon="7.03152" /><trkpt lat="46.18568" lon="7.03154" /><trkpt lat="46.18548" lon="7.03155" /><trkpt lat="46.18528" lon="7.03156" /><trkpt lat="46.18508" lon="7.03155" /><trkpt lat="46.18489" lon="7.03154" /><trkpt lat="46.18469" lon="7.03153" /><trkpt lat="46.18449" lon="7.0315" /><trkpt lat="46.18429" lon="7.03146" /><trkpt lat="46.1841" lon="7.03142" /><trkpt lat="46.1839" lon="7.03137" /><trkpt lat="46.1837" lon="7.03131" /><trkpt lat="46.18351" lon="7.03125" /><trkpt lat="46.18332" lon="7.03117" /><trkpt lat="46.18313" lon="7.03109" /><trkpt lat="46.18294" lon="7.03101" /><trkpt lat="46.18275" lon="7.03091" /><trkpt lat="46.18257" lon="7.0308" /><trkpt lat="46.18238" lon="7.03069" /><trkpt lat="46.18221" lon="7.03058" /><trkpt lat="46.18202" lon="7.03045" /><trkpt lat="46.18185" lon="7.03032" /><trkpt lat="46.18167" lon="7.03017" /><trkpt lat="46.1815" lon="7.03003" /><trkpt lat="46.18036" lon="7.02905" /><trkpt lat="46.18024" lon="7.02894" /><trkpt lat="46.17864" lon="7.02757" /><trkpt lat="46.17672" lon="7.02592" /><trkpt lat="46.17655" lon="7.02579" /><trkpt lat="46.17639" lon="7.02565" /><trkpt lat="46.17622" lon="7.02553" /><trkpt lat="46.17605" lon="7.02541" /><trkpt lat="46.17588" lon="7.02529" /><trkpt lat="46.17571" lon="7.02519" /><trkpt lat="46.17553" lon="7.02509" /><trkpt lat="46.17535" lon="7.02499" /><trkpt lat="46.17517" lon="7.02491" /><trkpt lat="46.17499" lon="7.02483" /><trkpt lat="46.17481" lon="7.02476" /><trkpt lat="46.17463" lon="7.02469" /><trkpt lat="46.17445" lon="7.02464" /><trkpt lat="46.17426" lon="7.02458" /><trkpt lat="46.17408" lon="7.02454" /><trkpt lat="46.17393" lon="7.02451" /><trkpt lat="46.17393" lon="7.02451" /><trkpt lat="46.17389" lon="7.0245" /><trkpt lat="46.17371" lon="7.02448" /><trkpt lat="46.17353" lon="7.02445" /><trkpt lat="46.17346" lon="7.02445" /><trkpt lat="46.1733" lon="7.02444" /><trkpt lat="46.17316" lon="7.02443" /><trkpt lat="46.17297" lon="7.02443" /><trkpt lat="46.17278" lon="7.02443" /><trkpt lat="46.1726" lon="7.02445" /><trkpt lat="46.17241" lon="7.02447" /><trkpt lat="46.17223" lon="7.02449" /><trkpt lat="46.17205" lon="7.02452" /><trkpt lat="46.17191" lon="7.02456" /><trkpt lat="46.17186" lon="7.02457" /><trkpt lat="46.17168" lon="7.02461" /><trkpt lat="46.1715" lon="7.02467" /><trkpt lat="46.17132" lon="7.02473" /><trkpt lat="46.17113" lon="7.0248" /><trkpt lat="46.17094" lon="7.02488" /><trkpt lat="46.17003" lon="7.02529" /><trkpt lat="46.16915" lon="7.02569" /><trkpt lat="46.16844" lon="7.02602" /><trkpt lat="46.16718" lon="7.02659" /><trkpt lat="46.16667" lon="7.02683" /><trkpt lat="46.16561" lon="7.02731" /><trkpt lat="46.16292" lon="7.02853" /><trkpt lat="46.16285" lon="7.02857" /><trkpt lat="46.16203" lon="7.02894" /><trkpt lat="46.15818" lon="7.0307" /><trkpt lat="46.15798" lon="7.03079" /><trkpt lat="46.15778" lon="7.03088" /><trkpt lat="46.15758" lon="7.03096" /><trkpt lat="46.15738" lon="7.03104" /><trkpt lat="46.15718" lon="7.03111" /><trkpt lat="46.15697" lon="7.03118" /><trkpt lat="46.15677" lon="7.03123" /><trkpt lat="46.15657" lon="7.03128" /><trkpt lat="46.15636" lon="7.03132" /><trkpt lat="46.15615" lon="7.03136" /><trkpt lat="46.15595" lon="7.03138" /><trkpt lat="46.15574" lon="7.0314" /><trkpt lat="46.15553" lon="7.03141" /><trkpt lat="46.15533" lon="7.03141" /><trkpt lat="46.15512" lon="7.0314" /><trkpt lat="46.15491" lon="7.03139" /><trkpt lat="46.1547" lon="7.03136" /><trkpt lat="46.1545" lon="7.03134" /><trkpt lat="46.15409" lon="7.03128" /><trkpt lat="46.15041" lon="7.03068" /><trkpt lat="46.15021" lon="7.03065" /><trkpt lat="46.15001" lon="7.03062" /><trkpt lat="46.14982" lon="7.03059" /><trkpt lat="46.14962" lon="7.03057" /><trkpt lat="46.14943" lon="7.03055" /><trkpt lat="46.14928" lon="7.03054" /><trkpt lat="46.14923" lon="7.03054" /><trkpt lat="46.14903" lon="7.03053" /><trkpt lat="46.14883" lon="7.03054" /><trkpt lat="46.14864" lon="7.03055" /><trkpt lat="46.14844" lon="7.03057" /><trkpt lat="46.14824" lon="7.03059" /><trkpt lat="46.14805" lon="7.03063" /><trkpt lat="46.14798" lon="7.03064" /><trkpt lat="46.14779" lon="7.03069" /><trkpt lat="46.14766" lon="7.03072" /><trkpt lat="46.14747" lon="7.03078" /><trkpt lat="46.14727" lon="7.03085" /><trkpt lat="46.14709" lon="7.03092" /><trkpt lat="46.1469" lon="7.031" /><trkpt lat="46.14671" lon="7.03109" /><trkpt lat="46.14652" lon="7.03119" /><trkpt lat="46.14634" lon="7.03129" /><trkpt lat="46.14616" lon="7.0314" /><trkpt lat="46.14598" lon="7.03152" /><trkpt lat="46.1458" lon="7.03165" /><trkpt lat="46.14563" lon="7.03178" /><trkpt lat="46.14546" lon="7.03192" /><trkpt lat="46.14529" lon="7.03206" /><trkpt lat="46.14512" lon="7.03221" /><trkpt lat="46.14496" lon="7.03237" /><trkpt lat="46.14479" lon="7.03252" /><trkpt lat="46.13914" lon="7.03796" /><trkpt lat="46.13856" lon="7.03853" /><trkpt lat="46.13759" lon="7.03945" /><trkpt lat="46.13742" lon="7.03961" /><trkpt lat="46.13492" lon="7.042" /><trkpt lat="46.13481" lon="7.0421" /><trkpt lat="46.13197" lon="7.0448" /><trkpt lat="46.1317" lon="7.04506" /><trkpt lat="46.12981" lon="7.04688" /><trkpt lat="46.12969" lon="7.04699" /><trkpt lat="46.12729" lon="7.04929" /><trkpt lat="46.11647" lon="7.05963" /><trkpt lat="46.11223" lon="7.06368" /><trkpt lat="46.11208" lon="7.06383" /><trkpt lat="46.11071" lon="7.06514" /><trkpt lat="46.1106" lon="7.06525" /><trkpt lat="46.11023" lon="7.0656" /><trkpt lat="46.10987" lon="7.06594" /><trkpt lat="46.1097" lon="7.06611" /><trkpt lat="46.10955" lon="7.06627" /><trkpt lat="46.10939" lon="7.06645" /><trkpt lat="46.10924" lon="7.06663" /><trkpt lat="46.1091" lon="7.0668" /><trkpt lat="46.10896" lon="7.06697" /><trkpt lat="46.10881" lon="7.06717" /><trkpt lat="46.10867" lon="7.06738" /><trkpt lat="46.10855" lon="7.06757" /><trkpt lat="46.10843" lon="7.06776" /><trkpt lat="46.10825" lon="7.06806" /><trkpt lat="46.10814" lon="7.06827" /><trkpt lat="46.108" lon="7.06854" /><trkpt lat="46.1079" lon="7.06875" /><trkpt lat="46.10779" lon="7.06898" /><trkpt lat="46.10771" lon="7.06917" /><trkpt lat="46.1076" lon="7.06945" /><trkpt lat="46.10748" lon="7.06975" /><trkpt lat="46.10739" lon="7.07" /><trkpt lat="46.10728" lon="7.07035" /><trkpt lat="46.10722" lon="7.07056" /><trkpt lat="46.10715" lon="7.07078" /><trkpt lat="46.10712" lon="7.0709" /><trkpt lat="46.10707" lon="7.07109" /><trkpt lat="46.10702" lon="7.07132" /><trkpt lat="46.10697" lon="7.07153" /><trkpt lat="46.10693" lon="7.07176" /><trkpt lat="46.10688" lon="7.072" /><trkpt lat="46.10684" lon="7.07225" /><trkpt lat="46.10677" lon="7.07275" /><trkpt lat="46.10674" lon="7.07298" /><trkpt lat="46.10664" lon="7.07364" /><trkpt lat="46.10651" lon="7.07459" /><trkpt lat="46.10645" lon="7.07508" /><trkpt lat="46.10637" lon="7.07568" /><trkpt lat="46.10633" lon="7.07595" /><trkpt lat="46.10631" lon="7.07616" /><trkpt lat="46.10624" lon="7.07666" /><trkpt lat="46.10618" lon="7.07707" /><trkpt lat="46.10614" lon="7.07745" /><trkpt lat="46.10611" lon="7.07764" /><trkpt lat="46.10609" lon="7.07783" /><trkpt lat="46.10607" lon="7.07801" /><trkpt lat="46.10606" lon="7.07819" /><trkpt lat="46.10604" lon="7.07836" /><trkpt lat="46.10603" lon="7.0786" /><trkpt lat="46.10601" lon="7.07906" /><trkpt lat="46.106" lon="7.07916" /><trkpt lat="46.106" lon="7.07947" /><trkpt lat="46.106" lon="7.07976" /><trkpt lat="46.106" lon="7.07996" /><trkpt lat="46.10601" lon="7.08022" /><trkpt lat="46.10603" lon="7.08049" /><trkpt lat="46.10605" lon="7.08075" /><trkpt lat="46.10607" lon="7.08097" /><trkpt lat="46.10608" lon="7.08113" /><trkpt lat="46.10611" lon="7.08133" /><trkpt lat="46.10614" lon="7.08156" /><trkpt lat="46.10617" lon="7.08178" /><trkpt lat="46.1062" lon="7.08195" /><trkpt lat="46.10624" lon="7.08216" /><trkpt lat="46.10627" lon="7.08232" /><trkpt lat="46.1063" lon="7.08247" /><trkpt lat="46.10634" lon="7.08265" /><trkpt lat="46.10639" lon="7.08284" /><trkpt lat="46.10643" lon="7.08303" /><trkpt lat="46.10649" lon="7.08324" /><trkpt lat="46.10658" lon="7.08354" /><trkpt lat="46.10664" lon="7.08373" /><trkpt lat="46.10675" lon="7.08406" /><trkpt lat="46.1069" lon="7.08447" /><trkpt lat="46.10702" lon="7.08479" /><trkpt lat="46.10704" lon="7.08484" /><trkpt lat="46.10719" lon="7.08526" /><trkpt lat="46.10726" lon="7.08547" /><trkpt lat="46.10737" lon="7.08574" /><trkpt lat="46.10746" lon="7.08597" /><trkpt lat="46.10754" lon="7.08617" /><trkpt lat="46.10763" lon="7.08639" /><trkpt lat="46.10771" lon="7.08655" /><trkpt lat="46.10779" lon="7.08672" /><trkpt lat="46.10794" lon="7.08704" /><trkpt lat="46.10812" lon="7.08741" /><trkpt lat="46.10831" lon="7.0878" /><trkpt lat="46.11579" lon="7.10332" /><trkpt lat="46.11581" lon="7.10336" /><trkpt lat="46.12206" lon="7.11633" /><trkpt lat="46.1234" lon="7.11912" /><trkpt lat="46.12651" lon="7.12557" /><trkpt lat="46.1269" lon="7.12639" /><trkpt lat="46.13646" lon="7.1463" /><trkpt lat="46.14238" lon="7.15863" /><trkpt lat="46.14409" lon="7.1622" /><trkpt lat="46.14449" lon="7.16302" /><trkpt lat="46.1456" lon="7.16533" /><trkpt lat="46.1458" lon="7.16573" /><trkpt lat="46.14624" lon="7.16665" /><trkpt lat="46.14638" lon="7.16695" /><trkpt lat="46.14653" lon="7.16724" /><trkpt lat="46.14679" lon="7.16778" /><trkpt lat="46.14706" lon="7.16832" /><trkpt lat="46.14793" lon="7.17005" /><trkpt lat="46.1482" lon="7.1706" /><trkpt lat="46.14848" lon="7.17117" /><trkpt lat="46.14876" lon="7.17174" /><trkpt lat="46.14929" lon="7.17286" /><trkpt lat="46.14961" lon="7.17353" /><trkpt lat="46.15004" lon="7.17444" /><trkpt lat="46.15061" lon="7.17566" /><trkpt lat="46.15078" lon="7.17604" /><trkpt lat="46.15144" lon="7.17744" /><trkpt lat="46.15184" lon="7.17831" /><trkpt lat="46.15224" lon="7.17915" /><trkpt lat="46.1523" lon="7.17927" /><trkpt lat="46.15301" lon="7.18076" /><trkpt lat="46.15372" lon="7.18224" /><trkpt lat="46.15514" lon="7.18521" /><trkpt lat="46.15741" lon="7.18995" /><trkpt lat="46.15799" lon="7.19115" /><trkpt lat="46.16368" lon="7.20304" /><trkpt lat="46.16374" lon="7.20316" /><trkpt lat="46.16455" lon="7.20485" /><trkpt lat="46.16581" lon="7.20749" /><trkpt lat="46.16611" lon="7.20811" /><trkpt lat="46.16628" lon="7.20844" /><trkpt lat="46.16642" lon="7.20871" /><trkpt lat="46.16653" lon="7.20894" /><trkpt lat="46.16666" lon="7.20917" /><trkpt lat="46.16677" lon="7.20938" /><trkpt lat="46.16689" lon="7.20959" /><trkpt lat="46.16715" lon="7.21003" /><trkpt lat="46.16732" lon="7.2103" /><trkpt lat="46.16749" lon="7.21058" /><trkpt lat="46.16786" lon="7.21114" /><trkpt lat="46.16801" lon="7.21136" /><trkpt lat="46.16816" lon="7.21157" /><trkpt lat="46.16852" lon="7.21207" /><trkpt lat="46.1725" lon="7.21757" /><trkpt lat="46.17381" lon="7.21935" /><trkpt lat="46.1746" lon="7.22044" /><trkpt lat="46.17657" lon="7.22314" /><trkpt lat="46.17795" lon="7.22501" /><trkpt lat="46.17845" lon="7.22571" /><trkpt lat="46.1794" lon="7.22704" /><trkpt lat="46.18183" lon="7.23043" /><trkpt lat="46.18277" lon="7.23181" /><trkpt lat="46.1845" lon="7.23439" /><trkpt lat="46.18801" lon="7.23965" /><trkpt lat="46.18814" lon="7.23983" /><trkpt lat="46.18889" lon="7.24095" /><trkpt lat="46.19159" lon="7.24499" /><trkpt lat="46.20271" lon="7.26158" /><trkpt lat="46.20365" lon="7.26298" /><trkpt lat="46.20371" lon="7.26307" /><trkpt lat="46.2051" lon="7.26513" /><trkpt lat="46.20654" lon="7.2673" /><trkpt lat="46.20678" lon="7.26767" /><trkpt lat="46.207" lon="7.26803" /><trkpt lat="46.20723" lon="7.26843" /><trkpt lat="46.20745" lon="7.26883" /><trkpt lat="46.20751" lon="7.26894" /><trkpt lat="46.20765" lon="7.26923" /><trkpt lat="46.20779" lon="7.2695" /><trkpt lat="46.20792" lon="7.26978" /><trkpt lat="46.20804" lon="7.27004" /><trkpt lat="46.20816" lon="7.27032" /><trkpt lat="46.20827" lon="7.27059" /><trkpt lat="46.2085" lon="7.27118" /><trkpt lat="46.20861" lon="7.27145" /><trkpt lat="46.20865" lon="7.27157" /><trkpt lat="46.20873" lon="7.27181" /><trkpt lat="46.20881" lon="7.27204" /><trkpt lat="46.20889" lon="7.27227" /><trkpt lat="46.20897" lon="7.27251" /><trkpt lat="46.20903" lon="7.27273" /><trkpt lat="46.20909" lon="7.27294" /><trkpt lat="46.20917" lon="7.27322" /><trkpt lat="46.20924" lon="7.27349" /><trkpt lat="46.20938" lon="7.27405" /><trkpt lat="46.20951" lon="7.27459" /><trkpt lat="46.20964" lon="7.27519" /><trkpt lat="46.20967" lon="7.27533" /><trkpt lat="46.21041" lon="7.2788" /><trkpt lat="46.21141" lon="7.28343" /><trkpt lat="46.21374" lon="7.2943" /><trkpt lat="46.21375" lon="7.29432" /><trkpt lat="46.21569" lon="7.30339" /><trkpt lat="46.21588" lon="7.30427" /><trkpt lat="46.21589" lon="7.30433" /><trkpt lat="46.21593" lon="7.3045" /><trkpt lat="46.2161" lon="7.30528" /><trkpt lat="46.21619" lon="7.30571" /><trkpt lat="46.21622" lon="7.30584" /><trkpt lat="46.21708" lon="7.30986" /><trkpt lat="46.21714" lon="7.31013" /><trkpt lat="46.21783" lon="7.31334" /><trkpt lat="46.21788" lon="7.31358" /><trkpt lat="46.21854" lon="7.31663" /><trkpt lat="46.21862" lon="7.31701" /><trkpt lat="46.22065" lon="7.32647" /><trkpt lat="46.22212" lon="7.33328" /><trkpt lat="46.2222" lon="7.33364" /><trkpt lat="46.22365" lon="7.34038" /><trkpt lat="46.2238" lon="7.34106" /><trkpt lat="46.22407" lon="7.34246" /><trkpt lat="46.22524" lon="7.34841" /><trkpt lat="46.22563" lon="7.35041" /><trkpt lat="46.22581" lon="7.35129" /><trkpt lat="46.22622" lon="7.35342" /><trkpt lat="46.22626" lon="7.35361" /><trkpt lat="46.2263" lon="7.35383" /><trkpt lat="46.22643" lon="7.35447" /><trkpt lat="46.22674" lon="7.35608" /><trkpt lat="46.22697" lon="7.35729" /><trkpt lat="46.22715" lon="7.3583" /><trkpt lat="46.22729" lon="7.35912" /><trkpt lat="46.22769" lon="7.36161" /><trkpt lat="46.22772" lon="7.36183" /><trkpt lat="46.22784" lon="7.36255" /><trkpt lat="46.2279" lon="7.36291" /><trkpt lat="46.22794" lon="7.36317" /><trkpt lat="46.22802" lon="7.36357" /><trkpt lat="46.22813" lon="7.36394" /><trkpt lat="46.22824" lon="7.36427" /><trkpt lat="46.22833" lon="7.36453" /><trkpt lat="46.22842" lon="7.36476" /><trkpt lat="46.22867" lon="7.36542" /><trkpt lat="46.22883" lon="7.36585" /><trkpt lat="46.22902" lon="7.36634" /><trkpt lat="46.22909" lon="7.36653" /><trkpt lat="46.22915" lon="7.36666" /><trkpt lat="46.22923" lon="7.36682" /><trkpt lat="46.22931" lon="7.367" /><trkpt lat="46.22937" lon="7.36711" /><trkpt lat="46.22939" lon="7.36716" /><trkpt lat="46.22945" lon="7.36726" /><trkpt lat="46.22953" lon="7.36738" /><trkpt lat="46.22962" lon="7.36753" /><trkpt lat="46.22972" lon="7.36767" /><trkpt lat="46.22976" lon="7.36773" /><trkpt lat="46.22983" lon="7.36782" /><trkpt lat="46.22992" lon="7.36793" /><trkpt lat="46.23003" lon="7.36806" /><trkpt lat="46.23015" lon="7.36819" /><trkpt lat="46.23025" lon="7.36829" /><trkpt lat="46.23029" lon="7.36832" /><trkpt lat="46.23039" lon="7.36842" /><trkpt lat="46.23049" lon="7.3685" /><trkpt lat="46.23059" lon="7.36858" /><trkpt lat="46.2307" lon="7.36866" /><trkpt lat="46.23081" lon="7.36873" /><trkpt lat="46.23092" lon="7.36879" /><trkpt lat="46.231" lon="7.36884" /><trkpt lat="46.23109" lon="7.36889" /><trkpt lat="46.23126" lon="7.36897" /><trkpt lat="46.23141" lon="7.36904" /><trkpt lat="46.2317" lon="7.36916" /><trkpt lat="46.23203" lon="7.36929" /><trkpt lat="46.23279" lon="7.3696" /><trkpt lat="46.2331" lon="7.36973" /><trkpt lat="46.2334" lon="7.36987" /><trkpt lat="46.23369" lon="7.37001" /><trkpt lat="46.23392" lon="7.37012" /><trkpt lat="46.23414" lon="7.37024" /><trkpt lat="46.23437" lon="7.37037" /><trkpt lat="46.23459" lon="7.3705" /><trkpt lat="46.2348" lon="7.37064" /><trkpt lat="46.23501" lon="7.37078" /><trkpt lat="46.23525" lon="7.37094" /><trkpt lat="46.23547" lon="7.37111" /><trkpt lat="46.23572" lon="7.37131" /><trkpt lat="46.23587" lon="7.37143" /><trkpt lat="46.23611" lon="7.37163" /><trkpt lat="46.23623" lon="7.37174" /><trkpt lat="46.2364" lon="7.37189" /><trkpt lat="46.23656" lon="7.37204" /><trkpt lat="46.23679" lon="7.37226" /><trkpt lat="46.23701" lon="7.37248" /><trkpt lat="46.23746" lon="7.37296" /><trkpt lat="46.238" lon="7.37354" /><trkpt lat="46.24091" lon="7.3767" /><trkpt lat="46.24147" lon="7.3773" /><trkpt lat="46.24173" lon="7.3776" /><trkpt lat="46.24187" lon="7.37777" /><trkpt lat="46.242" lon="7.37792" /><trkpt lat="46.24218" lon="7.37815" /><trkpt lat="46.24234" lon="7.37836" /><trkpt lat="46.24249" lon="7.37856" /><trkpt lat="46.24263" lon="7.37877" /><trkpt lat="46.24283" lon="7.37905" /><trkpt lat="46.24302" lon="7.37935" /><trkpt lat="46.24317" lon="7.37959" /><trkpt lat="46.2433" lon="7.37982" /><trkpt lat="46.24345" lon="7.38009" /><trkpt lat="46.2436" lon="7.38036" /><trkpt lat="46.24389" lon="7.38095" /><trkpt lat="46.24402" lon="7.38121" /><trkpt lat="46.24413" lon="7.38146" /><trkpt lat="46.24425" lon="7.38174" /><trkpt lat="46.24436" lon="7.382" /><trkpt lat="46.24451" lon="7.3824" /><trkpt lat="46.24467" lon="7.38283" /><trkpt lat="46.24481" lon="7.38324" /><trkpt lat="46.24491" lon="7.38357" /><trkpt lat="46.24502" lon="7.38393" /><trkpt lat="46.24511" lon="7.38427" /><trkpt lat="46.24518" lon="7.38452" /><trkpt lat="46.24529" lon="7.385" /><trkpt lat="46.24538" lon="7.3854" /><trkpt lat="46.24545" lon="7.38579" /><trkpt lat="46.24552" lon="7.38615" /><trkpt lat="46.24559" lon="7.38653" /><trkpt lat="46.24565" lon="7.38689" /><trkpt lat="46.24977" lon="7.41188" /><trkpt lat="46.24979" lon="7.41202" /><trkpt lat="46.2502" lon="7.41448" /><trkpt lat="46.25034" lon="7.41536" /><trkpt lat="46.25052" lon="7.41644" /><trkpt lat="46.25058" lon="7.41672" /><trkpt lat="46.25073" lon="7.41736" /><trkpt lat="46.25092" lon="7.41805" /><trkpt lat="46.25098" lon="7.41822" /><trkpt lat="46.2515" lon="7.41976" /><trkpt lat="46.25276" lon="7.42341" /><trkpt lat="46.26059" lon="7.44609" /><trkpt lat="46.26063" lon="7.44621" /><trkpt lat="46.26277" lon="7.45241" /><trkpt lat="46.26299" lon="7.45306" /><trkpt lat="46.26313" lon="7.45343" /><trkpt lat="46.2632" lon="7.45362" /><trkpt lat="46.26328" lon="7.45381" /><trkpt lat="46.26337" lon="7.45406" /><trkpt lat="46.26347" lon="7.4543" /><trkpt lat="46.26354" lon="7.45445" /><trkpt lat="46.2636" lon="7.45459" /><trkpt lat="46.26367" lon="7.45474" /><trkpt lat="46.26373" lon="7.45488" /><trkpt lat="46.26384" lon="7.45512" /><trkpt lat="46.264" lon="7.45546" /><trkpt lat="46.26464" lon="7.45683" /><trkpt lat="46.26485" lon="7.45727" /><trkpt lat="46.26505" lon="7.45772" /><trkpt lat="46.2652" lon="7.45806" /><trkpt lat="46.26527" lon="7.45822" /><trkpt lat="46.26534" lon="7.45839" /><trkpt lat="46.26545" lon="7.45866" /><trkpt lat="46.26556" lon="7.45895" /><trkpt lat="46.26565" lon="7.45917" /><trkpt lat="46.26573" lon="7.4594" /><trkpt lat="46.26583" lon="7.45968" /><trkpt lat="46.26592" lon="7.45996" /><trkpt lat="46.26604" lon="7.46032" /><trkpt lat="46.26609" lon="7.46047" /><trkpt lat="46.26614" lon="7.46063" /><trkpt lat="46.26622" lon="7.46091" /><trkpt lat="46.26631" lon="7.46121" /><trkpt lat="46.26638" lon="7.46149" /><trkpt lat="46.26644" lon="7.46171" /><trkpt lat="46.26655" lon="7.46215" /><trkpt lat="46.26666" lon="7.46259" /><trkpt lat="46.26699" lon="7.46395" /><trkpt lat="46.26708" lon="7.46431" /><trkpt lat="46.26715" lon="7.46459" /><trkpt lat="46.26722" lon="7.46487" /><trkpt lat="46.26731" lon="7.46519" /><trkpt lat="46.26741" lon="7.46557" /><trkpt lat="46.2675" lon="7.46591" /><trkpt lat="46.26796" lon="7.46763" /><trkpt lat="46.26806" lon="7.46797" /><trkpt lat="46.26916" lon="7.47209" /><trkpt lat="46.26946" lon="7.47318" /><trkpt lat="46.26961" lon="7.47373" /><trkpt lat="46.26976" lon="7.47428" /><trkpt lat="46.27152" lon="7.48042" /><trkpt lat="46.27166" lon="7.48091" /><trkpt lat="46.27182" lon="7.48148" /><trkpt lat="46.27197" lon="7.48206" /><trkpt lat="46.27213" lon="7.48264" /><trkpt lat="46.27227" lon="7.48321" /><trkpt lat="46.27249" lon="7.48408" /><trkpt lat="46.27318" lon="7.48682" /><trkpt lat="46.27332" lon="7.48739" /><trkpt lat="46.27351" lon="7.4881" /><trkpt lat="46.27371" lon="7.48888" /><trkpt lat="46.27406" lon="7.49017" /><trkpt lat="46.27544" lon="7.49529" /><trkpt lat="46.27599" lon="7.49731" /><trkpt lat="46.27643" lon="7.49883" /><trkpt lat="46.27689" lon="7.50032" /><trkpt lat="46.28043" lon="7.51157" /><trkpt lat="46.28059" lon="7.51206" /><trkpt lat="46.28363" lon="7.52178" /><trkpt lat="46.28375" lon="7.52216" /><trkpt lat="46.28381" lon="7.52233" /><trkpt lat="46.28388" lon="7.52252" /><trkpt lat="46.28395" lon="7.52273" /><trkpt lat="46.28404" lon="7.52295" /><trkpt lat="46.28413" lon="7.52316" /><trkpt lat="46.28421" lon="7.52334" /><trkpt lat="46.2843" lon="7.52351" /><trkpt lat="46.2844" lon="7.52372" /><trkpt lat="46.28451" lon="7.52391" /><trkpt lat="46.28461" lon="7.52409" /><trkpt lat="46.28471" lon="7.52425" /><trkpt lat="46.28482" lon="7.52442" /><trkpt lat="46.28495" lon="7.5246" /><trkpt lat="46.28509" lon="7.52478" /><trkpt lat="46.28523" lon="7.52496" /><trkpt lat="46.28535" lon="7.5251" /><trkpt lat="46.2855" lon="7.52527" /><trkpt lat="46.28564" lon="7.5254" /><trkpt lat="46.28579" lon="7.52554" /><trkpt lat="46.28591" lon="7.52566" /><trkpt lat="46.28604" lon="7.52576" /><trkpt lat="46.28618" lon="7.52587" /><trkpt lat="46.28629" lon="7.52596" /><trkpt lat="46.2864" lon="7.52603" /><trkpt lat="46.28648" lon="7.52608" /><trkpt lat="46.2866" lon="7.52616" /><trkpt lat="46.28682" lon="7.52628" /><trkpt lat="46.28699" lon="7.52638" /><trkpt lat="46.28733" lon="7.52657" /><trkpt lat="46.28781" lon="7.52684" /><trkpt lat="46.288" lon="7.52695" /><trkpt lat="46.28813" lon="7.52702" /><trkpt lat="46.28828" lon="7.52711" /><trkpt lat="46.28842" lon="7.5272" /><trkpt lat="46.28851" lon="7.52726" /><trkpt lat="46.28862" lon="7.52734" /><trkpt lat="46.28873" lon="7.52743" /><trkpt lat="46.28882" lon="7.5275" /><trkpt lat="46.28891" lon="7.52757" /><trkpt lat="46.289" lon="7.52766" /><trkpt lat="46.28911" lon="7.52776" /><trkpt lat="46.28927" lon="7.52792" /><trkpt lat="46.28937" lon="7.52804" /><trkpt lat="46.28949" lon="7.52818" /><trkpt lat="46.28961" lon="7.52833" /><trkpt lat="46.28971" lon="7.52846" /><trkpt lat="46.28979" lon="7.52858" /><trkpt lat="46.29008" lon="7.52897" /><trkpt lat="46.29043" lon="7.52947" /><trkpt lat="46.29057" lon="7.52967" /><trkpt lat="46.29063" lon="7.52976" /><trkpt lat="46.29074" lon="7.52993" /><trkpt lat="46.29084" lon="7.53009" /><trkpt lat="46.29094" lon="7.53025" /><trkpt lat="46.29101" lon="7.53037" /><trkpt lat="46.29107" lon="7.5305" /><trkpt lat="46.29114" lon="7.53064" /><trkpt lat="46.2912" lon="7.53076" /><trkpt lat="46.29127" lon="7.5309" /><trkpt lat="46.29133" lon="7.53106" /><trkpt lat="46.2914" lon="7.53122" /><trkpt lat="46.29146" lon="7.53137" /><trkpt lat="46.29155" lon="7.53159" /><trkpt lat="46.2917" lon="7.53198" /><trkpt lat="46.29284" lon="7.53496" /><trkpt lat="46.29296" lon="7.53526" /><trkpt lat="46.29302" lon="7.53542" /><trkpt lat="46.2931" lon="7.53561" /><trkpt lat="46.29317" lon="7.53577" /><trkpt lat="46.29324" lon="7.53592" /><trkpt lat="46.2933" lon="7.53606" /><trkpt lat="46.29341" lon="7.53626" /><trkpt lat="46.29348" lon="7.53638" /><trkpt lat="46.29355" lon="7.53652" /><trkpt lat="46.2938" lon="7.53692" /><trkpt lat="46.2939" lon="7.53707" /><trkpt lat="46.29422" lon="7.53757" /><trkpt lat="46.29439" lon="7.53783" /><trkpt lat="46.29457" lon="7.53812" /><trkpt lat="46.29474" lon="7.53842" /><trkpt lat="46.29502" lon="7.539" /><trkpt lat="46.29517" lon="7.53932" /><trkpt lat="46.2953" lon="7.5396" /><trkpt lat="46.29536" lon="7.53978" /><trkpt lat="46.29566" lon="7.54057" /><trkpt lat="46.29581" lon="7.54103" /><trkpt lat="46.29597" lon="7.5416" /><trkpt lat="46.29642" lon="7.54332" /><trkpt lat="46.29667" lon="7.54428" /><trkpt lat="46.29687" lon="7.54507" /><trkpt lat="46.29703" lon="7.54567" /><trkpt lat="46.29715" lon="7.54608" /><trkpt lat="46.29721" lon="7.54629" /><trkpt lat="46.29731" lon="7.54657" /><trkpt lat="46.2974" lon="7.54685" /><trkpt lat="46.29746" lon="7.54701" /><trkpt lat="46.29752" lon="7.54717" /><trkpt lat="46.29758" lon="7.54734" /><trkpt lat="46.29765" lon="7.54751" /><trkpt lat="46.29773" lon="7.54771" /><trkpt lat="46.29782" lon="7.54791" /><trkpt lat="46.29794" lon="7.54818" /><trkpt lat="46.298" lon="7.5483" /><trkpt lat="46.2981" lon="7.5485" /><trkpt lat="46.29819" lon="7.54869" /><trkpt lat="46.29829" lon="7.54888" /><trkpt lat="46.29837" lon="7.54903" /><trkpt lat="46.29852" lon="7.5493" /><trkpt lat="46.2987" lon="7.54961" /><trkpt lat="46.2994" lon="7.5508" /><trkpt lat="46.29942" lon="7.55084" /><trkpt lat="46.30181" lon="7.55492" /><trkpt lat="46.30185" lon="7.555" /><trkpt lat="46.30208" lon="7.55539" /><trkpt lat="46.30339" lon="7.55764" /><trkpt lat="46.30433" lon="7.55924" /><trkpt lat="46.30487" lon="7.56017" /><trkpt lat="46.30527" lon="7.56087" /><trkpt lat="46.30546" lon="7.56118" /><trkpt lat="46.30601" lon="7.56212" /><trkpt lat="46.30647" lon="7.56292" /><trkpt lat="46.30682" lon="7.56352" /><trkpt lat="46.30698" lon="7.5638" /><trkpt lat="46.30714" lon="7.56408" /><trkpt lat="46.30737" lon="7.5645" /><trkpt lat="46.30746" lon="7.56468" /><trkpt lat="46.30758" lon="7.5649" /><trkpt lat="46.30778" lon="7.56529" /><trkpt lat="46.30792" lon="7.56557" /><trkpt lat="46.30805" lon="7.56585" /><trkpt lat="46.30817" lon="7.56609" /><trkpt lat="46.30827" lon="7.56632" /><trkpt lat="46.30836" lon="7.56654" /><trkpt lat="46.30845" lon="7.56675" /><trkpt lat="46.30852" lon="7.56694" /><trkpt lat="46.30859" lon="7.56713" /><trkpt lat="46.30864" lon="7.5673" /><trkpt lat="46.30873" lon="7.56757" /><trkpt lat="46.30879" lon="7.56777" /><trkpt lat="46.30882" lon="7.56789" /><trkpt lat="46.30891" lon="7.56823" /><trkpt lat="46.30895" lon="7.5684" /><trkpt lat="46.30899" lon="7.56856" /><trkpt lat="46.30903" lon="7.56875" /><trkpt lat="46.30908" lon="7.56897" /><trkpt lat="46.30912" lon="7.56921" /><trkpt lat="46.30915" lon="7.56942" /><trkpt lat="46.30919" lon="7.56966" /><trkpt lat="46.30922" lon="7.56991" /><trkpt lat="46.30925" lon="7.57023" /><trkpt lat="46.30927" lon="7.57047" /><trkpt lat="46.30928" lon="7.57062" /><trkpt lat="46.30929" lon="7.57078" /><trkpt lat="46.3093" lon="7.57103" /><trkpt lat="46.30931" lon="7.57129" /><trkpt lat="46.30931" lon="7.57153" /><trkpt lat="46.30931" lon="7.57176" /><trkpt lat="46.3093" lon="7.572" /><trkpt lat="46.30929" lon="7.57224" /><trkpt lat="46.30927" lon="7.57253" /><trkpt lat="46.30925" lon="7.57278" /><trkpt lat="46.30922" lon="7.57312" /><trkpt lat="46.30918" lon="7.57346" /><trkpt lat="46.30911" lon="7.57413" /><trkpt lat="46.30908" lon="7.57441" /><trkpt lat="46.30906" lon="7.5746" /><trkpt lat="46.30904" lon="7.5748" /><trkpt lat="46.30903" lon="7.57496" /><trkpt lat="46.30902" lon="7.57513" /><trkpt lat="46.30902" lon="7.57521" /><trkpt lat="46.30901" lon="7.5753" /><trkpt lat="46.30901" lon="7.57541" /><trkpt lat="46.30901" lon="7.5755" /><trkpt lat="46.309" lon="7.57563" /><trkpt lat="46.309" lon="7.57576" /><trkpt lat="46.309" lon="7.5759" /><trkpt lat="46.309" lon="7.57603" /><trkpt lat="46.30901" lon="7.57617" /><trkpt lat="46.30901" lon="7.57629" /><trkpt lat="46.30902" lon="7.57644" /><trkpt lat="46.30902" lon="7.57655" /><trkpt lat="46.30903" lon="7.57666" /><trkpt lat="46.30904" lon="7.5768" /><trkpt lat="46.30905" lon="7.57693" /><trkpt lat="46.30906" lon="7.57707" /><trkpt lat="46.30908" lon="7.57721" /><trkpt lat="46.30909" lon="7.57732" /><trkpt lat="46.30911" lon="7.57747" /><trkpt lat="46.30913" lon="7.5776" /><trkpt lat="46.30914" lon="7.5777" /><trkpt lat="46.30917" lon="7.57792" /><trkpt lat="46.30921" lon="7.57813" /><trkpt lat="46.30923" lon="7.57828" /><trkpt lat="46.30926" lon="7.57843" /><trkpt lat="46.30931" lon="7.57864" /><trkpt lat="46.30935" lon="7.57885" /><trkpt lat="46.3094" lon="7.57906" /><trkpt lat="46.30943" lon="7.5792" /><trkpt lat="46.30947" lon="7.57933" /><trkpt lat="46.30951" lon="7.57947" /><trkpt lat="46.30955" lon="7.57962" /><trkpt lat="46.3096" lon="7.57978" /><trkpt lat="46.30967" lon="7.58" /><trkpt lat="46.3097" lon="7.5801" /><trkpt lat="46.30974" lon="7.58022" /><trkpt lat="46.30978" lon="7.58033" /><trkpt lat="46.30982" lon="7.58044" /><trkpt lat="46.30991" lon="7.58067" /><trkpt lat="46.30997" lon="7.58083" /><trkpt lat="46.31004" lon="7.58099" /><trkpt lat="46.3101" lon="7.58113" /><trkpt lat="46.31011" lon="7.58116" /><trkpt lat="46.31012" lon="7.58119" /><trkpt lat="46.31021" lon="7.58139" /><trkpt lat="46.31128" lon="7.58388" /><trkpt lat="46.31161" lon="7.58464" /><trkpt lat="46.31178" lon="7.58503" /><trkpt lat="46.31195" lon="7.58543" /><trkpt lat="46.31202" lon="7.5856" /><trkpt lat="46.31216" lon="7.58595" /><trkpt lat="46.31237" lon="7.58647" /><trkpt lat="46.31247" lon="7.58673" /><trkpt lat="46.31311" lon="7.58848" /><trkpt lat="46.31371" lon="7.59037" /><trkpt lat="46.31426" lon="7.59232" /><trkpt lat="46.31475" lon="7.5944" /><trkpt lat="46.3153" lon="7.59727" /><trkpt lat="46.31573" lon="7.60018" /><trkpt lat="46.31657" lon="7.6063" /><trkpt lat="46.31671" lon="7.60726" /><trkpt lat="46.31686" lon="7.60835" /><trkpt lat="46.31722" lon="7.61155" /><trkpt lat="46.3174" lon="7.61413" /><trkpt lat="46.31746" lon="7.61674" /><trkpt lat="46.31744" lon="7.6188" /><trkpt lat="46.31735" lon="7.62091" /><trkpt lat="46.31727" lon="7.62205" /><trkpt lat="46.31722" lon="7.62262" /><trkpt lat="46.31717" lon="7.62319" /><trkpt lat="46.31695" lon="7.62511" /><trkpt lat="46.31668" lon="7.62704" /><trkpt lat="46.31622" lon="7.62955" /><trkpt lat="46.31581" lon="7.63141" /><trkpt lat="46.31535" lon="7.63323" /><trkpt lat="46.31463" lon="7.63563" /><trkpt lat="46.31425" lon="7.6368" /><trkpt lat="46.31362" lon="7.63874" /><trkpt lat="46.3132" lon="7.64004" /><trkpt lat="46.31312" lon="7.64029" /><trkpt lat="46.31244" lon="7.64238" /><trkpt lat="46.31242" lon="7.64241" /><trkpt lat="46.31187" lon="7.6441" /><trkpt lat="46.3107" lon="7.64771" /><trkpt lat="46.31068" lon="7.64777" /><trkpt lat="46.31058" lon="7.64808" /><trkpt lat="46.31" lon="7.64986" /><trkpt lat="46.30978" lon="7.65055" /><trkpt lat="46.30971" lon="7.65079" /><trkpt lat="46.30964" lon="7.65104" /><trkpt lat="46.30956" lon="7.65133" /><trkpt lat="46.30948" lon="7.65162" /><trkpt lat="46.30936" lon="7.6521" /><trkpt lat="46.30927" lon="7.65246" /><trkpt lat="46.30913" lon="7.65306" /><trkpt lat="46.30903" lon="7.65351" /><trkpt lat="46.30787" lon="7.65866" /><trkpt lat="46.30786" lon="7.65867" /><trkpt lat="46.30668" lon="7.6639" /><trkpt lat="46.30651" lon="7.66466" /><trkpt lat="46.30645" lon="7.66497" /><trkpt lat="46.30635" lon="7.66544" /><trkpt lat="46.30627" lon="7.6659" /><trkpt lat="46.30619" lon="7.66634" /><trkpt lat="46.30614" lon="7.6666" /><trkpt lat="46.3061" lon="7.66688" /><trkpt lat="46.30605" lon="7.6672" /><trkpt lat="46.30599" lon="7.66759" /><trkpt lat="46.30593" lon="7.66799" /><trkpt lat="46.30588" lon="7.66841" /><trkpt lat="46.30584" lon="7.6687" /><trkpt lat="46.30582" lon="7.66893" /><trkpt lat="46.30579" lon="7.66916" /><trkpt lat="46.30576" lon="7.66948" /><trkpt lat="46.30573" lon="7.66975" /><trkpt lat="46.3057" lon="7.67011" /><trkpt lat="46.30567" lon="7.67045" /><trkpt lat="46.30564" lon="7.67085" /><trkpt lat="46.30561" lon="7.67125" /><trkpt lat="46.30559" lon="7.67164" /><trkpt lat="46.30557" lon="7.67207" /><trkpt lat="46.30555" lon="7.67243" /><trkpt lat="46.30554" lon="7.67279" /><trkpt lat="46.30553" lon="7.67307" /><trkpt lat="46.30552" lon="7.67358" /><trkpt lat="46.30552" lon="7.67389" /><trkpt lat="46.30552" lon="7.67421" /><trkpt lat="46.30552" lon="7.67455" /><trkpt lat="46.30552" lon="7.67495" /><trkpt lat="46.30553" lon="7.67526" /><trkpt lat="46.30554" lon="7.67562" /><trkpt lat="46.30555" lon="7.67595" /><trkpt lat="46.30556" lon="7.67624" /><trkpt lat="46.30558" lon="7.67655" /><trkpt lat="46.30559" lon="7.67678" /><trkpt lat="46.3056" lon="7.67701" /><trkpt lat="46.30562" lon="7.67721" /><trkpt lat="46.30563" lon="7.6774" /><trkpt lat="46.30564" lon="7.6776" /><trkpt lat="46.30566" lon="7.67778" /><trkpt lat="46.30567" lon="7.67796" /><trkpt lat="46.30569" lon="7.67814" /><trkpt lat="46.30572" lon="7.67852" /><trkpt lat="46.30575" lon="7.67879" /><trkpt lat="46.30577" lon="7.67905" /><trkpt lat="46.30583" lon="7.67959" /><trkpt lat="46.30588" lon="7.67994" /><trkpt lat="46.30592" lon="7.68031" /><trkpt lat="46.30597" lon="7.68068" /><trkpt lat="46.30603" lon="7.68105" /><trkpt lat="46.30607" lon="7.68133" /><trkpt lat="46.30612" lon="7.68165" /><trkpt lat="46.30618" lon="7.68199" /><trkpt lat="46.3063" lon="7.68266" /><trkpt lat="46.30639" lon="7.68314" /><trkpt lat="46.3072" lon="7.68733" /><trkpt lat="46.30733" lon="7.68797" /><trkpt lat="46.30776" lon="7.6902" /><trkpt lat="46.30781" lon="7.69048" /><trkpt lat="46.30803" lon="7.69161" /><trkpt lat="46.30863" lon="7.69467" /><trkpt lat="46.30871" lon="7.6951" /><trkpt lat="46.30881" lon="7.6956" /><trkpt lat="46.30891" lon="7.6961" /><trkpt lat="46.30901" lon="7.69669" /><trkpt lat="46.30911" lon="7.69729" /><trkpt lat="46.30917" lon="7.69763" /><trkpt lat="46.3092" lon="7.69786" /><trkpt lat="46.30923" lon="7.69809" /><trkpt lat="46.30927" lon="7.69833" /><trkpt lat="46.30932" lon="7.69872" /><trkpt lat="46.30937" lon="7.69907" /><trkpt lat="46.30941" lon="7.69936" /><trkpt lat="46.30945" lon="7.69973" /><trkpt lat="46.30949" lon="7.70001" /><trkpt lat="46.30952" lon="7.70034" /><trkpt lat="46.30955" lon="7.70066" /><trkpt lat="46.30958" lon="7.7009" /><trkpt lat="46.3096" lon="7.7011" /><trkpt lat="46.30962" lon="7.70134" /><trkpt lat="46.30964" lon="7.70158" /><trkpt lat="46.30968" lon="7.70207" /><trkpt lat="46.3097" lon="7.70242" /><trkpt lat="46.30972" lon="7.70271" /><trkpt lat="46.30974" lon="7.70315" /><trkpt lat="46.30976" lon="7.70348" /><trkpt lat="46.30978" lon="7.70392" /><trkpt lat="46.3098" lon="7.70441" /><trkpt lat="46.30981" lon="7.70477" /><trkpt lat="46.30981" lon="7.70513" /><trkpt lat="46.30982" lon="7.70562" /><trkpt lat="46.30983" lon="7.70599" /><trkpt lat="46.30983" lon="7.70636" /><trkpt lat="46.30983" lon="7.70675" /><trkpt lat="46.30982" lon="7.70719" /><trkpt lat="46.30982" lon="7.7075" /><trkpt lat="46.30981" lon="7.70779" /><trkpt lat="46.3098" lon="7.70809" /><trkpt lat="46.30979" lon="7.70831" /><trkpt lat="46.30978" lon="7.70853" /><trkpt lat="46.30976" lon="7.70896" /><trkpt lat="46.30974" lon="7.70946" /><trkpt lat="46.3097" lon="7.71011" /><trkpt lat="46.30966" lon="7.71067" /><trkpt lat="46.30961" lon="7.71122" /><trkpt lat="46.30956" lon="7.71175" /><trkpt lat="46.30951" lon="7.71227" /><trkpt lat="46.30946" lon="7.71268" /><trkpt lat="46.30941" lon="7.71309" /><trkpt lat="46.30936" lon="7.71349" /><trkpt lat="46.30931" lon="7.71389" /><trkpt lat="46.3092" lon="7.71468" /><trkpt lat="46.30817" lon="7.72215" /><trkpt lat="46.30725" lon="7.72884" /><trkpt lat="46.30718" lon="7.72932" /><trkpt lat="46.30712" lon="7.72979" /><trkpt lat="46.30707" lon="7.73009" /><trkpt lat="46.30702" lon="7.7304" /><trkpt lat="46.30695" lon="7.73084" /><trkpt lat="46.3069" lon="7.73112" /><trkpt lat="46.30683" lon="7.73153" /><trkpt lat="46.30675" lon="7.73195" /><trkpt lat="46.30671" lon="7.73219" /><trkpt lat="46.3064" lon="7.73374" /><trkpt lat="46.30631" lon="7.73415" /><trkpt lat="46.30624" lon="7.73455" /><trkpt lat="46.30619" lon="7.73478" /><trkpt lat="46.30614" lon="7.73506" /><trkpt lat="46.3061" lon="7.73531" /><trkpt lat="46.30607" lon="7.7355" /><trkpt lat="46.30604" lon="7.73575" /><trkpt lat="46.30601" lon="7.73597" /><trkpt lat="46.30598" lon="7.73619" /><trkpt lat="46.30595" lon="7.73644" /><trkpt lat="46.30592" lon="7.7367" /><trkpt lat="46.30589" lon="7.73693" /><trkpt lat="46.30587" lon="7.73719" /><trkpt lat="46.30585" lon="7.73743" /><trkpt lat="46.30583" lon="7.73769" /><trkpt lat="46.30581" lon="7.73796" /><trkpt lat="46.3058" lon="7.7382" /><trkpt lat="46.30579" lon="7.73841" /><trkpt lat="46.30578" lon="7.73863" /><trkpt lat="46.30577" lon="7.73887" /><trkpt lat="46.30576" lon="7.73913" /><trkpt lat="46.30576" lon="7.73939" /><trkpt lat="46.30576" lon="7.73965" /><trkpt lat="46.30576" lon="7.73988" /><trkpt lat="46.30576" lon="7.74018" /><trkpt lat="46.30577" lon="7.74053" /><trkpt lat="46.30578" lon="7.74073" /><trkpt lat="46.30578" lon="7.7409" /><trkpt lat="46.30579" lon="7.74112" /><trkpt lat="46.30581" lon="7.74141" /><trkpt lat="46.30582" lon="7.74167" /><trkpt lat="46.30584" lon="7.74187" /><trkpt lat="46.30586" lon="7.74221" /><trkpt lat="46.30589" lon="7.74254" /><trkpt lat="46.3059" lon="7.74267" /><trkpt lat="46.30593" lon="7.74289" /><trkpt lat="46.30594" lon="7.74302" /><trkpt lat="46.30597" lon="7.74333" /><trkpt lat="46.30599" lon="7.74343" /><trkpt lat="46.30606" lon="7.74396" /><trkpt lat="46.30613" lon="7.74446" /><trkpt lat="46.3062" lon="7.74486" /><trkpt lat="46.30624" lon="7.74513" /><trkpt lat="46.30631" lon="7.74546" /><trkpt lat="46.30637" lon="7.7458" /><trkpt lat="46.30642" lon="7.74604" /><trkpt lat="46.30649" lon="7.74635" /><trkpt lat="46.30659" lon="7.7468" /><trkpt lat="46.30667" lon="7.74721" /><trkpt lat="46.30679" lon="7.74774" /><trkpt lat="46.30714" lon="7.74931" /><trkpt lat="46.30736" lon="7.75036" /><trkpt lat="46.30747" lon="7.75086" /><trkpt lat="46.30759" lon="7.75139" /><trkpt lat="46.30774" lon="7.75208" /><trkpt lat="46.30779" lon="7.75233" /><trkpt lat="46.30784" lon="7.75254" /><trkpt lat="46.30788" lon="7.75275" /><trkpt lat="46.30795" lon="7.75315" /><trkpt lat="46.30802" lon="7.75353" /><trkpt lat="46.30808" lon="7.7539" /><trkpt lat="46.30814" lon="7.75426" /><trkpt lat="46.30819" lon="7.75461" /><trkpt lat="46.30823" lon="7.755" /><trkpt lat="46.30827" lon="7.75535" /><trkpt lat="46.30831" lon="7.75571" /><trkpt lat="46.30833" lon="7.75596" /><trkpt lat="46.30835" lon="7.75621" /><trkpt lat="46.30838" lon="7.75655" /><trkpt lat="46.3084" lon="7.75694" /><trkpt lat="46.30842" lon="7.75732" /><trkpt lat="46.30842" lon="7.75758" /><trkpt lat="46.30843" lon="7.75784" /><trkpt lat="46.30844" lon="7.7581" /><trkpt lat="46.30844" lon="7.75843" /><trkpt lat="46.30844" lon="7.75872" /><trkpt lat="46.30844" lon="7.75898" /><trkpt lat="46.30843" lon="7.75924" /><trkpt lat="46.30843" lon="7.7594" /><trkpt lat="46.30842" lon="7.7596" /><trkpt lat="46.30841" lon="7.7598" /><trkpt lat="46.3084" lon="7.75995" /><trkpt lat="46.30838" lon="7.7603" /><trkpt lat="46.30834" lon="7.76085" /><trkpt lat="46.30832" lon="7.76111" /><trkpt lat="46.30829" lon="7.76138" /><trkpt lat="46.30826" lon="7.76168" /><trkpt lat="46.30822" lon="7.76196" /><trkpt lat="46.30818" lon="7.76231" /><trkpt lat="46.30814" lon="7.76265" /><trkpt lat="46.30808" lon="7.76311" /><trkpt lat="46.30613" lon="7.77791" /><trkpt lat="46.30607" lon="7.77837" /><trkpt lat="46.306" lon="7.77892" /><trkpt lat="46.30599" lon="7.77898" /><trkpt lat="46.30596" lon="7.77918" /><trkpt lat="46.30593" lon="7.77947" /><trkpt lat="46.3059" lon="7.77976" /><trkpt lat="46.30587" lon="7.78003" /><trkpt lat="46.30585" lon="7.78026" /><trkpt lat="46.30584" lon="7.78047" /><trkpt lat="46.30582" lon="7.78073" /><trkpt lat="46.3058" lon="7.78097" /><trkpt lat="46.30579" lon="7.78114" /><trkpt lat="46.30578" lon="7.78131" /><trkpt lat="46.30578" lon="7.78148" /><trkpt lat="46.30576" lon="7.78183" /><trkpt lat="46.30575" lon="7.78211" /><trkpt lat="46.30575" lon="7.78237" /><trkpt lat="46.30574" lon="7.78286" /><trkpt lat="46.30574" lon="7.78336" /><trkpt lat="46.30574" lon="7.78386" /><trkpt lat="46.30574" lon="7.79033" /><trkpt lat="46.30575" lon="7.79294" /><trkpt lat="46.30575" lon="7.79338" /><trkpt lat="46.30575" lon="7.79374" /><trkpt lat="46.30575" lon="7.79404" /><trkpt lat="46.30576" lon="7.79443" /><trkpt lat="46.30577" lon="7.79462" /><trkpt lat="46.30578" lon="7.79504" /><trkpt lat="46.3058" lon="7.79535" /><trkpt lat="46.30582" lon="7.79562" /><trkpt lat="46.30583" lon="7.79587" /><trkpt lat="46.30586" lon="7.79615" /><trkpt lat="46.30588" lon="7.79642" /><trkpt lat="46.3059" lon="7.79668" /><trkpt lat="46.30593" lon="7.79695" /><trkpt lat="46.30596" lon="7.79719" /><trkpt lat="46.30602" lon="7.79774" /><trkpt lat="46.30609" lon="7.79827" /><trkpt lat="46.30629" lon="7.79976" /><trkpt lat="46.30635" lon="7.80024" /><trkpt lat="46.30638" lon="7.80056" /><trkpt lat="46.30641" lon="7.80087" /><trkpt lat="46.30643" lon="7.80107" /><trkpt lat="46.30646" lon="7.80144" /><trkpt lat="46.30648" lon="7.80175" /><trkpt lat="46.3065" lon="7.80207" /><trkpt lat="46.30651" lon="7.80241" /><trkpt lat="46.30653" lon="7.80278" /><trkpt lat="46.30654" lon="7.80316" /><trkpt lat="46.30654" lon="7.80355" /><trkpt lat="46.30654" lon="7.80393" /><trkpt lat="46.30655" lon="7.80433" /><trkpt lat="46.30656" lon="7.80731" /><trkpt lat="46.30656" lon="7.80833" /><trkpt lat="46.30656" lon="7.80863" /><trkpt lat="46.30656" lon="7.80895" /><trkpt lat="46.30657" lon="7.80927" /><trkpt lat="46.30657" lon="7.80955" /><trkpt lat="46.30658" lon="7.80983" /><trkpt lat="46.30659" lon="7.81012" /><trkpt lat="46.3066" lon="7.81039" /><trkpt lat="46.30662" lon="7.81076" /><trkpt lat="46.30667" lon="7.81162" /><trkpt lat="46.30675" lon="7.81304" /><trkpt lat="46.30679" lon="7.81371" /><trkpt lat="46.30682" lon="7.81406" /><trkpt lat="46.30684" lon="7.81436" /><trkpt lat="46.30687" lon="7.81484" /><trkpt lat="46.30691" lon="7.81531" /><trkpt lat="46.30712" lon="7.8177" /><trkpt lat="46.30716" lon="7.81819" /><trkpt lat="46.30721" lon="7.81867" /><trkpt lat="46.30725" lon="7.81914" /><trkpt lat="46.3073" lon="7.81962" /><trkpt lat="46.3076" lon="7.82253" /><trkpt lat="46.30777" lon="7.82408" /><trkpt lat="46.3078" lon="7.82445" /><trkpt lat="46.30784" lon="7.82482" /><trkpt lat="46.30787" lon="7.82519" /><trkpt lat="46.3079" lon="7.82558" /><trkpt lat="46.30791" lon="7.82579" /><trkpt lat="46.30792" lon="7.82599" /><trkpt lat="46.30794" lon="7.82622" /><trkpt lat="46.30795" lon="7.82663" /><trkpt lat="46.30796" lon="7.82685" /><trkpt lat="46.30797" lon="7.82706" /><trkpt lat="46.30797" lon="7.82743" /><trkpt lat="46.30797" lon="7.8278" /><trkpt lat="46.30797" lon="7.82817" /><trkpt lat="46.30796" lon="7.82856" /><trkpt lat="46.30795" lon="7.82893" /><trkpt lat="46.30794" lon="7.82931" /><trkpt lat="46.30791" lon="7.8297" /><trkpt lat="46.3079" lon="7.8299" /><trkpt lat="46.30789" lon="7.83009" /><trkpt lat="46.30787" lon="7.83027" /><trkpt lat="46.30786" lon="7.83045" /><trkpt lat="46.30783" lon="7.8308" /><trkpt lat="46.30779" lon="7.83113" /><trkpt lat="46.30776" lon="7.83147" /><trkpt lat="46.30769" lon="7.83214" /><trkpt lat="46.30746" lon="7.83425" /><trkpt lat="46.30737" lon="7.83502" /><trkpt lat="46.30728" lon="7.83587" /><trkpt lat="46.30715" lon="7.83702" /><trkpt lat="46.30709" lon="7.83758" /><trkpt lat="46.30704" lon="7.83807" /><trkpt lat="46.30698" lon="7.83854" /><trkpt lat="46.30688" lon="7.8393" /><trkpt lat="46.3068" lon="7.83992" /><trkpt lat="46.30671" lon="7.84058" /><trkpt lat="46.30666" lon="7.84093" /><trkpt lat="46.30665" lon="7.84095" /><trkpt lat="46.3064" lon="7.8426" /><trkpt lat="46.30636" lon="7.84289" /><trkpt lat="46.3063" lon="7.8433" /><trkpt lat="46.30624" lon="7.84371" /><trkpt lat="46.30618" lon="7.84418" /><trkpt lat="46.30611" lon="7.84472" /><trkpt lat="46.30604" lon="7.84525" /><trkpt lat="46.30599" lon="7.84556" /><trkpt lat="46.30594" lon="7.84591" /><trkpt lat="46.30582" lon="7.84668" /><trkpt lat="46.30581" lon="7.84678" /><trkpt lat="46.30566" lon="7.84773" /><trkpt lat="46.30557" lon="7.84831" /><trkpt lat="46.30551" lon="7.84862" /><trkpt lat="46.30546" lon="7.84893" /><trkpt lat="46.30541" lon="7.84918" /><trkpt lat="46.30537" lon="7.84942" /><trkpt lat="46.3053" lon="7.84977" /><trkpt lat="46.30522" lon="7.85013" /><trkpt lat="46.30514" lon="7.85049" /><trkpt lat="46.30507" lon="7.85078" /><trkpt lat="46.30498" lon="7.85113" /><trkpt lat="46.30489" lon="7.85149" /><trkpt lat="46.30476" lon="7.85193" /><trkpt lat="46.3046" lon="7.85248" /><trkpt lat="46.30444" lon="7.85298" /><trkpt lat="46.30412" lon="7.85396" /><trkpt lat="46.30365" lon="7.85543" /><trkpt lat="46.30333" lon="7.85642" /><trkpt lat="46.30322" lon="7.85673" /><trkpt lat="46.30312" lon="7.85704" /><trkpt lat="46.303" lon="7.85739" /><trkpt lat="46.30291" lon="7.85763" /><trkpt lat="46.30283" lon="7.85786" /><trkpt lat="46.30282" lon="7.85789" /><trkpt lat="46.30271" lon="7.85818" /><trkpt lat="46.30254" lon="7.85861" /><trkpt lat="46.30244" lon="7.85885" /><trkpt lat="46.30232" lon="7.85915" /><trkpt lat="46.30213" lon="7.85959" /><trkpt lat="46.30202" lon="7.85983" /><trkpt lat="46.30188" lon="7.86013" /><trkpt lat="46.30179" lon="7.86032" /><trkpt lat="46.30162" lon="7.86064" /><trkpt lat="46.30148" lon="7.86092" /><trkpt lat="46.30132" lon="7.86123" /><trkpt lat="46.30117" lon="7.8615" /><trkpt lat="46.30105" lon="7.8617" /><trkpt lat="46.30081" lon="7.86213" /><trkpt lat="46.30012" lon="7.86335" /><trkpt lat="46.29944" lon="7.86454" /><trkpt lat="46.29841" lon="7.86634" /><trkpt lat="46.29774" lon="7.86752" /><trkpt lat="46.29732" lon="7.86826" /><trkpt lat="46.29668" lon="7.86938" /><trkpt lat="46.29636" lon="7.86998" /><trkpt lat="46.29633" lon="7.87002" /><trkpt lat="46.29621" lon="7.87026" /><trkpt lat="46.29611" lon="7.87045" /><trkpt lat="46.29591" lon="7.87087" /><trkpt lat="46.2958" lon="7.8711" /><trkpt lat="46.29569" lon="7.87137" /><trkpt lat="46.29558" lon="7.87162" /><trkpt lat="46.29547" lon="7.8719" /><trkpt lat="46.29538" lon="7.87214" /><trkpt lat="46.29525" lon="7.8725" /><trkpt lat="46.29515" lon="7.87282" /><trkpt lat="46.29504" lon="7.87315" /><trkpt lat="46.29497" lon="7.8734" /><trkpt lat="46.29481" lon="7.87403" /><trkpt lat="46.29473" lon="7.87434" /><trkpt lat="46.2947" lon="7.8745" /><trkpt lat="46.29462" lon="7.87486" /><trkpt lat="46.29458" lon="7.8751" /><trkpt lat="46.29454" lon="7.87529" /><trkpt lat="46.29451" lon="7.87552" /><trkpt lat="46.29447" lon="7.87575" /><trkpt lat="46.29445" lon="7.87592" /><trkpt lat="46.29442" lon="7.8761" /><trkpt lat="46.2944" lon="7.8763" /><trkpt lat="46.29436" lon="7.87662" /><trkpt lat="46.29433" lon="7.87693" /><trkpt lat="46.29432" lon="7.87706" /><trkpt lat="46.29431" lon="7.8772" /><trkpt lat="46.29429" lon="7.87755" /><trkpt lat="46.29427" lon="7.8779" /><trkpt lat="46.2942" lon="7.87959" /><trkpt lat="46.29417" lon="7.88081" /><trkpt lat="46.29415" lon="7.88169" /><trkpt lat="46.29407" lon="7.88502" /><trkpt lat="46.29405" lon="7.88579" /><trkpt lat="46.29405" lon="7.88641" /><trkpt lat="46.29406" lon="7.88677" /><trkpt lat="46.29406" lon="7.88703" /><trkpt lat="46.29407" lon="7.88727" /><trkpt lat="46.29408" lon="7.88752" /><trkpt lat="46.29409" lon="7.88772" /><trkpt lat="46.2941" lon="7.88796" /><trkpt lat="46.29413" lon="7.88836" /><trkpt lat="46.29415" lon="7.8886" /><trkpt lat="46.2942" lon="7.8891" /><trkpt lat="46.29427" lon="7.88964" /><trkpt lat="46.29434" lon="7.89025" /><trkpt lat="46.29453" lon="7.89189" /><trkpt lat="46.29467" lon="7.893" /><trkpt lat="46.29475" lon="7.89368" /><trkpt lat="46.29492" lon="7.89512" /><trkpt lat="46.29507" lon="7.8964" /><trkpt lat="46.29523" lon="7.89777" /><trkpt lat="46.29532" lon="7.89849" /><trkpt lat="46.29539" lon="7.89905" /><trkpt lat="46.29543" lon="7.89941" /><trkpt lat="46.29549" lon="7.89998" /><trkpt lat="46.29554" lon="7.90046" /><trkpt lat="46.29558" lon="7.90086" /><trkpt lat="46.29567" lon="7.90178" /><trkpt lat="46.29571" lon="7.90229" /><trkpt lat="46.29577" lon="7.90288" /><trkpt lat="46.29583" lon="7.90363" /><trkpt lat="46.29592" lon="7.90459" /><trkpt lat="46.29599" lon="7.90538" /><trkpt lat="46.29612" lon="7.90686" /><trkpt lat="46.29626" lon="7.90845" /><trkpt lat="46.29651" lon="7.91127" /><trkpt lat="46.29673" lon="7.91376" /><trkpt lat="46.29689" lon="7.91566" /><trkpt lat="46.29696" lon="7.91639" /><trkpt lat="46.29713" lon="7.91828" /><trkpt lat="46.29722" lon="7.91933" /><trkpt lat="46.2974" lon="7.92125" /><trkpt lat="46.29762" lon="7.9237" /><trkpt lat="46.29774" lon="7.92499" /><trkpt lat="46.29779" lon="7.92555" /><trkpt lat="46.29784" lon="7.92615" /><trkpt lat="46.29791" lon="7.92683" /><trkpt lat="46.29795" lon="7.92716" /><trkpt lat="46.29799" lon="7.92752" /><trkpt lat="46.29806" lon="7.92794" /><trkpt lat="46.29813" lon="7.92836" /><trkpt lat="46.2982" lon="7.92877" /><trkpt lat="46.29828" lon="7.92912" /><trkpt lat="46.29836" lon="7.92949" /><trkpt lat="46.29845" lon="7.92989" /><trkpt lat="46.29854" lon="7.93022" /><trkpt lat="46.29868" lon="7.9307" /><trkpt lat="46.29878" lon="7.93103" /><trkpt lat="46.29891" lon="7.93143" /><trkpt lat="46.29903" lon="7.93177" /><trkpt lat="46.29917" lon="7.93214" /><trkpt lat="46.29927" lon="7.93241" /><trkpt lat="46.2994" lon="7.93272" /><trkpt lat="46.29953" lon="7.93302" /><trkpt lat="46.29965" lon="7.93329" /><trkpt lat="46.29978" lon="7.93356" /><trkpt lat="46.29989" lon="7.93378" /><trkpt lat="46.30001" lon="7.93401" /><trkpt lat="46.30012" lon="7.93422" /><trkpt lat="46.30039" lon="7.93471" /><trkpt lat="46.30056" lon="7.93498" /><trkpt lat="46.30072" lon="7.93525" /><trkpt lat="46.30334" lon="7.93936" /><trkpt lat="46.30379" lon="7.9401" /><trkpt lat="46.30412" lon="7.9407" /><trkpt lat="46.30425" lon="7.94096" /><trkpt lat="46.30447" lon="7.94143" /><trkpt lat="46.30468" lon="7.94191" /><trkpt lat="46.30489" lon="7.94244" /><trkpt lat="46.30506" lon="7.94291" /><trkpt lat="46.30521" lon="7.94334" /><trkpt lat="46.30537" lon="7.94386" /><trkpt lat="46.30621" lon="7.94671" /><trkpt lat="46.30622" lon="7.94672" /><trkpt lat="46.30622" lon="7.94674" /><trkpt lat="46.30654" lon="7.94778" /><trkpt lat="46.30678" lon="7.94858" /><trkpt lat="46.30692" lon="7.94903" /><trkpt lat="46.30704" lon="7.94942" /><trkpt lat="46.30719" lon="7.94982" /><trkpt lat="46.30733" lon="7.9502" /><trkpt lat="46.30746" lon="7.95052" /><trkpt lat="46.30763" lon="7.95095" /><trkpt lat="46.30907" lon="7.95439" /><trkpt lat="46.31002" lon="7.95665" /><trkpt lat="46.31113" lon="7.9594" /><trkpt lat="46.31142" lon="7.96014" /><trkpt lat="46.31169" lon="7.96084" /><trkpt lat="46.31239" lon="7.96272" /><trkpt lat="46.31317" lon="7.96486" /><trkpt lat="46.31317" lon="7.96488" /><trkpt lat="46.31318" lon="7.9649" /><trkpt lat="46.31624" lon="7.97344" /><trkpt lat="46.31652" lon="7.97424" /><trkpt lat="46.31668" lon="7.97467" /><trkpt lat="46.31675" lon="7.97487" /><trkpt lat="46.31681" lon="7.97506" /><trkpt lat="46.31696" lon="7.97555" /><trkpt lat="46.31711" lon="7.97604" /><trkpt lat="46.31712" lon="7.97606" /><trkpt lat="46.31712" lon="7.97607" /><trkpt lat="46.31717" lon="7.97621" /><trkpt lat="46.31815" lon="7.97944" /><trkpt lat="46.31825" lon="7.97978" /><trkpt lat="46.31829" lon="7.97991" /><trkpt lat="46.31839" lon="7.9802" /><trkpt lat="46.31846" lon="7.98043" /><trkpt lat="46.31859" lon="7.9808" /><trkpt lat="46.31873" lon="7.9812" /><trkpt lat="46.31878" lon="7.98135" /><trkpt lat="46.31906" lon="7.98215" /><trkpt lat="46.31923" lon="7.98262" /><trkpt lat="46.31928" lon="7.98276" /><trkpt lat="46.31931" lon="7.98287" /><trkpt lat="46.31934" lon="7.98297" /><trkpt lat="46.31937" lon="7.98307" /><trkpt lat="46.31939" lon="7.98317" /><trkpt lat="46.31942" lon="7.98328" /><trkpt lat="46.31944" lon="7.98341" /><trkpt lat="46.31946" lon="7.98353" /><trkpt lat="46.31948" lon="7.98372" /><trkpt lat="46.31952" lon="7.98401" /><trkpt lat="46.31954" lon="7.98421" /><trkpt lat="46.31956" lon="7.98442" /><trkpt lat="46.3196" lon="7.98478" /><trkpt lat="46.31962" lon="7.985" /><trkpt lat="46.31964" lon="7.98514" /><trkpt lat="46.31965" lon="7.98524" /><trkpt lat="46.31966" lon="7.98536" /><trkpt lat="46.31968" lon="7.98561" /><trkpt lat="46.31969" lon="7.98574" /><trkpt lat="46.3197" lon="7.98588" /><trkpt lat="46.3197" lon="7.98603" /><trkpt lat="46.3197" lon="7.98621" /><trkpt lat="46.31969" lon="7.98824" /><trkpt lat="46.31967" lon="7.99085" /><trkpt lat="46.31967" lon="7.99107" /><trkpt lat="46.31967" lon="7.99121" /><trkpt lat="46.31967" lon="7.99129" /><trkpt lat="46.31967" lon="7.99136" /><trkpt lat="46.31968" lon="7.99143" /><trkpt lat="46.31968" lon="7.99149" /><trkpt lat="46.31969" lon="7.99152" /><trkpt lat="46.3197" lon="7.9917" /><trkpt lat="46.31974" lon="7.99188" /><trkpt lat="46.31977" lon="7.99205" /><trkpt lat="46.31983" lon="7.99237" /><trkpt lat="46.31988" lon="7.99265" /><trkpt lat="46.31992" lon="7.9928" /><trkpt lat="46.31995" lon="7.99295" /><trkpt lat="46.31998" lon="7.99305" /><trkpt lat="46.32001" lon="7.99315" /><trkpt lat="46.32005" lon="7.99328" /><trkpt lat="46.32008" lon="7.99338" /><trkpt lat="46.32014" lon="7.99353" /><trkpt lat="46.32023" lon="7.99375" /><trkpt lat="46.32029" lon="7.99391" /><trkpt lat="46.32036" lon="7.99408" /><trkpt lat="46.32042" lon="7.99425" /><trkpt lat="46.32052" lon="7.9945" /><trkpt lat="46.32058" lon="7.99464" /><trkpt lat="46.32063" lon="7.99477" /><trkpt lat="46.32067" lon="7.99489" /><trkpt lat="46.32071" lon="7.99501" /><trkpt lat="46.32076" lon="7.99517" /><trkpt lat="46.32097" lon="7.99588" /><trkpt lat="46.32103" lon="7.9961" /><trkpt lat="46.32192" lon="7.99915" /><trkpt lat="46.32196" lon="7.9993" /><trkpt lat="46.322" lon="7.99943" /><trkpt lat="46.32203" lon="7.9995" /><trkpt lat="46.32205" lon="7.99955" /><trkpt lat="46.32209" lon="7.99968" /><trkpt lat="46.32213" lon="7.99978" /><trkpt lat="46.32217" lon="7.99987" /><trkpt lat="46.32226" lon="8.00009" /><trkpt lat="46.32234" lon="8.00026" /><trkpt lat="46.32241" lon="8.00045" /><trkpt lat="46.32248" lon="8.00059" /><trkpt lat="46.32259" lon="8.00081" /><trkpt lat="46.3227" lon="8.00104" /><trkpt lat="46.32283" lon="8.00129" /><trkpt lat="46.32289" lon="8.00141" /><trkpt lat="46.32323" lon="8.00207" /><trkpt lat="46.32404" lon="8.00367" /><trkpt lat="46.32412" lon="8.00384" /><trkpt lat="46.32417" lon="8.00395" /><trkpt lat="46.32421" lon="8.00404" /><trkpt lat="46.32425" lon="8.00414" /><trkpt lat="46.32428" lon="8.0042" /><trkpt lat="46.3243" lon="8.00426" /><trkpt lat="46.32433" lon="8.00435" /><trkpt lat="46.32436" lon="8.00443" /><trkpt lat="46.32439" lon="8.00453" /><trkpt lat="46.32443" lon="8.00465" /><trkpt lat="46.32446" lon="8.00478" /><trkpt lat="46.3245" lon="8.00493" /><trkpt lat="46.32456" lon="8.00525" /><trkpt lat="46.32457" lon="8.00537" /><trkpt lat="46.32459" lon="8.00548" /><trkpt lat="46.3246" lon="8.00561" /><trkpt lat="46.32461" lon="8.00573" /><trkpt lat="46.32462" lon="8.00587" /><trkpt lat="46.32462" lon="8.00598" /><trkpt lat="46.32462" lon="8.00611" /><trkpt lat="46.32462" lon="8.00623" /><trkpt lat="46.32462" lon="8.00635" /><trkpt lat="46.32461" lon="8.00648" /><trkpt lat="46.3246" lon="8.00662" /><trkpt lat="46.32459" lon="8.00673" /><trkpt lat="46.32457" lon="8.00694" /><trkpt lat="46.32447" lon="8.00748" /><trkpt lat="46.32443" lon="8.00768" /><trkpt lat="46.32437" lon="8.00787" /><trkpt lat="46.3242" lon="8.00836" /><trkpt lat="46.32404" lon="8.00873" /><trkpt lat="46.32382" lon="8.0091" /><trkpt lat="46.32066" lon="8.01428" /><trkpt lat="46.31439" lon="8.02451" /><trkpt lat="46.31438" lon="8.02453" /><trkpt lat="46.30574" lon="8.03862" /><trkpt lat="46.30573" lon="8.03863" /><trkpt lat="46.29711" lon="8.05274" /><trkpt lat="46.29708" lon="8.0528" /><trkpt lat="46.28818" lon="8.0673" /><trkpt lat="46.28814" lon="8.06736" /><trkpt lat="46.27927" lon="8.0818" /><trkpt lat="46.27921" lon="8.0819" /><trkpt lat="46.27283" lon="8.09241" /><trkpt lat="46.27134" lon="8.09474" /><trkpt lat="46.27117" lon="8.095" /><trkpt lat="46.26956" lon="8.09769" /><trkpt lat="46.2694" lon="8.09795" /><trkpt lat="46.26912" lon="8.09849" /><trkpt lat="46.2689" lon="8.09903" /><trkpt lat="46.26864" lon="8.09951" /><trkpt lat="46.26749" lon="8.10138" /><trkpt lat="46.23926" lon="8.14736" /><trkpt lat="46.23879" lon="8.14816" /><trkpt lat="46.21295" lon="8.19015" /><trkpt lat="46.20936" lon="8.19599" /><trkpt lat="46.20889" lon="8.19674" /><trkpt lat="46.20866" lon="8.19714" /><trkpt lat="46.20846" lon="8.19756" /><trkpt lat="46.20823" lon="8.19822" /><trkpt lat="46.20807" lon="8.19889" /><trkpt lat="46.20776" lon="8.2006" /><trkpt lat="46.20765" lon="8.20121" /><trkpt lat="46.20755" lon="8.20189" /><trkpt lat="46.20753" lon="8.20199" /><trkpt lat="46.20744" lon="8.20276" /><trkpt lat="46.20734" lon="8.20351" /><trkpt lat="46.20726" lon="8.20404" /><trkpt lat="46.20723" lon="8.20429" /><trkpt lat="46.2072" lon="8.20451" /><trkpt lat="46.20717" lon="8.20472" /><trkpt lat="46.20713" lon="8.20499" /><trkpt lat="46.20706" lon="8.20556" /><trkpt lat="46.207" lon="8.20611" /><trkpt lat="46.20698" lon="8.20634" /><trkpt lat="46.20694" lon="8.20671" /><trkpt lat="46.20689" lon="8.20726" /><trkpt lat="46.20688" lon="8.20739" /><trkpt lat="46.20686" lon="8.20754" /><trkpt lat="46.20684" lon="8.20768" /><trkpt lat="46.20681" lon="8.2079" /><trkpt lat="46.20678" lon="8.20814" /><trkpt lat="46.20673" lon="8.2084" /><trkpt lat="46.20668" lon="8.20871" /><trkpt lat="46.20665" lon="8.20883" /><trkpt lat="46.20664" lon="8.20892" /><trkpt lat="46.20654" lon="8.20937" /><trkpt lat="46.20641" lon="8.20997" /><trkpt lat="46.20636" lon="8.21024" /><trkpt lat="46.2063" lon="8.21056" /><trkpt lat="46.20624" lon="8.21088" /><trkpt lat="46.20621" lon="8.21108" /><trkpt lat="46.20618" lon="8.21124" /><trkpt lat="46.20611" lon="8.21164" /><trkpt lat="46.20605" lon="8.21208" /><trkpt lat="46.20602" lon="8.21246" /><trkpt lat="46.20603" lon="8.21298" /><trkpt lat="46.20606" lon="8.21338" /><trkpt lat="46.20613" lon="8.21388" /><trkpt lat="46.20623" lon="8.21451" /><trkpt lat="46.20924" lon="8.23061" /><trkpt lat="46.20929" lon="8.23086" /><trkpt lat="46.20933" lon="8.23105" /><trkpt lat="46.20937" lon="8.2312" /><trkpt lat="46.20941" lon="8.23135" /><trkpt lat="46.20947" lon="8.23153" /><trkpt lat="46.20951" lon="8.23168" /><trkpt lat="46.20957" lon="8.23184" /><trkpt lat="46.20963" lon="8.232" /><trkpt lat="46.20969" lon="8.23217" /><trkpt lat="46.20976" lon="8.23233" /><trkpt lat="46.20983" lon="8.23247" /><trkpt lat="46.2099" lon="8.23263" /><trkpt lat="46.20998" lon="8.23279" /><trkpt lat="46.21006" lon="8.23294" /><trkpt lat="46.21011" lon="8.23302" /><trkpt lat="46.21012" lon="8.23304" /><trkpt lat="46.21024" lon="8.23324" /><trkpt lat="46.21037" lon="8.23344" /><trkpt lat="46.21051" lon="8.23364" /><trkpt lat="46.21065" lon="8.23381" /><trkpt lat="46.21078" lon="8.23396" /><trkpt lat="46.2108" lon="8.23399" /><trkpt lat="46.21093" lon="8.23413" /><trkpt lat="46.21105" lon="8.23426" /><trkpt lat="46.21118" lon="8.23438" /><trkpt lat="46.21132" lon="8.2345" /><trkpt lat="46.21145" lon="8.2346" /><trkpt lat="46.21159" lon="8.23471" /><trkpt lat="46.21171" lon="8.23479" /><trkpt lat="46.21185" lon="8.23488" /><trkpt lat="46.21198" lon="8.23495" /><trkpt lat="46.21212" lon="8.23503" /><trkpt lat="46.21224" lon="8.23508" /><trkpt lat="46.21237" lon="8.23514" /><trkpt lat="46.21252" lon="8.23519" /><trkpt lat="46.21266" lon="8.23524" /><trkpt lat="46.2128" lon="8.23528" /><trkpt lat="46.21296" lon="8.23531" /><trkpt lat="46.21311" lon="8.23534" /><trkpt lat="46.21325" lon="8.23536" /><trkpt lat="46.21341" lon="8.23537" /><trkpt lat="46.21353" lon="8.23537" /><trkpt lat="46.21367" lon="8.23537" /><trkpt lat="46.2138" lon="8.23537" /><trkpt lat="46.21393" lon="8.23535" /><trkpt lat="46.21406" lon="8.23534" /><trkpt lat="46.21418" lon="8.23532" /><trkpt lat="46.21432" lon="8.23529" /><trkpt lat="46.21446" lon="8.23525" /><trkpt lat="46.21459" lon="8.23521" /><trkpt lat="46.21475" lon="8.23515" /><trkpt lat="46.21487" lon="8.2351" /><trkpt lat="46.21498" lon="8.23505" /><trkpt lat="46.21509" lon="8.23499" /><trkpt lat="46.21524" lon="8.23491" /><trkpt lat="46.21535" lon="8.23485" /><trkpt lat="46.21546" lon="8.23478" /><trkpt lat="46.21557" lon="8.2347" /><trkpt lat="46.21569" lon="8.23461" /><trkpt lat="46.21582" lon="8.23451" /><trkpt lat="46.21592" lon="8.23442" /><trkpt lat="46.21603" lon="8.23432" /><trkpt lat="46.21614" lon="8.23422" /><trkpt lat="46.21624" lon="8.23411" /><trkpt lat="46.21635" lon="8.234" /><trkpt lat="46.21645" lon="8.23388" /><trkpt lat="46.21654" lon="8.23376" /><trkpt lat="46.21662" lon="8.23366" /><trkpt lat="46.21671" lon="8.23354" /><trkpt lat="46.21681" lon="8.2334" /><trkpt lat="46.21689" lon="8.23327" /><trkpt lat="46.21698" lon="8.23312" /><trkpt lat="46.21706" lon="8.23298" /><trkpt lat="46.21714" lon="8.23285" /><trkpt lat="46.21721" lon="8.2327" /><trkpt lat="46.21728" lon="8.23257" /><trkpt lat="46.21735" lon="8.23241" /><trkpt lat="46.21742" lon="8.23226" /><trkpt lat="46.21749" lon="8.23208" /><trkpt lat="46.21755" lon="8.23191" /><trkpt lat="46.21761" lon="8.23174" /><trkpt lat="46.21767" lon="8.23156" /><trkpt lat="46.21773" lon="8.23137" /><trkpt lat="46.21778" lon="8.23118" /><trkpt lat="46.21783" lon="8.23098" /><trkpt lat="46.21788" lon="8.23079" /><trkpt lat="46.21792" lon="8.23058" /><trkpt lat="46.21795" lon="8.2304" /><trkpt lat="46.21798" lon="8.2302" /><trkpt lat="46.218" lon="8.23002" /><trkpt lat="46.21803" lon="8.22982" /><trkpt lat="46.21804" lon="8.22963" /><trkpt lat="46.21806" lon="8.22942" /><trkpt lat="46.21807" lon="8.2292" /><trkpt lat="46.21808" lon="8.22897" /><trkpt lat="46.21808" lon="8.22878" /><trkpt lat="46.21807" lon="8.22859" /><trkpt lat="46.21806" lon="8.22838" /><trkpt lat="46.21805" lon="8.2282" /><trkpt lat="46.21804" lon="8.22805" /><trkpt lat="46.21802" lon="8.22787" /><trkpt lat="46.218" lon="8.22771" /><trkpt lat="46.21798" lon="8.22756" /><trkpt lat="46.21796" lon="8.22739" /><trkpt lat="46.21793" lon="8.22724" /><trkpt lat="46.2179" lon="8.22709" /><trkpt lat="46.21788" lon="8.22696" /><trkpt lat="46.21785" lon="8.22682" /><trkpt lat="46.21781" lon="8.22666" /><trkpt lat="46.21777" lon="8.22652" /><trkpt lat="46.21774" lon="8.22639" /><trkpt lat="46.2177" lon="8.22625" /><trkpt lat="46.21765" lon="8.2261" /><trkpt lat="46.2176" lon="8.22596" /><trkpt lat="46.21755" lon="8.22581" /><trkpt lat="46.21749" lon="8.22567" /><trkpt lat="46.21744" lon="8.22553" /><trkpt lat="46.21739" lon="8.22541" /><trkpt lat="46.21732" lon="8.22526" /><trkpt lat="46.21726" lon="8.22514" /><trkpt lat="46.21721" lon="8.22503" /><trkpt lat="46.21714" lon="8.2249" /><trkpt lat="46.21708" lon="8.22479" /><trkpt lat="46.21701" lon="8.22466" /><trkpt lat="46.21693" lon="8.22454" /><trkpt lat="46.21685" lon="8.2244" /><trkpt lat="46.21676" lon="8.22427" /><trkpt lat="46.21669" lon="8.22417" /><trkpt lat="46.21661" lon="8.22406" /><trkpt lat="46.21652" lon="8.22395" /><trkpt lat="46.21642" lon="8.22383" /><trkpt lat="46.21633" lon="8.22372" /><trkpt lat="46.21623" lon="8.22362" /><trkpt lat="46.21612" lon="8.22351" /><trkpt lat="46.21601" lon="8.2234" /><trkpt lat="46.2159" lon="8.2233" /><trkpt lat="46.21577" lon="8.22319" /><trkpt lat="46.21569" lon="8.22313" /><trkpt lat="46.21556" lon="8.22303" /><trkpt lat="46.21543" lon="8.22294" /><trkpt lat="46.21531" lon="8.22287" /><trkpt lat="46.2152" lon="8.2228" /><trkpt lat="46.21507" lon="8.22274" /><trkpt lat="46.21494" lon="8.22267" /><trkpt lat="46.2148" lon="8.22261" /><trkpt lat="46.21469" lon="8.22257" /><trkpt lat="46.21455" lon="8.22252" /><trkpt lat="46.21443" lon="8.22248" /><trkpt lat="46.21431" lon="8.22245" /><trkpt lat="46.21419" lon="8.22243" /><trkpt lat="46.21406" lon="8.2224" /><trkpt lat="46.21393" lon="8.22238" /><trkpt lat="46.21379" lon="8.22237" /><trkpt lat="46.21367" lon="8.22237" /><trkpt lat="46.21353" lon="8.22236" /><trkpt lat="46.2134" lon="8.22237" /><trkpt lat="46.21327" lon="8.22238" /><trkpt lat="46.21314" lon="8.22239" /><trkpt lat="46.213" lon="8.22242" /><trkpt lat="46.21287" lon="8.22244" /><trkpt lat="46.21273" lon="8.22248" /><trkpt lat="46.2126" lon="8.22252" /><trkpt lat="46.21248" lon="8.22256" /><trkpt lat="46.21236" lon="8.22261" /><trkpt lat="46.21223" lon="8.22266" /><trkpt lat="46.21211" lon="8.22272" /><trkpt lat="46.212" lon="8.22277" /><trkpt lat="46.21189" lon="8.22284" /><trkpt lat="46.21175" lon="8.22292" /><trkpt lat="46.21164" lon="8.22299" /><trkpt lat="46.21153" lon="8.22308" /><trkpt lat="46.21142" lon="8.22316" /><trkpt lat="46.21131" lon="8.22325" /><trkpt lat="46.2112" lon="8.22334" /><trkpt lat="46.21109" lon="8.22344" /><trkpt lat="46.21099" lon="8.22354" /><trkpt lat="46.2109" lon="8.22364" /><trkpt lat="46.21079" lon="8.22375" /><trkpt lat="46.2107" lon="8.22387" /><trkpt lat="46.2106" lon="8.22399" /><trkpt lat="46.21051" lon="8.2241" /><trkpt lat="46.21043" lon="8.22422" /><trkpt lat="46.21035" lon="8.22433" /><trkpt lat="46.21025" lon="8.22448" /><trkpt lat="46.21018" lon="8.2246" /><trkpt lat="46.21009" lon="8.22474" /><trkpt lat="46.21002" lon="8.22488" /><trkpt lat="46.20994" lon="8.22503" /><trkpt lat="46.20987" lon="8.22517" /><trkpt lat="46.20703" lon="8.23107" /><trkpt lat="46.20689" lon="8.23149" /><trkpt lat="46.20679" lon="8.23181" /><trkpt lat="46.20669" lon="8.23218" /><trkpt lat="46.20657" lon="8.23261" /><trkpt lat="46.20645" lon="8.23318" /><trkpt lat="46.20637" lon="8.23376" /><trkpt lat="46.20634" lon="8.23433" /><trkpt lat="46.20636" lon="8.23497" /><trkpt lat="46.20641" lon="8.23557" /><trkpt lat="46.20652" lon="8.23638" /><trkpt lat="46.20669" lon="8.23736" /><trkpt lat="46.2068" lon="8.23797" /><trkpt lat="46.20684" lon="8.23822" /><trkpt lat="46.20687" lon="8.23838" /><trkpt lat="46.20689" lon="8.23849" /><trkpt lat="46.20696" lon="8.23904" /><trkpt lat="46.20698" lon="8.23925" /><trkpt lat="46.20699" lon="8.23945" /><trkpt lat="46.207" lon="8.23964" /><trkpt lat="46.20701" lon="8.23982" /><trkpt lat="46.20701" lon="8.24" /><trkpt lat="46.20701" lon="8.24022" /><trkpt lat="46.20701" lon="8.24045" /><trkpt lat="46.20699" lon="8.24109" /><trkpt lat="46.20698" lon="8.24141" /><trkpt lat="46.20698" lon="8.24157" /><trkpt lat="46.20696" lon="8.24203" /><trkpt lat="46.20694" lon="8.24226" /><trkpt lat="46.20693" lon="8.24249" /><trkpt lat="46.2069" lon="8.2427" /><trkpt lat="46.20687" lon="8.24291" /><trkpt lat="46.20683" lon="8.24314" /><trkpt lat="46.20679" lon="8.24335" /><trkpt lat="46.20673" lon="8.24363" /><trkpt lat="46.20636" lon="8.24492" /><trkpt lat="46.20633" lon="8.24505" /><trkpt lat="46.2059" lon="8.24656" /><trkpt lat="46.20558" lon="8.24771" /><trkpt lat="46.20522" lon="8.24899" /><trkpt lat="46.20494" lon="8.24995" /><trkpt lat="46.20489" lon="8.25012" /><trkpt lat="46.20484" lon="8.25029" /><trkpt lat="46.20478" lon="8.25046" /><trkpt lat="46.20471" lon="8.25065" /><trkpt lat="46.20465" lon="8.25081" /><trkpt lat="46.20458" lon="8.25098" /><trkpt lat="46.20451" lon="8.25113" /><trkpt lat="46.20442" lon="8.25131" /><trkpt lat="46.20423" lon="8.25167" /><trkpt lat="46.20358" lon="8.25287" /><trkpt lat="46.20329" lon="8.2534" /><trkpt lat="46.20304" lon="8.25388" /><trkpt lat="46.2028" lon="8.25449" /><trkpt lat="46.20267" lon="8.25486" /><trkpt lat="46.20256" lon="8.25531" /><trkpt lat="46.20246" lon="8.25584" /><trkpt lat="46.20239" lon="8.2563" /><trkpt lat="46.20235" lon="8.25698" /><trkpt lat="46.20225" lon="8.25918" /><trkpt lat="46.20222" lon="8.25975" /><trkpt lat="46.20213" lon="8.26035" /><trkpt lat="46.20204" lon="8.26083" /><trkpt lat="46.20186" lon="8.26145" /><trkpt lat="46.20158" lon="8.26227" /><trkpt lat="46.2001" lon="8.26673" /><trkpt lat="46.19985" lon="8.26745" /><trkpt lat="46.1997" lon="8.26781" /><trkpt lat="46.19956" lon="8.26816" /><trkpt lat="46.19936" lon="8.26857" /><trkpt lat="46.19919" lon="8.26887" /><trkpt lat="46.19895" lon="8.26926" /><trkpt lat="46.19876" lon="8.26954" /><trkpt lat="46.19847" lon="8.26994" /><trkpt lat="46.19701" lon="8.27184" /><trkpt lat="46.19672" lon="8.27214" /><trkpt lat="46.19642" lon="8.27241" /><trkpt lat="46.19615" lon="8.27263" /><trkpt lat="46.19587" lon="8.2728" /><trkpt lat="46.19551" lon="8.27298" /><trkpt lat="46.19521" lon="8.2731" /><trkpt lat="46.1949" lon="8.27318" /><trkpt lat="46.19455" lon="8.27327" /><trkpt lat="46.19329" lon="8.27349" /><trkpt lat="46.19287" lon="8.27359" /><trkpt lat="46.19258" lon="8.27369" /><trkpt lat="46.19205" lon="8.27397" /><trkpt lat="46.19181" lon="8.27416" /><trkpt lat="46.19142" lon="8.27451" /><trkpt lat="46.19106" lon="8.2749" /><trkpt lat="46.19081" lon="8.27523" /><trkpt lat="46.19042" lon="8.27584" /><trkpt lat="46.1898" lon="8.27678" /><trkpt lat="46.18947" lon="8.27728" /><trkpt lat="46.18912" lon="8.27773" /><trkpt lat="46.18878" lon="8.27812" /><trkpt lat="46.18813" lon="8.27861" /><trkpt lat="46.18755" lon="8.27901" /><trkpt lat="46.18702" lon="8.27929" /><trkpt lat="46.18565" lon="8.27977" /><trkpt lat="46.18422" lon="8.28023" /><trkpt lat="46.18396" lon="8.28029" /><trkpt lat="46.18352" lon="8.28032" /><trkpt lat="46.18248" lon="8.28031" /><trkpt lat="46.18211" lon="8.28036" /><trkpt lat="46.18157" lon="8.28045" /><trkpt lat="46.17808" lon="8.28141" /><trkpt lat="46.17747" lon="8.28164" /><trkpt lat="46.17705" lon="8.28184" /><trkpt lat="46.17661" lon="8.28203" /><trkpt lat="46.17606" lon="8.2822" /><trkpt lat="46.17368" lon="8.28279" /><trkpt lat="46.17066" lon="8.28313" /><trkpt lat="46.17019" lon="8.28312" /><trkpt lat="46.16991" lon="8.28309" /><trkpt lat="46.16967" lon="8.28308" /><trkpt lat="46.16941" lon="8.28302" /><trkpt lat="46.16871" lon="8.28276" /><trkpt lat="46.16828" lon="8.28259" /><trkpt lat="46.16657" lon="8.28194" /><trkpt lat="46.16568" lon="8.28164" /><trkpt lat="46.16516" lon="8.2815" /><trkpt lat="46.16454" lon="8.28143" /><trkpt lat="46.16381" lon="8.2814" /><trkpt lat="46.16285" lon="8.28148" /><trkpt lat="46.16141" lon="8.28187" /><trkpt lat="46.16037" lon="8.28237" /><trkpt lat="46.15939" lon="8.28303" /><trkpt lat="46.15846" lon="8.28385" /><trkpt lat="46.15755" lon="8.28483" /><trkpt lat="46.15429" lon="8.29009" /><trkpt lat="46.15252" lon="8.29331" /><trkpt lat="46.1524" lon="8.29353" /><trkpt lat="46.15227" lon="8.29373" /><trkpt lat="46.15213" lon="8.29393" /><trkpt lat="46.15198" lon="8.29411" /><trkpt lat="46.15183" lon="8.29429" /><trkpt lat="46.15168" lon="8.29445" /><trkpt lat="46.15151" lon="8.2946" /><trkpt lat="46.15135" lon="8.29474" /><trkpt lat="46.15117" lon="8.29487" /><trkpt lat="46.151" lon="8.29498" /><trkpt lat="46.15082" lon="8.29508" /><trkpt lat="46.15063" lon="8.29517" /><trkpt lat="46.15045" lon="8.29525" /><trkpt lat="46.15026" lon="8.29531" /><trkpt lat="46.15003" lon="8.29535" /><trkpt lat="46.14983" lon="8.29538" /><trkpt lat="46.14967" lon="8.29539" /><trkpt lat="46.14947" lon="8.29539" /><trkpt lat="46.14931" lon="8.29538" /><trkpt lat="46.14918" lon="8.29537" /><trkpt lat="46.14905" lon="8.29535" /><trkpt lat="46.14893" lon="8.29532" /><trkpt lat="46.14882" lon="8.2953" /><trkpt lat="46.14864" lon="8.29524" /><trkpt lat="46.14849" lon="8.29518" /><trkpt lat="46.14845" lon="8.29517" /><trkpt lat="46.14827" lon="8.2951" /><trkpt lat="46.14811" lon="8.29501" /><trkpt lat="46.14792" lon="8.29491" /><trkpt lat="46.14775" lon="8.2948" /><trkpt lat="46.14758" lon="8.29469" /><trkpt lat="46.14744" lon="8.29458" /><trkpt lat="46.14732" lon="8.29449" /><trkpt lat="46.14716" lon="8.29434" /><trkpt lat="46.14702" lon="8.29421" /><trkpt lat="46.14689" lon="8.29408" /><trkpt lat="46.14674" lon="8.29392" /><trkpt lat="46.14623" lon="8.29339" /><trkpt lat="46.14605" lon="8.2932" /><trkpt lat="46.14583" lon="8.29298" /><trkpt lat="46.14555" lon="8.29269" /><trkpt lat="46.14463" lon="8.29175" /><trkpt lat="46.14412" lon="8.2912" /><trkpt lat="46.14394" lon="8.29102" /><trkpt lat="46.14387" lon="8.29095" /><trkpt lat="46.14375" lon="8.29083" /><trkpt lat="46.14362" lon="8.29073" /><trkpt lat="46.14348" lon="8.29061" /><trkpt lat="46.14317" lon="8.29038" /><trkpt lat="46.14276" lon="8.29011" /><trkpt lat="46.14241" lon="8.28994" /><trkpt lat="46.14191" lon="8.28973" /><trkpt lat="46.14087" lon="8.28932" /><trkpt lat="46.1405" lon="8.28918" /><trkpt lat="46.14023" lon="8.28904" /><trkpt lat="46.14001" lon="8.28891" /><trkpt lat="46.13976" lon="8.28872" /><trkpt lat="46.13948" lon="8.2885" /><trkpt lat="46.13916" lon="8.28818" /><trkpt lat="46.13731" lon="8.286" /><trkpt lat="46.13707" lon="8.28574" /><trkpt lat="46.13688" lon="8.28556" /><trkpt lat="46.13664" lon="8.28535" /><trkpt lat="46.13639" lon="8.28518" /><trkpt lat="46.13615" lon="8.28502" /><trkpt lat="46.13574" lon="8.28481" /><trkpt lat="46.13538" lon="8.28469" /><trkpt lat="46.13491" lon="8.28461" /><trkpt lat="46.13461" lon="8.28458" /><trkpt lat="46.13425" lon="8.2846" /><trkpt lat="46.13385" lon="8.28465" /><trkpt lat="46.13349" lon="8.28475" /><trkpt lat="46.13315" lon="8.28488" /><trkpt lat="46.13283" lon="8.28505" /><trkpt lat="46.13247" lon="8.28525" /><trkpt lat="46.1321" lon="8.28555" /><trkpt lat="46.13177" lon="8.28591" /><trkpt lat="46.13119" lon="8.28653" /><trkpt lat="46.13039" lon="8.28743" /><trkpt lat="46.12966" lon="8.28826" /><trkpt lat="46.12615" lon="8.29225" /><trkpt lat="46.1254" lon="8.29308" /><trkpt lat="46.12478" lon="8.29381" /><trkpt lat="46.12446" lon="8.29419" /><trkpt lat="46.12436" lon="8.29431" /><trkpt lat="46.12351" lon="8.29522" /><trkpt lat="46.12302" lon="8.29564" /><trkpt lat="46.1224" lon="8.29609" /><trkpt lat="46.12141" lon="8.29663" /><trkpt lat="46.12114" lon="8.29677" /><trkpt lat="46.12037" lon="8.29707" /><trkpt lat="46.1201" lon="8.29715" /><trkpt lat="46.11981" lon="8.29719" /><trkpt lat="46.11921" lon="8.29722" /><trkpt lat="46.11872" lon="8.29718" /><trkpt lat="46.1184" lon="8.29715" /><trkpt lat="46.11798" lon="8.29711" /><trkpt lat="46.11533" lon="8.29685" /><trkpt lat="46.11376" lon="8.29671" /><trkpt lat="46.11352" lon="8.29666" /><trkpt lat="46.11318" lon="8.29657" /><trkpt lat="46.11313" lon="8.29656" /><trkpt lat="46.11292" lon="8.29652" /><trkpt lat="46.11249" lon="8.29648" /><trkpt lat="46.11237" lon="8.29647" /><trkpt lat="46.11124" lon="8.29635" /><trkpt lat="46.11093" lon="8.29632" /><trkpt lat="46.10966" lon="8.29625" /><trkpt lat="46.10638" lon="8.29608" /><trkpt lat="46.10608" lon="8.29606" /><trkpt lat="46.1011" lon="8.29579" /><trkpt lat="46.10092" lon="8.29578" /><trkpt lat="46.09125" lon="8.29524" /><trkpt lat="46.09057" lon="8.29521" /><trkpt lat="46.0904" lon="8.2952" /><trkpt lat="46.08948" lon="8.29514" /><trkpt lat="46.08858" lon="8.29509" /><trkpt lat="46.08772" lon="8.29504" /><trkpt lat="46.08562" lon="8.29492" /><trkpt lat="46.08429" lon="8.29485" /><trkpt lat="46.08408" lon="8.29484" /><trkpt lat="46.08257" lon="8.29475" /><trkpt lat="46.08219" lon="8.29473" /><trkpt lat="46.08139" lon="8.29468" /><trkpt lat="46.08112" lon="8.29467" /><trkpt lat="46.07902" lon="8.29455" /><trkpt lat="46.07895" lon="8.29454" /><trkpt lat="46.0779" lon="8.29448" /><trkpt lat="46.0773" lon="8.29439" /><trkpt lat="46.07658" lon="8.29421" /><trkpt lat="46.07617" lon="8.29408" /><trkpt lat="46.07586" lon="8.29396" /><trkpt lat="46.07523" lon="8.29366" /><trkpt lat="46.07293" lon="8.29235" /><trkpt lat="46.07283" lon="8.29229" /><trkpt lat="46.06909" lon="8.29018" /><trkpt lat="46.06837" lon="8.28974" /><trkpt lat="46.06727" lon="8.28887" /><trkpt lat="46.0645" lon="8.28657" /><trkpt lat="46.0639" lon="8.28597" /><trkpt lat="46.06281" lon="8.2849" /><trkpt lat="46.0618" lon="8.2842" /><trkpt lat="46.06035" lon="8.28334" /><trkpt lat="46.05953" lon="8.28282" /><trkpt lat="46.05838" lon="8.28201" /><trkpt lat="46.05824" lon="8.28191" /><trkpt lat="46.05717" lon="8.28114" /><trkpt lat="46.05549" lon="8.27969" /><trkpt lat="46.05506" lon="8.27933" /><trkpt lat="46.05473" lon="8.27909" /><trkpt lat="46.0544" lon="8.2789" /><trkpt lat="46.05407" lon="8.27873" /><trkpt lat="46.05371" lon="8.27859" /><trkpt lat="46.05344" lon="8.27851" /><trkpt lat="46.05307" lon="8.27843" /><trkpt lat="46.05269" lon="8.27839" /><trkpt lat="46.05136" lon="8.27826" /><trkpt lat="46.05128" lon="8.27825" /><trkpt lat="46.04935" lon="8.27806" /><trkpt lat="46.04639" lon="8.27778" /><trkpt lat="46.04492" lon="8.27763" /><trkpt lat="46.04413" lon="8.27756" /><trkpt lat="46.04151" lon="8.27729" /><trkpt lat="46.04117" lon="8.27727" /><trkpt lat="46.04072" lon="8.27727" /><trkpt lat="46.04039" lon="8.27729" /><trkpt lat="46.03995" lon="8.27736" /><trkpt lat="46.03965" lon="8.27742" /><trkpt lat="46.0393" lon="8.27752" /><trkpt lat="46.03895" lon="8.27763" /><trkpt lat="46.03842" lon="8.27787" /><trkpt lat="46.03777" lon="8.27826" /><trkpt lat="46.03724" lon="8.27867" /><trkpt lat="46.03683" lon="8.27903" /><trkpt lat="46.0365" lon="8.27936" /><trkpt lat="46.03621" lon="8.2797" /><trkpt lat="46.03589" lon="8.2801" /><trkpt lat="46.03498" lon="8.28129" /><trkpt lat="46.03393" lon="8.28266" /><trkpt lat="46.03382" lon="8.28279" /><trkpt lat="46.03296" lon="8.28375" /><trkpt lat="46.03234" lon="8.28424" /><trkpt lat="46.03148" lon="8.28468" /><trkpt lat="46.03078" lon="8.28485" /><trkpt lat="46.02997" lon="8.28494" /><trkpt lat="46.02899" lon="8.28497" /><trkpt lat="46.02833" lon="8.28498" /><trkpt lat="46.02808" lon="8.28494" /><trkpt lat="46.02785" lon="8.28491" /><trkpt lat="46.02745" lon="8.2848" /><trkpt lat="46.02708" lon="8.28466" /><trkpt lat="46.02679" lon="8.28455" /><trkpt lat="46.02506" lon="8.28388" /><trkpt lat="46.02474" lon="8.28379" /><trkpt lat="46.02367" lon="8.28362" /><trkpt lat="46.02323" lon="8.28356" /><trkpt lat="46.02201" lon="8.28368" /><trkpt lat="46.02062" lon="8.28421" /><trkpt lat="46.02044" lon="8.28427" /><trkpt lat="46.01925" lon="8.28472" /><trkpt lat="46.01886" lon="8.28482" /><trkpt lat="46.0183" lon="8.2849" /><trkpt lat="46.01728" lon="8.28491" /><trkpt lat="46.01626" lon="8.28488" /><trkpt lat="46.01597" lon="8.28488" /><trkpt lat="46.01571" lon="8.28487" /><trkpt lat="46.01537" lon="8.28489" /><trkpt lat="46.01503" lon="8.28495" /><trkpt lat="46.01468" lon="8.28503" /><trkpt lat="46.01433" lon="8.28514" /><trkpt lat="46.01397" lon="8.28529" /><trkpt lat="46.01361" lon="8.28549" /><trkpt lat="46.01302" lon="8.28593" /><trkpt lat="46.01245" lon="8.28646" /><trkpt lat="46.01154" lon="8.28742" /><trkpt lat="46.01035" lon="8.28872" /><trkpt lat="46.00925" lon="8.28993" /><trkpt lat="46.00814" lon="8.29112" /><trkpt lat="46.00789" lon="8.29139" /><trkpt lat="46.00771" lon="8.29158" /><trkpt lat="46.00751" lon="8.29185" /><trkpt lat="46.00731" lon="8.29217" /><trkpt lat="46.007" lon="8.29268" /><trkpt lat="46.00666" lon="8.29334" /><trkpt lat="46.00653" lon="8.29359" /><trkpt lat="46.00594" lon="8.29473" /><trkpt lat="46.00558" lon="8.29542" /><trkpt lat="46.00493" lon="8.29666" /><trkpt lat="46.00455" lon="8.29745" /><trkpt lat="46.00442" lon="8.29776" /><trkpt lat="46.0043" lon="8.29808" /><trkpt lat="46.00414" lon="8.29862" /><trkpt lat="46.00405" lon="8.29895" /><trkpt lat="46.00395" lon="8.29942" /><trkpt lat="46.00386" lon="8.29988" /><trkpt lat="46.00382" lon="8.30018" /><trkpt lat="46.00378" lon="8.30052" /><trkpt lat="46.00372" lon="8.30164" /><trkpt lat="46.00371" lon="8.30404" /><trkpt lat="46.0037" lon="8.30666" /><trkpt lat="46.00369" lon="8.30967" /><trkpt lat="46.00367" lon="8.3122" /><trkpt lat="46.00366" lon="8.31447" /><trkpt lat="46.00364" lon="8.31648" /><trkpt lat="46.00362" lon="8.31757" /><trkpt lat="46.00356" lon="8.31854" /><trkpt lat="46.00345" lon="8.3195" /><trkpt lat="46.0033" lon="8.32025" /><trkpt lat="46.00322" lon="8.32073" /><trkpt lat="46.0031" lon="8.32165" /><trkpt lat="46.00275" lon="8.32401" /><trkpt lat="46.00233" lon="8.32708" /><trkpt lat="46.00201" lon="8.32938" /><trkpt lat="46.00194" lon="8.32985" /><trkpt lat="46.0019" lon="8.33015" /><trkpt lat="46.0018" lon="8.3309" /><trkpt lat="46.00158" lon="8.33238" /><trkpt lat="46.00147" lon="8.33349" /><trkpt lat="46.00145" lon="8.3336" /><trkpt lat="46.00118" lon="8.33545" /><trkpt lat="46.00098" lon="8.33683" /><trkpt lat="46.00083" lon="8.33763" /><trkpt lat="46.00069" lon="8.33828" /><trkpt lat="46.00039" lon="8.33954" /><trkpt lat="46.00011" lon="8.34065" /><trkpt lat="45.99986" lon="8.34166" /><trkpt lat="45.99932" lon="8.3438" /><trkpt lat="45.99869" lon="8.34628" /><trkpt lat="45.9982" lon="8.34824" /><trkpt lat="45.99766" lon="8.35032" /><trkpt lat="45.99739" lon="8.35145" /><trkpt lat="45.99731" lon="8.35178" /><trkpt lat="45.9972" lon="8.35222" /><trkpt lat="45.99677" lon="8.35395" /><trkpt lat="45.99604" lon="8.35683" /><trkpt lat="45.99511" lon="8.36048" /><trkpt lat="45.99488" lon="8.36138" /><trkpt lat="45.99462" lon="8.36258" /><trkpt lat="45.99443" lon="8.3637" /><trkpt lat="45.99393" lon="8.36638" /><trkpt lat="45.99385" lon="8.36698" /><trkpt lat="45.9938" lon="8.36751" /><trkpt lat="45.99378" lon="8.36792" /><trkpt lat="45.99375" lon="8.36851" /><trkpt lat="45.99372" lon="8.36966" /><trkpt lat="45.99373" lon="8.37171" /><trkpt lat="45.99374" lon="8.37394" /><trkpt lat="45.99375" lon="8.37474" /><trkpt lat="45.99375" lon="8.37606" /><trkpt lat="45.99375" lon="8.37674" /><trkpt lat="45.99375" lon="8.37691" /><trkpt lat="45.99376" lon="8.37745" /><trkpt lat="45.99378" lon="8.37814" /><trkpt lat="45.9938" lon="8.3787" /><trkpt lat="45.99385" lon="8.37967" /><trkpt lat="45.99398" lon="8.38166" /><trkpt lat="45.99415" lon="8.38408" /><trkpt lat="45.99432" lon="8.38619" /><trkpt lat="45.9944" lon="8.38737" /><trkpt lat="45.99443" lon="8.38778" /><trkpt lat="45.99466" lon="8.39105" /><trkpt lat="45.99472" lon="8.39229" /><trkpt lat="45.99471" lon="8.39278" /><trkpt lat="45.99466" lon="8.39386" /><trkpt lat="45.99456" lon="8.39463" /><trkpt lat="45.99442" lon="8.39532" /><trkpt lat="45.9943" lon="8.39591" /><trkpt lat="45.99415" lon="8.39641" /><trkpt lat="45.99401" lon="8.39688" /><trkpt lat="45.99376" lon="8.39758" /><trkpt lat="45.99273" lon="8.40044" /><trkpt lat="45.99199" lon="8.40246" /><trkpt lat="45.9916" lon="8.40353" /><trkpt lat="45.99049" lon="8.40659" /><trkpt lat="45.99003" lon="8.40786" /><trkpt lat="45.98991" lon="8.40816" /><trkpt lat="45.98946" lon="8.40939" /><trkpt lat="45.98922" lon="8.40993" /><trkpt lat="45.98884" lon="8.41064" /><trkpt lat="45.9886" lon="8.41105" /><trkpt lat="45.98836" lon="8.4114" /><trkpt lat="45.98817" lon="8.41163" /><trkpt lat="45.98766" lon="8.41217" /><trkpt lat="45.9875" lon="8.41231" /><trkpt lat="45.98725" lon="8.41249" /><trkpt lat="45.98679" lon="8.41277" /><trkpt lat="45.98652" lon="8.41292" /><trkpt lat="45.98608" lon="8.41309" /><trkpt lat="45.98562" lon="8.41325" /><trkpt lat="45.98512" lon="8.41338" /><trkpt lat="45.98499" lon="8.41341" /><trkpt lat="45.98427" lon="8.41359" /><trkpt lat="45.9836" lon="8.41381" /><trkpt lat="45.98297" lon="8.41408" /><trkpt lat="45.98248" lon="8.41439" /><trkpt lat="45.98208" lon="8.41467" /><trkpt lat="45.98142" lon="8.41524" /><trkpt lat="45.98108" lon="8.41563" /><trkpt lat="45.97972" lon="8.41721" /><trkpt lat="45.97839" lon="8.41878" /><trkpt lat="45.97705" lon="8.42036" /><trkpt lat="45.97685" lon="8.4206" /><trkpt lat="45.97646" lon="8.42115" /><trkpt lat="45.97624" lon="8.42149" /><trkpt lat="45.97592" lon="8.42201" /><trkpt lat="45.97579" lon="8.42228" /><trkpt lat="45.97558" lon="8.42266" /><trkpt lat="45.97555" lon="8.42271" /><trkpt lat="45.97549" lon="8.42283" /><trkpt lat="45.97492" lon="8.42385" /><trkpt lat="45.97468" lon="8.42429" /><trkpt lat="45.97465" lon="8.42436" /><trkpt lat="45.97461" lon="8.42445" /><trkpt lat="45.97414" lon="8.42522" /><trkpt lat="45.97383" lon="8.4257" /><trkpt lat="45.97348" lon="8.42617" /><trkpt lat="45.97335" lon="8.4263" /><trkpt lat="45.97271" lon="8.42702" /><trkpt lat="45.97247" lon="8.42726" /><trkpt lat="45.97162" lon="8.42801" /><trkpt lat="45.97016" lon="8.42922" /><trkpt lat="45.96932" lon="8.4299" /><trkpt lat="45.96842" lon="8.43064" /><trkpt lat="45.96754" lon="8.43134" /><trkpt lat="45.96671" lon="8.43203" /><trkpt lat="45.96616" lon="8.43252" /><trkpt lat="45.96587" lon="8.4328" /><trkpt lat="45.96535" lon="8.43338" /><trkpt lat="45.96502" lon="8.43379" /><trkpt lat="45.9644" lon="8.43464" /><trkpt lat="45.96424" lon="8.43492" /><trkpt lat="45.96377" lon="8.43573" /><trkpt lat="45.96353" lon="8.43623" /><trkpt lat="45.96295" lon="8.43752" /><trkpt lat="45.96225" lon="8.4391" /><trkpt lat="45.96154" lon="8.44071" /><trkpt lat="45.96139" lon="8.44103" /><trkpt lat="45.96089" lon="8.44217" /><trkpt lat="45.96083" lon="8.4423" /><trkpt lat="45.96035" lon="8.44331" /><trkpt lat="45.96029" lon="8.44346" /><trkpt lat="45.96017" lon="8.44374" /><trkpt lat="45.95982" lon="8.44444" /><trkpt lat="45.95967" lon="8.44477" /><trkpt lat="45.9596" lon="8.44494" /><trkpt lat="45.95948" lon="8.44521" /><trkpt lat="45.95924" lon="8.44589" /><trkpt lat="45.95911" lon="8.44634" /><trkpt lat="45.95901" lon="8.44673" /><trkpt lat="45.95852" lon="8.44956" /><trkpt lat="45.95822" lon="8.45069" /><trkpt lat="45.95806" lon="8.45112" /><trkpt lat="45.95785" lon="8.45165" /><trkpt lat="45.95755" lon="8.45221" /><trkpt lat="45.95729" lon="8.4527" /><trkpt lat="45.95632" lon="8.4545" /><trkpt lat="45.95548" lon="8.45597" /><trkpt lat="45.95452" lon="8.45747" /><trkpt lat="45.95336" lon="8.4589" /><trkpt lat="45.95259" lon="8.45967" /><trkpt lat="45.95206" lon="8.4603" /><trkpt lat="45.9514" lon="8.46103" /><trkpt lat="45.95019" lon="8.46255" /><trkpt lat="45.94972" lon="8.46315" /><trkpt lat="45.94941" lon="8.46359" /><trkpt lat="45.94911" lon="8.46415" /><trkpt lat="45.94884" lon="8.46478" /><trkpt lat="45.94864" lon="8.46538" /><trkpt lat="45.94847" lon="8.4659" /><trkpt lat="45.94827" lon="8.46672" /><trkpt lat="45.94812" lon="8.46727" /><trkpt lat="45.94794" lon="8.46779" /><trkpt lat="45.94775" lon="8.46832" /><trkpt lat="45.94751" lon="8.46887" /><trkpt lat="45.94746" lon="8.46895" /><trkpt lat="45.94711" lon="8.46966" /><trkpt lat="45.94662" lon="8.47033" /><trkpt lat="45.94624" lon="8.47076" /><trkpt lat="45.94616" lon="8.47086" /><trkpt lat="45.94611" lon="8.47091" /><trkpt lat="45.94581" lon="8.47123" /><trkpt lat="45.94552" lon="8.47148" /><trkpt lat="45.94492" lon="8.47187" /><trkpt lat="45.94482" lon="8.47193" /><trkpt lat="45.94451" lon="8.47208" /><trkpt lat="45.94427" lon="8.47216" /><trkpt lat="45.94397" lon="8.47225" /><trkpt lat="45.94382" lon="8.47228" /><trkpt lat="45.94348" lon="8.47234" /><trkpt lat="45.94313" lon="8.47238" /><trkpt lat="45.94286" lon="8.4724" /><trkpt lat="45.94256" lon="8.47242" /><trkpt lat="45.9421" lon="8.47245" /><trkpt lat="45.94165" lon="8.47257" /><trkpt lat="45.94141" lon="8.47259" /><trkpt lat="45.94006" lon="8.47273" /><trkpt lat="45.93912" lon="8.47281" /><trkpt lat="45.93819" lon="8.47291" /><trkpt lat="45.93688" lon="8.47303" /><trkpt lat="45.93551" lon="8.47316" /><trkpt lat="45.93492" lon="8.47322" /><trkpt lat="45.93432" lon="8.47328" /><trkpt lat="45.93294" lon="8.47341" /><trkpt lat="45.93155" lon="8.47354" /><trkpt lat="45.93054" lon="8.47366" /><trkpt lat="45.93005" lon="8.47376" /><trkpt lat="45.92963" lon="8.47391" /><trkpt lat="45.92937" lon="8.47402" /><trkpt lat="45.92873" lon="8.47439" /><trkpt lat="45.92824" lon="8.47476" /><trkpt lat="45.92794" lon="8.47505" /><trkpt lat="45.9276" lon="8.47542" /><trkpt lat="45.92736" lon="8.47574" /><trkpt lat="45.92713" lon="8.47604" /><trkpt lat="45.92693" lon="8.47637" /><trkpt lat="45.92675" lon="8.4767" /><trkpt lat="45.92655" lon="8.47714" /><trkpt lat="45.92637" lon="8.47757" /><trkpt lat="45.92621" lon="8.478" /><trkpt lat="45.92605" lon="8.47853" /><trkpt lat="45.92593" lon="8.47903" /><trkpt lat="45.92582" lon="8.47956" /><trkpt lat="45.92575" lon="8.47998" /><trkpt lat="45.92569" lon="8.48045" /><trkpt lat="45.92565" lon="8.48097" /><trkpt lat="45.92554" lon="8.48233" /><trkpt lat="45.92549" lon="8.48288" /><trkpt lat="45.92545" lon="8.48324" /><trkpt lat="45.92539" lon="8.48371" /><trkpt lat="45.92533" lon="8.48409" /><trkpt lat="45.92525" lon="8.48457" /><trkpt lat="45.92515" lon="8.48505" /><trkpt lat="45.92503" lon="8.48559" /><trkpt lat="45.9249" lon="8.48603" /><trkpt lat="45.92477" lon="8.48646" /><trkpt lat="45.92462" lon="8.48691" /><trkpt lat="45.92444" lon="8.48739" /><trkpt lat="45.92426" lon="8.48781" /><trkpt lat="45.92402" lon="8.4883" /><trkpt lat="45.92381" lon="8.48871" /><trkpt lat="45.9236" lon="8.48908" /><trkpt lat="45.92328" lon="8.48957" /><trkpt lat="45.92286" lon="8.49018" /><trkpt lat="45.92233" lon="8.49089" /><trkpt lat="45.92158" lon="8.4919" /><trkpt lat="45.92082" lon="8.49289" /><trkpt lat="45.92036" lon="8.49339" /><trkpt lat="45.9199" lon="8.49384" /><trkpt lat="45.91933" lon="8.49433" /><trkpt lat="45.91877" lon="8.49477" /><trkpt lat="45.91765" lon="8.49567" /><trkpt lat="45.91617" lon="8.49687" /><trkpt lat="45.91533" lon="8.49759" /><trkpt lat="45.9148" lon="8.49807" /><trkpt lat="45.91394" lon="8.49893" /><trkpt lat="45.9135" lon="8.49941" /><trkpt lat="45.91309" lon="8.49983" /><trkpt lat="45.91298" lon="8.49996" /><trkpt lat="45.91267" lon="8.50025" /><trkpt lat="45.91252" lon="8.50039" /><trkpt lat="45.91206" lon="8.50076" /><trkpt lat="45.91178" lon="8.50095" /><trkpt lat="45.91111" lon="8.50137" /><trkpt lat="45.91079" lon="8.50156" /><trkpt lat="45.91044" lon="8.50172" /><trkpt lat="45.91007" lon="8.50189" /><trkpt lat="45.90972" lon="8.50202" /><trkpt lat="45.9092" lon="8.50218" /><trkpt lat="45.90884" lon="8.50228" /><trkpt lat="45.90857" lon="8.50235" /><trkpt lat="45.90748" lon="8.5026" /><trkpt lat="45.90684" lon="8.50276" /><trkpt lat="45.90615" lon="8.50287" /><trkpt lat="45.90463" lon="8.50313" /><trkpt lat="45.90441" lon="8.50317" /><trkpt lat="45.90411" lon="8.50326" /><trkpt lat="45.9038" lon="8.50337" /><trkpt lat="45.90344" lon="8.50354" /><trkpt lat="45.90317" lon="8.50371" /><trkpt lat="45.90289" lon="8.50392" /><trkpt lat="45.90259" lon="8.5042" /><trkpt lat="45.90231" lon="8.50453" /><trkpt lat="45.90206" lon="8.50485" /><trkpt lat="45.9018" lon="8.50526" /><trkpt lat="45.90156" lon="8.50569" /><trkpt lat="45.9014" lon="8.50604" /><trkpt lat="45.9001" lon="8.50909" /><trkpt lat="45.89984" lon="8.50964" /><trkpt lat="45.89952" lon="8.5103" /><trkpt lat="45.89932" lon="8.51063" /><trkpt lat="45.89911" lon="8.51096" /><trkpt lat="45.89847" lon="8.51173" /><trkpt lat="45.8976" lon="8.51256" /><trkpt lat="45.89681" lon="8.51328" /><trkpt lat="45.89553" lon="8.51446" /><trkpt lat="45.89525" lon="8.5147" /><trkpt lat="45.89491" lon="8.51495" /><trkpt lat="45.89463" lon="8.51514" /><trkpt lat="45.89429" lon="8.51532" /><trkpt lat="45.89384" lon="8.5155" /><trkpt lat="45.89328" lon="8.51569" /><trkpt lat="45.89244" lon="8.51592" /><trkpt lat="45.89195" lon="8.51607" /><trkpt lat="45.8915" lon="8.51625" /><trkpt lat="45.89129" lon="8.51635" /><trkpt lat="45.89109" lon="8.51649" /><trkpt lat="45.89105" lon="8.51652" /><trkpt lat="45.89088" lon="8.51664" /><trkpt lat="45.89067" lon="8.51683" /><trkpt lat="45.89045" lon="8.51706" /><trkpt lat="45.89025" lon="8.51728" /><trkpt lat="45.89006" lon="8.51754" /><trkpt lat="45.88987" lon="8.51784" /><trkpt lat="45.88955" lon="8.51841" /><trkpt lat="45.88925" lon="8.51899" /><trkpt lat="45.88895" lon="8.51972" /><trkpt lat="45.88869" lon="8.5205" /><trkpt lat="45.88753" lon="8.52473" /><trkpt lat="45.88737" lon="8.52514" /><trkpt lat="45.88733" lon="8.52528" /><trkpt lat="45.88726" lon="8.52558" /><trkpt lat="45.88719" lon="8.52581" /><trkpt lat="45.88714" lon="8.52599" /><trkpt lat="45.88708" lon="8.52621" /><trkpt lat="45.88679" lon="8.52709" /><trkpt lat="45.88665" lon="8.52746" /><trkpt lat="45.88644" lon="8.52796" /><trkpt lat="45.88626" lon="8.52832" /><trkpt lat="45.8861" lon="8.52861" /><trkpt lat="45.88531" lon="8.53004" /><trkpt lat="45.8844" lon="8.53164" /><trkpt lat="45.88382" lon="8.53266" /><trkpt lat="45.88368" lon="8.5329" /><trkpt lat="45.88349" lon="8.53325" /><trkpt lat="45.88347" lon="8.53328" /><trkpt lat="45.88294" lon="8.53427" /><trkpt lat="45.88229" lon="8.53561" /><trkpt lat="45.88168" lon="8.53691" /><trkpt lat="45.88102" lon="8.53844" /><trkpt lat="45.88083" lon="8.53897" /><trkpt lat="45.88066" lon="8.53953" /><trkpt lat="45.88058" lon="8.53988" /><trkpt lat="45.88056" lon="8.53993" /><trkpt lat="45.88046" lon="8.54037" /><trkpt lat="45.88037" lon="8.54085" /><trkpt lat="45.88028" lon="8.54137" /><trkpt lat="45.88022" lon="8.54187" /><trkpt lat="45.88016" lon="8.54238" /><trkpt lat="45.88012" lon="8.54294" /><trkpt lat="45.88009" lon="8.54364" /><trkpt lat="45.88002" lon="8.54767" /><trkpt lat="45.88002" lon="8.5484" /><trkpt lat="45.88" lon="8.54915" /><trkpt lat="45.87996" lon="8.54983" /><trkpt lat="45.87989" lon="8.55052" /><trkpt lat="45.87978" lon="8.55121" /><trkpt lat="45.87968" lon="8.5517" /><trkpt lat="45.87956" lon="8.55219" /><trkpt lat="45.87943" lon="8.55264" /><trkpt lat="45.87927" lon="8.55314" /><trkpt lat="45.87903" lon="8.55379" /><trkpt lat="45.87887" lon="8.55419" /><trkpt lat="45.87862" lon="8.55476" /><trkpt lat="45.8784" lon="8.55518" /><trkpt lat="45.87814" lon="8.5556" /><trkpt lat="45.8779" lon="8.55593" /><trkpt lat="45.87763" lon="8.55628" /><trkpt lat="45.87736" lon="8.55659" /><trkpt lat="45.87696" lon="8.557" /><trkpt lat="45.87594" lon="8.55789" /><trkpt lat="45.87524" lon="8.55858" /><trkpt lat="45.8743" lon="8.55966" /><trkpt lat="45.87337" lon="8.56078" /><trkpt lat="45.87285" lon="8.56125" /><trkpt lat="45.87124" lon="8.56228" /><trkpt lat="45.87062" lon="8.56273" /><trkpt lat="45.86999" lon="8.56326" /><trkpt lat="45.86951" lon="8.56368" /><trkpt lat="45.86878" lon="8.56424" /><trkpt lat="45.86847" lon="8.56442" /><trkpt lat="45.86813" lon="8.56461" /><trkpt lat="45.86788" lon="8.56472" /><trkpt lat="45.86738" lon="8.56487" /><trkpt lat="45.86632" lon="8.56513" /><trkpt lat="45.86336" lon="8.56587" /><trkpt lat="45.86263" lon="8.56613" /><trkpt lat="45.86136" lon="8.56659" /><trkpt lat="45.86085" lon="8.56674" /><trkpt lat="45.86032" lon="8.56682" /><trkpt lat="45.85899" lon="8.5669" /><trkpt lat="45.85752" lon="8.56698" /><trkpt lat="45.8572" lon="8.56701" /><trkpt lat="45.85689" lon="8.56707" /><trkpt lat="45.85656" lon="8.56716" /><trkpt lat="45.85624" lon="8.56726" /><trkpt lat="45.85465" lon="8.56778" /><trkpt lat="45.85281" lon="8.56837" /><trkpt lat="45.85136" lon="8.56878" /><trkpt lat="45.85025" lon="8.5691" /><trkpt lat="45.85022" lon="8.56912" /><trkpt lat="45.84912" lon="8.56947" /><trkpt lat="45.84851" lon="8.56969" /><trkpt lat="45.84789" lon="8.56994" /><trkpt lat="45.84729" lon="8.57015" /><trkpt lat="45.84679" lon="8.57029" /><trkpt lat="45.84607" lon="8.57046" /><trkpt lat="45.84523" lon="8.57063" /><trkpt lat="45.84493" lon="8.57068" /><trkpt lat="45.84334" lon="8.57088" /><trkpt lat="45.84285" lon="8.57092" /><trkpt lat="45.842" lon="8.57102" /><trkpt lat="45.84137" lon="8.57107" /><trkpt lat="45.84106" lon="8.57109" /><trkpt lat="45.84067" lon="8.57107" /><trkpt lat="45.84023" lon="8.57101" /><trkpt lat="45.83995" lon="8.57094" /><trkpt lat="45.83965" lon="8.57084" /><trkpt lat="45.8392" lon="8.57064" /><trkpt lat="45.83846" lon="8.57022" /><trkpt lat="45.83788" lon="8.5699" /><trkpt lat="45.83674" lon="8.56925" /><trkpt lat="45.83585" lon="8.56867" /><trkpt lat="45.8347" lon="8.56785" /><trkpt lat="45.83412" lon="8.56743" /><trkpt lat="45.83362" lon="8.56702" /><trkpt lat="45.83337" lon="8.5668" /><trkpt lat="45.83313" lon="8.56657" /><trkpt lat="45.83271" lon="8.56611" /><trkpt lat="45.8323" lon="8.56563" /><trkpt lat="45.83167" lon="8.56476" /><trkpt lat="45.83104" lon="8.56388" /><trkpt lat="45.83051" lon="8.56313" /><trkpt lat="45.83006" lon="8.56253" /><trkpt lat="45.8298" lon="8.56222" /><trkpt lat="45.82952" lon="8.56192" /><trkpt lat="45.82925" lon="8.56167" /><trkpt lat="45.82899" lon="8.56146" /><trkpt lat="45.82838" lon="8.56103" /><trkpt lat="45.82776" lon="8.56064" /><trkpt lat="45.82724" lon="8.56028" /><trkpt lat="45.82678" lon="8.55993" /><trkpt lat="45.82651" lon="8.55968" /><trkpt lat="45.82619" lon="8.55935" /><trkpt lat="45.82602" lon="8.55915" /><trkpt lat="45.82574" lon="8.55878" /><trkpt lat="45.82552" lon="8.55847" /><trkpt lat="45.82531" lon="8.55815" /><trkpt lat="45.82507" lon="8.55773" /><trkpt lat="45.82485" lon="8.55729" /><trkpt lat="45.82417" lon="8.55566" /><trkpt lat="45.82407" lon="8.55538" /><trkpt lat="45.82366" lon="8.55431" /><trkpt lat="45.82333" lon="8.55364" /><trkpt lat="45.82311" lon="8.55326" /><trkpt lat="45.8229" lon="8.55292" /><trkpt lat="45.82262" lon="8.55255" /><trkpt lat="45.82234" lon="8.55221" /><trkpt lat="45.8216" lon="8.55141" /><trkpt lat="45.82085" lon="8.55062" /><trkpt lat="45.81936" lon="8.54907" /><trkpt lat="45.81718" lon="8.54685" /><trkpt lat="45.81612" lon="8.54583" /><trkpt lat="45.81553" lon="8.54526" /><trkpt lat="45.81508" lon="8.54483" /><trkpt lat="45.81418" lon="8.54393" /><trkpt lat="45.8137" lon="8.5435" /><trkpt lat="45.81306" lon="8.54302" /><trkpt lat="45.81255" lon="8.54269" /><trkpt lat="45.81203" lon="8.5424" /><trkpt lat="45.8108" lon="8.54179" /><trkpt lat="45.80935" lon="8.54107" /><trkpt lat="45.80791" lon="8.54036" /><trkpt lat="45.80714" lon="8.53997" /><trkpt lat="45.80675" lon="8.53974" /><trkpt lat="45.80636" lon="8.53949" /><trkpt lat="45.80507" lon="8.53852" /><trkpt lat="45.80391" lon="8.53766" /><trkpt lat="45.80357" lon="8.5374" /><trkpt lat="45.80315" lon="8.53714" /><trkpt lat="45.80264" lon="8.53688" /><trkpt lat="45.80222" lon="8.53671" /><trkpt lat="45.80125" lon="8.53636" /><trkpt lat="45.8008" lon="8.53621" /><trkpt lat="45.80033" lon="8.53609" /><trkpt lat="45.79982" lon="8.536" /><trkpt lat="45.7993" lon="8.53596" /><trkpt lat="45.79889" lon="8.53594" /><trkpt lat="45.79838" lon="8.53596" /><trkpt lat="45.79749" lon="8.53597" /><trkpt lat="45.79662" lon="8.53593" /><trkpt lat="45.79571" lon="8.53574" /><trkpt lat="45.79446" lon="8.5355" /><trkpt lat="45.79373" lon="8.53537" /><trkpt lat="45.79327" lon="8.53531" /><trkpt lat="45.7928" lon="8.53527" /><trkpt lat="45.79252" lon="8.53529" /><trkpt lat="45.79224" lon="8.53533" /><trkpt lat="45.79194" lon="8.53539" /><trkpt lat="45.79164" lon="8.53548" /><trkpt lat="45.7912" lon="8.53565" /><trkpt lat="45.79112" lon="8.53569" /><trkpt lat="45.79076" lon="8.53587" /><trkpt lat="45.79043" lon="8.53607" /><trkpt lat="45.79033" lon="8.53613" /><trkpt lat="45.7899" lon="8.53647" /><trkpt lat="45.78817" lon="8.53779" /><trkpt lat="45.78786" lon="8.53796" /><trkpt lat="45.78755" lon="8.53811" /><trkpt lat="45.78722" lon="8.53822" /><trkpt lat="45.77887" lon="8.54061" /><trkpt lat="45.77843" lon="8.54075" /><trkpt lat="45.77801" lon="8.54093" /><trkpt lat="45.77762" lon="8.54115" /><trkpt lat="45.77726" lon="8.54142" /><trkpt lat="45.77681" lon="8.54176" /><trkpt lat="45.77603" lon="8.54233" /><trkpt lat="45.77567" lon="8.54257" /><trkpt lat="45.77524" lon="8.5428" /><trkpt lat="45.77417" lon="8.54336" /><trkpt lat="45.77279" lon="8.54408" /><trkpt lat="45.77251" lon="8.54426" /><trkpt lat="45.77217" lon="8.54449" /><trkpt lat="45.77182" lon="8.54481" /><trkpt lat="45.77133" lon="8.54531" /><trkpt lat="45.77073" lon="8.546" /><trkpt lat="45.77003" lon="8.54694" /><trkpt lat="45.76897" lon="8.54863" /><trkpt lat="45.76799" lon="8.55013" /><trkpt lat="45.76752" lon="8.55089" /><trkpt lat="45.76705" lon="8.55164" /><trkpt lat="45.76674" lon="8.55208" /><trkpt lat="45.76643" lon="8.55246" /><trkpt lat="45.76609" lon="8.55278" /><trkpt lat="45.76573" lon="8.55302" /><trkpt lat="45.76533" lon="8.55322" /><trkpt lat="45.7649" lon="8.55333" /><trkpt lat="45.76339" lon="8.55363" /><trkpt lat="45.76151" lon="8.554" /><trkpt lat="45.76129" lon="8.55405" /><trkpt lat="45.76094" lon="8.55417" /><trkpt lat="45.76024" lon="8.55449" /><trkpt lat="45.7599" lon="8.55472" /><trkpt lat="45.75938" lon="8.5551" /><trkpt lat="45.75898" lon="8.55546" /><trkpt lat="45.75859" lon="8.55586" /><trkpt lat="45.7581" lon="8.55635" /><trkpt lat="45.75803" lon="8.55644" /><trkpt lat="45.75767" lon="8.55684" /><trkpt lat="45.75761" lon="8.5569" /><trkpt lat="45.75717" lon="8.55735" /><trkpt lat="45.75694" lon="8.5576" /><trkpt lat="45.75685" lon="8.55768" /><trkpt lat="45.75677" lon="8.55777" /><trkpt lat="45.75617" lon="8.55831" /><trkpt lat="45.75542" lon="8.55909" /><trkpt lat="45.75462" lon="8.55991" /><trkpt lat="45.75435" lon="8.56018" /><trkpt lat="45.75404" lon="8.56048" /><trkpt lat="45.75341" lon="8.56102" /><trkpt lat="45.7529" lon="8.56139" /><trkpt lat="45.75217" lon="8.5619" /><trkpt lat="45.75162" lon="8.56226" /><trkpt lat="45.75131" lon="8.56247" /><trkpt lat="45.751" lon="8.56269" /><trkpt lat="45.75068" lon="8.56291" /><trkpt lat="45.75052" lon="8.56302" /><trkpt lat="45.75049" lon="8.56303" /><trkpt lat="45.75042" lon="8.56309" /><trkpt lat="45.7498" lon="8.5635" /><trkpt lat="45.74951" lon="8.56366" /><trkpt lat="45.74921" lon="8.56379" /><trkpt lat="45.74873" lon="8.56397" /><trkpt lat="45.74807" lon="8.56412" /><trkpt lat="45.7474" lon="8.56417" /><trkpt lat="45.74726" lon="8.56418" /><trkpt lat="45.7471" lon="8.56419" /><trkpt lat="45.74656" lon="8.56423" /><trkpt lat="45.74617" lon="8.5643" /><trkpt lat="45.74577" lon="8.56441" /><trkpt lat="45.74515" lon="8.56463" /><trkpt lat="45.74484" lon="8.56478" /><trkpt lat="45.74453" lon="8.56494" /><trkpt lat="45.74417" lon="8.56516" /><trkpt lat="45.74381" lon="8.56542" /><trkpt lat="45.7432" lon="8.56592" /><trkpt lat="45.74259" lon="8.56646" /><trkpt lat="45.74156" lon="8.56735" /><trkpt lat="45.74052" lon="8.56826" /><trkpt lat="45.73898" lon="8.56959" /><trkpt lat="45.73744" lon="8.57092" /><trkpt lat="45.73644" lon="8.5718" /><trkpt lat="45.73544" lon="8.57268" /><trkpt lat="45.73461" lon="8.57338" /><trkpt lat="45.73412" lon="8.57373" /><trkpt lat="45.73362" lon="8.57402" /><trkpt lat="45.73133" lon="8.57514" /><trkpt lat="45.73089" lon="8.57538" /><trkpt lat="45.73044" lon="8.57564" /><trkpt lat="45.73" lon="8.57595" /><trkpt lat="45.72957" lon="8.57631" /><trkpt lat="45.72878" lon="8.57703" /><trkpt lat="45.72799" lon="8.57777" /><trkpt lat="45.72709" lon="8.57866" /><trkpt lat="45.72617" lon="8.57956" /><trkpt lat="45.72533" lon="8.58036" /><trkpt lat="45.72499" lon="8.58067" /><trkpt lat="45.72463" lon="8.58095" /><trkpt lat="45.72327" lon="8.58196" /><trkpt lat="45.72284" lon="8.58228" /><trkpt lat="45.72242" lon="8.58261" /><trkpt lat="45.72198" lon="8.583" /><trkpt lat="45.72123" lon="8.58356" /><trkpt lat="45.7208" lon="8.58391" /><trkpt lat="45.72034" lon="8.58431" /><trkpt lat="45.71983" lon="8.58488" /><trkpt lat="45.71959" lon="8.58519" /><trkpt lat="45.71937" lon="8.58553" /><trkpt lat="45.71915" lon="8.58592" /><trkpt lat="45.71894" lon="8.58632" /><trkpt lat="45.71867" lon="8.58688" /><trkpt lat="45.7185" lon="8.5873" /><trkpt lat="45.71824" lon="8.58809" /><trkpt lat="45.71805" lon="8.58891" /><trkpt lat="45.71798" lon="8.58931" /><trkpt lat="45.71793" lon="8.58971" /><trkpt lat="45.71788" lon="8.59018" /><trkpt lat="45.71785" lon="8.59064" /><trkpt lat="45.71783" lon="8.59112" /><trkpt lat="45.71783" lon="8.59159" /><trkpt lat="45.71787" lon="8.59254" /><trkpt lat="45.71796" lon="8.59376" /><trkpt lat="45.71804" lon="8.59504" /><trkpt lat="45.7182" lon="8.59755" /><trkpt lat="45.71828" lon="8.5988" /><trkpt lat="45.71836" lon="8.60004" /><trkpt lat="45.71851" lon="8.60254" /><trkpt lat="45.71879" lon="8.60689" /><trkpt lat="45.71896" lon="8.6096" /><trkpt lat="45.71899" lon="8.61034" /><trkpt lat="45.71898" lon="8.61108" /><trkpt lat="45.7189" lon="8.61239" /><trkpt lat="45.71876" lon="8.61434" /><trkpt lat="45.71861" lon="8.61565" /><trkpt lat="45.71847" lon="8.61648" /><trkpt lat="45.71837" lon="8.61695" /><trkpt lat="45.7183" lon="8.61724" /><trkpt lat="45.71808" lon="8.61809" /><trkpt lat="45.71771" lon="8.61949" /><trkpt lat="45.71759" lon="8.62" /><trkpt lat="45.71752" lon="8.62047" /><trkpt lat="45.71747" lon="8.62108" /><trkpt lat="45.71747" lon="8.62178" /><trkpt lat="45.7175" lon="8.62212" /><trkpt lat="45.71755" lon="8.62248" /><trkpt lat="45.71766" lon="8.62303" /><trkpt lat="45.71778" lon="8.62356" /><trkpt lat="45.71794" lon="8.62407" /><trkpt lat="45.7182" lon="8.62464" /><trkpt lat="45.71858" lon="8.62527" /><trkpt lat="45.71889" lon="8.62562" /><trkpt lat="45.71913" lon="8.62588" /><trkpt lat="45.71955" lon="8.62624" /><trkpt lat="45.72004" lon="8.62654" /><trkpt lat="45.72089" lon="8.62683" /><trkpt lat="45.72108" lon="8.62688" /><trkpt lat="45.72117" lon="8.6269" /><trkpt lat="45.72138" lon="8.62696" /><trkpt lat="45.7238" lon="8.6276" /><trkpt lat="45.72401" lon="8.62766" /><trkpt lat="45.72435" lon="8.62777" /><trkpt lat="45.7248" lon="8.62789" /><trkpt lat="45.72503" lon="8.62796" /><trkpt lat="45.72537" lon="8.62808" /><trkpt lat="45.72554" lon="8.62813" /><trkpt lat="45.72573" lon="8.62823" /><trkpt lat="45.72603" lon="8.62839" /><trkpt lat="45.72608" lon="8.62843" /><trkpt lat="45.7261" lon="8.62844" /><trkpt lat="45.72627" lon="8.62856" /><trkpt lat="45.72639" lon="8.62865" /><trkpt lat="45.72663" lon="8.62888" /><trkpt lat="45.7267" lon="8.62895" /><trkpt lat="45.72702" lon="8.62935" /><trkpt lat="45.72735" lon="8.62983" /><trkpt lat="45.72756" lon="8.63029" /><trkpt lat="45.72773" lon="8.63076" /><trkpt lat="45.72799" lon="8.63164" /><trkpt lat="45.72807" lon="8.63189" /><trkpt lat="45.72815" lon="8.6322" /><trkpt lat="45.72835" lon="8.63305" /><trkpt lat="45.72844" lon="8.63351" /><trkpt lat="45.72846" lon="8.63372" /><trkpt lat="45.72847" lon="8.63387" /><trkpt lat="45.72848" lon="8.6342" /><trkpt lat="45.72848" lon="8.63458" /><trkpt lat="45.72846" lon="8.63496" /><trkpt lat="45.72842" lon="8.63535" /><trkpt lat="45.72836" lon="8.63573" /><trkpt lat="45.72816" lon="8.63667" /><trkpt lat="45.72789" lon="8.63795" /><trkpt lat="45.7278" lon="8.63837" /><trkpt lat="45.72769" lon="8.63909" /><trkpt lat="45.72761" lon="8.63946" /><trkpt lat="45.72727" lon="8.64112" /><trkpt lat="45.72683" lon="8.64326" /><trkpt lat="45.72622" lon="8.64619" /><trkpt lat="45.7261" lon="8.64686" /><trkpt lat="45.72601" lon="8.64773" /><trkpt lat="45.72589" lon="8.64945" /><trkpt lat="45.72565" lon="8.65327" /><trkpt lat="45.72552" lon="8.65521" /><trkpt lat="45.72532" lon="8.65793" /><trkpt lat="45.72523" lon="8.65951" /><trkpt lat="45.72515" lon="8.66063" /><trkpt lat="45.72501" lon="8.66271" /><trkpt lat="45.72477" lon="8.66629" /><trkpt lat="45.72466" lon="8.66794" /><trkpt lat="45.72456" lon="8.66942" /><trkpt lat="45.72451" lon="8.67042" /><trkpt lat="45.72449" lon="8.67147" /><trkpt lat="45.7245" lon="8.67346" /><trkpt lat="45.72453" lon="8.67544" /><trkpt lat="45.72452" lon="8.67829" /><trkpt lat="45.7245" lon="8.67964" /><trkpt lat="45.7244" lon="8.68111" /><trkpt lat="45.72426" lon="8.68262" /><trkpt lat="45.72406" lon="8.68415" /><trkpt lat="45.72385" lon="8.68542" /><trkpt lat="45.72356" lon="8.68651" /><trkpt lat="45.72328" lon="8.68738" /><trkpt lat="45.72298" lon="8.68813" /><trkpt lat="45.7226" lon="8.68885" /><trkpt lat="45.72237" lon="8.68925" /><trkpt lat="45.72202" lon="8.68978" /><trkpt lat="45.72174" lon="8.69013" /><trkpt lat="45.72155" lon="8.69035" /><trkpt lat="45.72117" lon="8.69075" /><trkpt lat="45.72079" lon="8.69109" /><trkpt lat="45.72056" lon="8.69126" /><trkpt lat="45.72032" lon="8.69142" /><trkpt lat="45.72002" lon="8.69163" /><trkpt lat="45.71921" lon="8.69213" /><trkpt lat="45.71859" lon="8.69249" /><trkpt lat="45.71785" lon="8.69294" /><trkpt lat="45.71718" lon="8.69338" /><trkpt lat="45.71652" lon="8.69378" /><trkpt lat="45.71592" lon="8.69419" /><trkpt lat="45.71516" lon="8.69467" /><trkpt lat="45.7145" lon="8.69511" /><trkpt lat="45.71392" lon="8.69548" /><trkpt lat="45.71313" lon="8.69598" /><trkpt lat="45.71254" lon="8.69637" /><trkpt lat="45.71232" lon="8.6965" /><trkpt lat="45.71156" lon="8.69701" /><trkpt lat="45.7111" lon="8.69731" /><trkpt lat="45.71009" lon="8.69796" /><trkpt lat="45.70934" lon="8.69844" /><trkpt lat="45.7083" lon="8.69912" /><trkpt lat="45.70789" lon="8.69938" /><trkpt lat="45.70717" lon="8.69985" /><trkpt lat="45.7064" lon="8.70034" /><trkpt lat="45.70591" lon="8.70066" /><trkpt lat="45.70512" lon="8.70117" /><trkpt lat="45.70488" lon="8.70133" /><trkpt lat="45.70446" lon="8.7016" /><trkpt lat="45.70416" lon="8.70178" /><trkpt lat="45.70391" lon="8.70192" /><trkpt lat="45.70366" lon="8.70205" /><trkpt lat="45.70326" lon="8.70226" /><trkpt lat="45.70265" lon="8.70251" /><trkpt lat="45.70197" lon="8.70268" /><trkpt lat="45.70152" lon="8.70276" /><trkpt lat="45.70107" lon="8.70281" /><trkpt lat="45.70008" lon="8.70284" /><trkpt lat="45.6998" lon="8.70284" /><trkpt lat="45.69952" lon="8.70286" /><trkpt lat="45.69896" lon="8.70288" /><trkpt lat="45.69865" lon="8.70289" /><trkpt lat="45.69778" lon="8.7029" /><trkpt lat="45.697" lon="8.70292" /><trkpt lat="45.69607" lon="8.70291" /><trkpt lat="45.69545" lon="8.70292" /><trkpt lat="45.69469" lon="8.70294" /><trkpt lat="45.69439" lon="8.70295" /><trkpt lat="45.69389" lon="8.70302" /><trkpt lat="45.69362" lon="8.70307" /><trkpt lat="45.69334" lon="8.70314" /><trkpt lat="45.69285" lon="8.70331" /><trkpt lat="45.69253" lon="8.70344" /><trkpt lat="45.69224" lon="8.70359" /><trkpt lat="45.69198" lon="8.70374" /><trkpt lat="45.69155" lon="8.70401" /><trkpt lat="45.69105" lon="8.7044" /><trkpt lat="45.69066" lon="8.70476" /><trkpt lat="45.69052" lon="8.70491" /><trkpt lat="45.69039" lon="8.70504" /><trkpt lat="45.69016" lon="8.70531" /><trkpt lat="45.68977" lon="8.7058" /><trkpt lat="45.68953" lon="8.70615" /><trkpt lat="45.68935" lon="8.70643" /><trkpt lat="45.68925" lon="8.7066" /><trkpt lat="45.68903" lon="8.70701" /><trkpt lat="45.68879" lon="8.70747" /><trkpt lat="45.68863" lon="8.70783" /><trkpt lat="45.68844" lon="8.70824" /><trkpt lat="45.68801" lon="8.70931" /><trkpt lat="45.68779" lon="8.70985" /><trkpt lat="45.68768" lon="8.71012" /><trkpt lat="45.68758" lon="8.71041" /><trkpt lat="45.68753" lon="8.71053" /><trkpt lat="45.68732" lon="8.71098" /><trkpt lat="45.68691" lon="8.71198" /><trkpt lat="45.6861" lon="8.71394" /><trkpt lat="45.68572" lon="8.71483" /><trkpt lat="45.68451" lon="8.71768" /><trkpt lat="45.68434" lon="8.7181" /><trkpt lat="45.68417" lon="8.71842" /><trkpt lat="45.684" lon="8.7188" /><trkpt lat="45.68371" lon="8.71949" /><trkpt lat="45.683" lon="8.72106" /><trkpt lat="45.68175" lon="8.72404" /><trkpt lat="45.67915" lon="8.73022" /><trkpt lat="45.67895" lon="8.73076" /><trkpt lat="45.67859" lon="8.73182" /><trkpt lat="45.67836" lon="8.73264" /><trkpt lat="45.67811" lon="8.73361" /><trkpt lat="45.67762" lon="8.7354" /><trkpt lat="45.67726" lon="8.7367" /><trkpt lat="45.67621" lon="8.74057" /><trkpt lat="45.676" lon="8.74139" /><trkpt lat="45.67577" lon="8.74214" /><trkpt lat="45.67541" lon="8.74315" /><trkpt lat="45.67533" lon="8.74338" /><trkpt lat="45.67507" lon="8.74399" /><trkpt lat="45.67488" lon="8.74441" /><trkpt lat="45.67474" lon="8.74469" /><trkpt lat="45.67459" lon="8.74499" /><trkpt lat="45.67442" lon="8.74533" /><trkpt lat="45.67421" lon="8.7457" /><trkpt lat="45.67256" lon="8.74872" /><trkpt lat="45.67178" lon="8.75018" /><trkpt lat="45.67141" lon="8.75093" /><trkpt lat="45.67106" lon="8.75181" /><trkpt lat="45.67088" lon="8.75235" /><trkpt lat="45.67069" lon="8.75302" /><trkpt lat="45.67052" lon="8.75368" /><trkpt lat="45.67007" lon="8.75554" /><trkpt lat="45.66961" lon="8.7574" /><trkpt lat="45.6692" lon="8.75905" /><trkpt lat="45.6689" lon="8.76025" /><trkpt lat="45.66844" lon="8.76211" /><trkpt lat="45.66801" lon="8.76378" /><trkpt lat="45.66769" lon="8.76488" /><trkpt lat="45.66746" lon="8.76569" /><trkpt lat="45.66724" lon="8.76659" /><trkpt lat="45.66705" lon="8.76742" /><trkpt lat="45.66672" lon="8.76884" /><trkpt lat="45.66653" lon="8.76975" /><trkpt lat="45.66635" lon="8.77047" /><trkpt lat="45.66617" lon="8.7712" /><trkpt lat="45.66584" lon="8.77251" /><trkpt lat="45.66577" lon="8.77281" /><trkpt lat="45.66552" lon="8.77384" /><trkpt lat="45.66528" lon="8.77497" /><trkpt lat="45.66523" lon="8.77525" /><trkpt lat="45.66518" lon="8.77553" /><trkpt lat="45.66511" lon="8.77612" /><trkpt lat="45.66509" lon="8.77644" /><trkpt lat="45.66507" lon="8.77678" /><trkpt lat="45.66506" lon="8.77706" /><trkpt lat="45.66506" lon="8.77734" /><trkpt lat="45.66506" lon="8.77779" /><trkpt lat="45.66507" lon="8.77833" /><trkpt lat="45.6651" lon="8.77906" /><trkpt lat="45.66512" lon="8.77961" /><trkpt lat="45.66515" lon="8.78031" /><trkpt lat="45.66526" lon="8.78231" /><trkpt lat="45.66528" lon="8.78261" /><trkpt lat="45.66546" lon="8.78699" /><trkpt lat="45.66548" lon="8.78759" /><trkpt lat="45.66548" lon="8.78785" /><trkpt lat="45.66547" lon="8.78809" /><trkpt lat="45.66547" lon="8.78825" /><trkpt lat="45.66546" lon="8.78839" /><trkpt lat="45.66543" lon="8.7888" /><trkpt lat="45.6654" lon="8.78904" /><trkpt lat="45.66533" lon="8.78951" /><trkpt lat="45.66522" lon="8.79013" /><trkpt lat="45.66514" lon="8.79043" /><trkpt lat="45.66499" lon="8.79098" /><trkpt lat="45.66488" lon="8.7913" /><trkpt lat="45.6648" lon="8.79151" /><trkpt lat="45.66472" lon="8.79173" /><trkpt lat="45.66462" lon="8.79197" /><trkpt lat="45.66454" lon="8.79217" /><trkpt lat="45.66441" lon="8.79243" /><trkpt lat="45.66426" lon="8.7927" /><trkpt lat="45.66397" lon="8.79315" /><trkpt lat="45.66381" lon="8.79337" /><trkpt lat="45.66373" lon="8.79348" /><trkpt lat="45.66368" lon="8.79357" /><trkpt lat="45.66357" lon="8.79374" /><trkpt lat="45.66348" lon="8.7939" /><trkpt lat="45.6632" lon="8.7942" /><trkpt lat="45.66298" lon="8.79453" /><trkpt lat="45.66273" lon="8.79489" /><trkpt lat="45.6625" lon="8.79509" /><trkpt lat="45.66208" lon="8.79545" /><trkpt lat="45.66167" lon="8.79587" /><trkpt lat="45.66133" lon="8.79624" /><trkpt lat="45.66097" lon="8.79667" /><trkpt lat="45.66087" lon="8.79681" /><trkpt lat="45.66069" lon="8.79705" /><trkpt lat="45.66033" lon="8.79757" /><trkpt lat="45.65997" lon="8.79811" /><trkpt lat="45.6598" lon="8.79837" /><trkpt lat="45.65958" lon="8.7987" /><trkpt lat="45.65923" lon="8.79924" /><trkpt lat="45.65894" lon="8.79973" /><trkpt lat="45.65871" lon="8.80011" /><trkpt lat="45.65838" lon="8.80065" /><trkpt lat="45.6579" lon="8.80144" /><trkpt lat="45.6577" lon="8.80178" /><trkpt lat="45.65733" lon="8.80229" /><trkpt lat="45.65718" lon="8.80255" /><trkpt lat="45.65684" lon="8.80312" /><trkpt lat="45.65667" lon="8.80339" /><trkpt lat="45.65662" lon="8.80348" /><trkpt lat="45.65636" lon="8.80391" /><trkpt lat="45.65616" lon="8.80425" /><trkpt lat="45.65595" lon="8.80457" /><trkpt lat="45.6558" lon="8.8048" /><trkpt lat="45.65536" lon="8.80548" /><trkpt lat="45.65506" lon="8.80593" /><trkpt lat="45.65468" lon="8.80646" /><trkpt lat="45.65389" lon="8.80755" /><trkpt lat="45.65356" lon="8.80799" /><trkpt lat="45.65323" lon="8.80844" /><trkpt lat="45.65258" lon="8.80935" /><trkpt lat="45.65192" lon="8.81029" /><trkpt lat="45.65127" lon="8.81128" /><trkpt lat="45.65091" lon="8.81182" /><trkpt lat="45.65056" lon="8.81236" /><trkpt lat="45.64984" lon="8.81344" /><trkpt lat="45.64842" lon="8.81561" /><trkpt lat="45.64699" lon="8.81777" /><trkpt lat="45.64606" lon="8.81919" /><trkpt lat="45.64586" lon="8.81948" /><trkpt lat="45.64555" lon="8.81996" /><trkpt lat="45.64468" lon="8.82128" /><trkpt lat="45.6438" lon="8.82262" /><trkpt lat="45.64262" lon="8.82439" /><trkpt lat="45.64138" lon="8.82628" /><trkpt lat="45.63898" lon="8.82995" /><trkpt lat="45.63658" lon="8.83356" /><trkpt lat="45.63414" lon="8.83729" /><trkpt lat="45.63384" lon="8.83775" /><trkpt lat="45.63186" lon="8.84073" /><trkpt lat="45.63176" lon="8.8409" /><trkpt lat="45.63143" lon="8.8414" /><trkpt lat="45.63107" lon="8.84194" /><trkpt lat="45.63037" lon="8.84303" /><trkpt lat="45.62983" lon="8.84384" /><trkpt lat="45.62927" lon="8.84469" /><trkpt lat="45.62813" lon="8.84639" /><trkpt lat="45.62723" lon="8.8478" /><trkpt lat="45.62627" lon="8.84924" /><trkpt lat="45.62593" lon="8.84975" /><trkpt lat="45.6257" lon="8.8501" /><trkpt lat="45.62548" lon="8.85044" /><trkpt lat="45.62489" lon="8.85136" /><trkpt lat="45.62429" lon="8.8523" /><trkpt lat="45.62395" lon="8.85285" /><trkpt lat="45.62375" lon="8.85318" /><trkpt lat="45.6237" lon="8.85325" /><trkpt lat="45.62366" lon="8.8533" /><trkpt lat="45.62353" lon="8.8535" /><trkpt lat="45.62312" lon="8.85415" /><trkpt lat="45.62252" lon="8.85511" /><trkpt lat="45.62199" lon="8.85593" /><trkpt lat="45.62146" lon="8.85676" /><trkpt lat="45.62105" lon="8.85742" /><trkpt lat="45.6205" lon="8.85829" /><trkpt lat="45.62002" lon="8.85905" /><trkpt lat="45.61953" lon="8.85981" /><trkpt lat="45.61911" lon="8.86049" /><trkpt lat="45.61856" lon="8.86134" /><trkpt lat="45.61819" lon="8.86192" /><trkpt lat="45.61797" lon="8.86224" /><trkpt lat="45.61785" lon="8.86244" /><trkpt lat="45.61762" lon="8.86283" /><trkpt lat="45.61737" lon="8.86325" /><trkpt lat="45.61711" lon="8.86365" /><trkpt lat="45.61673" lon="8.86424" /><trkpt lat="45.61625" lon="8.865" /><trkpt lat="45.61591" lon="8.86554" /><trkpt lat="45.61534" lon="8.86644" /><trkpt lat="45.61513" lon="8.86677" /><trkpt lat="45.61478" lon="8.86734" /><trkpt lat="45.6146" lon="8.86762" /><trkpt lat="45.61451" lon="8.86776" /><trkpt lat="45.61441" lon="8.8679" /><trkpt lat="45.61416" lon="8.86825" /><trkpt lat="45.61386" lon="8.86873" /><trkpt lat="45.61368" lon="8.86902" /><trkpt lat="45.61356" lon="8.86919" /><trkpt lat="45.6134" lon="8.86947" /><trkpt lat="45.61291" lon="8.87025" /><trkpt lat="45.61203" lon="8.87168" /><trkpt lat="45.61048" lon="8.87408" /><trkpt lat="45.61017" lon="8.87455" /><trkpt lat="45.60967" lon="8.87535" /><trkpt lat="45.60754" lon="8.87867" /><trkpt lat="45.60513" lon="8.88254" /><trkpt lat="45.60502" lon="8.88274" /><trkpt lat="45.60479" lon="8.88317" /><trkpt lat="45.60454" lon="8.88363" /><trkpt lat="45.60443" lon="8.88387" /><trkpt lat="45.6043" lon="8.88415" /><trkpt lat="45.60406" lon="8.88471" /><trkpt lat="45.60379" lon="8.88546" /><trkpt lat="45.60352" lon="8.88625" /><trkpt lat="45.60331" lon="8.887" /><trkpt lat="45.60322" lon="8.88742" /><trkpt lat="45.60313" lon="8.88784" /><trkpt lat="45.603" lon="8.88859" /><trkpt lat="45.60288" lon="8.8893" /><trkpt lat="45.6026" lon="8.89143" /><trkpt lat="45.60255" lon="8.8918" /><trkpt lat="45.6024" lon="8.89289" /><trkpt lat="45.6019" lon="8.89647" /><trkpt lat="45.60129" lon="8.90096" /><trkpt lat="45.60097" lon="8.90247" /><trkpt lat="45.60093" lon="8.90266" /><trkpt lat="45.60054" lon="8.90398" /><trkpt lat="45.59994" lon="8.90533" /><trkpt lat="45.59965" lon="8.90594" /><trkpt lat="45.59936" lon="8.90646" /><trkpt lat="45.59879" lon="8.90726" /><trkpt lat="45.5985" lon="8.90761" /><trkpt lat="45.59813" lon="8.90801" /><trkpt lat="45.59794" lon="8.9082" /><trkpt lat="45.59774" lon="8.90838" /><trkpt lat="45.59729" lon="8.90877" /><trkpt lat="45.59692" lon="8.90904" /><trkpt lat="45.59654" lon="8.90926" /><trkpt lat="45.59577" lon="8.90972" /><trkpt lat="45.5947" lon="8.91024" /><trkpt lat="45.59411" lon="8.91052" /><trkpt lat="45.59362" lon="8.91077" /><trkpt lat="45.59204" lon="8.91158" /><trkpt lat="45.58907" lon="8.9131" /><trkpt lat="45.58894" lon="8.91317" /><trkpt lat="45.58794" lon="8.9137" /><trkpt lat="45.58744" lon="8.91395" /><trkpt lat="45.58413" lon="8.91564" /><trkpt lat="45.57733" lon="8.91912" /><trkpt lat="45.57703" lon="8.91929" /><trkpt lat="45.57673" lon="8.91947" /><trkpt lat="45.57644" lon="8.91965" /><trkpt lat="45.57614" lon="8.91984" /><trkpt lat="45.57585" lon="8.92004" /><trkpt lat="45.57556" lon="8.92025" /><trkpt lat="45.57527" lon="8.92046" /><trkpt lat="45.57499" lon="8.92068" /><trkpt lat="45.5747" lon="8.92091" /><trkpt lat="45.57443" lon="8.92114" /><trkpt lat="45.57415" lon="8.92139" /><trkpt lat="45.57388" lon="8.92163" /><trkpt lat="45.57361" lon="8.92189" /><trkpt lat="45.57334" lon="8.92215" /><trkpt lat="45.57308" lon="8.92242" /><trkpt lat="45.57281" lon="8.9227" /><trkpt lat="45.57177" lon="8.92387" /><trkpt lat="45.57037" lon="8.92543" /><trkpt lat="45.56928" lon="8.92664" /><trkpt lat="45.56879" lon="8.92718" /><trkpt lat="45.56156" lon="8.93518" /><trkpt lat="45.56114" lon="8.93563" /><trkpt lat="45.56065" lon="8.93618" /><trkpt lat="45.56015" lon="8.93673" /><trkpt lat="45.55968" lon="8.93726" /><trkpt lat="45.55918" lon="8.93781" /><trkpt lat="45.5586" lon="8.93844" /><trkpt lat="45.55795" lon="8.93917" /><trkpt lat="45.55732" lon="8.93987" /><trkpt lat="45.55666" lon="8.9406" /><trkpt lat="45.55605" lon="8.94127" /><trkpt lat="45.55602" lon="8.94131" /><trkpt lat="45.55588" lon="8.94146" /><trkpt lat="45.55561" lon="8.94178" /><trkpt lat="45.55529" lon="8.94217" /><trkpt lat="45.55486" lon="8.9427" /><trkpt lat="45.55453" lon="8.94314" /><trkpt lat="45.55439" lon="8.94335" /><trkpt lat="45.55401" lon="8.94389" /><trkpt lat="45.55373" lon="8.94433" /><trkpt lat="45.55348" lon="8.94475" /><trkpt lat="45.55312" lon="8.94537" /><trkpt lat="45.55307" lon="8.94545" /><trkpt lat="45.55255" lon="8.94639" /><trkpt lat="45.552" lon="8.94739" /><trkpt lat="45.55167" lon="8.94798" /><trkpt lat="45.55142" lon="8.94842" /><trkpt lat="45.55133" lon="8.94859" /><trkpt lat="45.55115" lon="8.94891" /><trkpt lat="45.55104" lon="8.94911" /><trkpt lat="45.55099" lon="8.94921" /><trkpt lat="45.55076" lon="8.94961" /><trkpt lat="45.55054" lon="8.95001" /><trkpt lat="45.54991" lon="8.95117" /><trkpt lat="45.54916" lon="8.95251" /><trkpt lat="45.54902" lon="8.95277" /><trkpt lat="45.54274" lon="8.96414" /><trkpt lat="45.5382" lon="8.97236" /><trkpt lat="45.5333" lon="8.98121" /><trkpt lat="45.5309" lon="8.98551" /><trkpt lat="45.53057" lon="8.9861" /><trkpt lat="45.52999" lon="8.98714" /><trkpt lat="45.52763" lon="8.99143" /><trkpt lat="45.52746" lon="8.99175" /><trkpt lat="45.52698" lon="8.99261" /><trkpt lat="45.52664" lon="8.99321" /><trkpt lat="45.52646" lon="8.99356" /><trkpt lat="45.52622" lon="8.99399" /><trkpt lat="45.52597" lon="8.99445" /><trkpt lat="45.5253" lon="8.99566" /><trkpt lat="45.52444" lon="8.9972" /><trkpt lat="45.52412" lon="8.99778" /><trkpt lat="45.5236" lon="8.99872" /><trkpt lat="45.52274" lon="9.00027" /><trkpt lat="45.52186" lon="9.00186" /><trkpt lat="45.52153" lon="9.00246" /><trkpt lat="45.52133" lon="9.00284" /><trkpt lat="45.52103" lon="9.00341" /><trkpt lat="45.52085" lon="9.00376" /><trkpt lat="45.5207" lon="9.00408" /><trkpt lat="45.52057" lon="9.00435" /><trkpt lat="45.52047" lon="9.00459" /><trkpt lat="45.52037" lon="9.00481" /><trkpt lat="45.52023" lon="9.00513" /><trkpt lat="45.52013" lon="9.00537" /><trkpt lat="45.52003" lon="9.00561" /><trkpt lat="45.51992" lon="9.00589" /><trkpt lat="45.51979" lon="9.00623" /><trkpt lat="45.51969" lon="9.00647" /><trkpt lat="45.51956" lon="9.00682" /><trkpt lat="45.51947" lon="9.0071" /><trkpt lat="45.51937" lon="9.00739" /><trkpt lat="45.51927" lon="9.00768" /><trkpt lat="45.51914" lon="9.00807" /><trkpt lat="45.51904" lon="9.00842" /><trkpt lat="45.51895" lon="9.00873" /><trkpt lat="45.51885" lon="9.00908" /><trkpt lat="45.51875" lon="9.00947" /><trkpt lat="45.51865" lon="9.00983" /><trkpt lat="45.51857" lon="9.01016" /><trkpt lat="45.51848" lon="9.01056" /><trkpt lat="45.51841" lon="9.01091" /><trkpt lat="45.51834" lon="9.01124" /><trkpt lat="45.51827" lon="9.01157" /><trkpt lat="45.51821" lon="9.01192" /><trkpt lat="45.51815" lon="9.01226" /><trkpt lat="45.51809" lon="9.01261" /><trkpt lat="45.51803" lon="9.013" /><trkpt lat="45.51797" lon="9.0134" /><trkpt lat="45.51792" lon="9.01378" /><trkpt lat="45.51787" lon="9.01409" /><trkpt lat="45.51784" lon="9.0144" /><trkpt lat="45.51779" lon="9.01489" /><trkpt lat="45.51776" lon="9.01528" /><trkpt lat="45.51773" lon="9.01566" /><trkpt lat="45.5177" lon="9.01598" /><trkpt lat="45.51768" lon="9.0163" /><trkpt lat="45.51766" lon="9.01661" /><trkpt lat="45.51766" lon="9.01676" /><trkpt lat="45.51765" lon="9.01693" /><trkpt lat="45.51764" lon="9.01722" /><trkpt lat="45.51763" lon="9.01768" /><trkpt lat="45.51763" lon="9.01818" /><trkpt lat="45.51763" lon="9.01869" /><trkpt lat="45.51763" lon="9.01925" /><trkpt lat="45.51764" lon="9.0196" /><trkpt lat="45.51764" lon="9.01971" /><trkpt lat="45.51766" lon="9.02005" /><trkpt lat="45.51766" lon="9.02007" /><trkpt lat="45.51767" lon="9.02031" /><trkpt lat="45.51767" lon="9.0204" /><trkpt lat="45.51769" lon="9.02075" /><trkpt lat="45.51773" lon="9.02122" /><trkpt lat="45.51776" lon="9.02169" /><trkpt lat="45.5178" lon="9.0221" /><trkpt lat="45.51783" lon="9.02239" /><trkpt lat="45.51786" lon="9.02267" /><trkpt lat="45.5179" lon="9.02293" /><trkpt lat="45.51794" lon="9.0233" /><trkpt lat="45.51799" lon="9.02365" /><trkpt lat="45.51807" lon="9.02416" /><trkpt lat="45.51813" lon="9.02454" /><trkpt lat="45.51822" lon="9.025" /><trkpt lat="45.51829" lon="9.02541" /><trkpt lat="45.51837" lon="9.02579" /><trkpt lat="45.51845" lon="9.02617" /><trkpt lat="45.51857" lon="9.02672" /><trkpt lat="45.51869" lon="9.02725" /><trkpt lat="45.51889" lon="9.02807" /><trkpt lat="45.519" lon="9.02852" /><trkpt lat="45.51912" lon="9.02905" /><trkpt lat="45.51923" lon="9.0295" /><trkpt lat="45.51931" lon="9.02978" /><trkpt lat="45.51972" lon="9.03098" /><trkpt lat="45.52095" lon="9.03462" /><trkpt lat="45.52151" lon="9.03625" /><trkpt lat="45.52167" lon="9.03674" /><trkpt lat="45.52234" lon="9.0387" /><trkpt lat="45.52249" lon="9.03919" /><trkpt lat="45.52257" lon="9.03945" /><trkpt lat="45.52269" lon="9.03986" /><trkpt lat="45.52281" lon="9.04028" /><trkpt lat="45.5229" lon="9.04064" /><trkpt lat="45.52304" lon="9.04112" /><trkpt lat="45.52315" lon="9.04149" /><trkpt lat="45.52325" lon="9.04182" /><trkpt lat="45.52337" lon="9.04221" /><trkpt lat="45.52365" lon="9.04303" /><trkpt lat="45.52391" lon="9.04378" /><trkpt lat="45.52421" lon="9.04465" /><trkpt lat="45.5243" lon="9.04492" /><trkpt lat="45.5244" lon="9.04518" /><trkpt lat="45.52466" lon="9.04587" /><trkpt lat="45.52477" lon="9.04617" /><trkpt lat="45.52495" lon="9.04665" /><trkpt lat="45.52509" lon="9.04703" /><trkpt lat="45.52515" lon="9.04722" /><trkpt lat="45.52593" lon="9.0495" /><trkpt lat="45.52603" lon="9.04988" /><trkpt lat="45.52624" lon="9.05048" /><trkpt lat="45.5264" lon="9.05097" /><trkpt lat="45.52656" lon="9.05145" /><trkpt lat="45.5267" lon="9.05191" /><trkpt lat="45.5268" lon="9.05224" /><trkpt lat="45.52691" lon="9.05261" /><trkpt lat="45.52701" lon="9.05297" /><trkpt lat="45.5271" lon="9.05333" /><trkpt lat="45.52726" lon="9.05393" /><trkpt lat="45.52734" lon="9.05428" /><trkpt lat="45.52743" lon="9.05469" /><trkpt lat="45.52752" lon="9.05518" /><trkpt lat="45.52761" lon="9.05563" /><trkpt lat="45.52767" lon="9.05598" /><trkpt lat="45.52773" lon="9.05639" /><trkpt lat="45.52779" lon="9.05675" /><trkpt lat="45.52785" lon="9.05719" /><trkpt lat="45.5279" lon="9.05763" /><trkpt lat="45.52795" lon="9.05808" /><trkpt lat="45.52799" lon="9.05845" /><trkpt lat="45.52803" lon="9.05891" /><trkpt lat="45.52806" lon="9.05935" /><trkpt lat="45.52808" lon="9.0598" /><trkpt lat="45.52811" lon="9.06028" /><trkpt lat="45.52812" lon="9.06081" /><trkpt lat="45.52813" lon="9.06127" /><trkpt lat="45.52813" lon="9.06172" /><trkpt lat="45.52813" lon="9.06216" /><trkpt lat="45.52812" lon="9.06264" /><trkpt lat="45.5281" lon="9.06311" /><trkpt lat="45.52808" lon="9.06359" /><trkpt lat="45.52806" lon="9.06406" /><trkpt lat="45.52803" lon="9.0645" /><trkpt lat="45.52799" lon="9.06493" /><trkpt lat="45.52795" lon="9.06535" /><trkpt lat="45.52789" lon="9.06586" /><trkpt lat="45.52783" lon="9.06638" /><trkpt lat="45.52776" lon="9.06685" /><trkpt lat="45.52771" lon="9.0672" /><trkpt lat="45.52761" lon="9.06782" /><trkpt lat="45.52751" lon="9.06835" /><trkpt lat="45.52743" lon="9.06875" /><trkpt lat="45.52735" lon="9.06914" /><trkpt lat="45.52728" lon="9.06948" /><trkpt lat="45.5272" lon="9.06978" /><trkpt lat="45.52711" lon="9.07013" /><trkpt lat="45.52702" lon="9.07045" /><trkpt lat="45.52694" lon="9.07073" /><trkpt lat="45.52682" lon="9.07112" /><trkpt lat="45.52671" lon="9.07144" /><trkpt lat="45.52652" lon="9.07198" /><trkpt lat="45.52628" lon="9.07261" /><trkpt lat="45.52566" lon="9.07431" /><trkpt lat="45.52545" lon="9.07488" /><trkpt lat="45.52527" lon="9.07538" /><trkpt lat="45.5249" lon="9.07645" /><trkpt lat="45.52441" lon="9.07796" /><trkpt lat="45.52429" lon="9.07832" /><trkpt lat="45.52359" lon="9.08042" /><trkpt lat="45.52332" lon="9.08122" /><trkpt lat="45.52309" lon="9.08195" /><trkpt lat="45.52207" lon="9.08539" /><trkpt lat="45.5212" lon="9.08831" /><trkpt lat="45.5208" lon="9.08964" /><trkpt lat="45.52062" lon="9.09023" /><trkpt lat="45.52042" lon="9.09084" /><trkpt lat="45.52021" lon="9.09148" /><trkpt lat="45.52002" lon="9.09201" /><trkpt lat="45.51975" lon="9.09276" /><trkpt lat="45.5194" lon="9.09375" /><trkpt lat="45.51893" lon="9.0951" /><trkpt lat="45.51851" lon="9.09637" /><trkpt lat="45.51812" lon="9.09753" /><trkpt lat="45.51756" lon="9.09922" /><trkpt lat="45.5172" lon="9.10029" /><trkpt lat="45.51678" lon="9.10158" /><trkpt lat="45.51637" lon="9.1028" /><trkpt lat="45.5162" lon="9.10329" /><trkpt lat="45.51603" lon="9.10377" /><trkpt lat="45.51566" lon="9.1049" /><trkpt lat="45.51525" lon="9.10612" /><trkpt lat="45.51442" lon="9.10861" /><trkpt lat="45.5142" lon="9.10922" /><trkpt lat="45.51402" lon="9.1097" /><trkpt lat="45.51341" lon="9.11127" /><trkpt lat="45.51327" lon="9.11166" /><trkpt lat="45.51316" lon="9.11197" /><trkpt lat="45.51276" lon="9.11317" /><trkpt lat="45.51261" lon="9.11366" /><trkpt lat="45.51253" lon="9.11391" /><trkpt lat="45.51237" lon="9.11444" /><trkpt lat="45.51226" lon="9.11477" /><trkpt lat="45.51203" lon="9.11548" /><trkpt lat="45.5118" lon="9.1162" /><trkpt lat="45.51119" lon="9.11823" /><trkpt lat="45.511" lon="9.11885" /><trkpt lat="45.51087" lon="9.11924" /><trkpt lat="45.51071" lon="9.11974" /><trkpt lat="45.51058" lon="9.12013" /><trkpt lat="45.51025" lon="9.12113" /><trkpt lat="45.50988" lon="9.12223" /><trkpt lat="45.50964" lon="9.123" /><trkpt lat="45.5094" lon="9.12381" /><trkpt lat="45.50921" lon="9.12449" /><trkpt lat="45.50905" lon="9.12507" /><trkpt lat="45.50885" lon="9.12587" /><trkpt lat="45.50867" lon="9.12663" /><trkpt lat="45.50845" lon="9.12762" /><trkpt lat="45.50818" lon="9.12881" /><trkpt lat="45.50799" lon="9.12967" /><trkpt lat="45.50795" lon="9.12984" /><trkpt lat="45.5078" lon="9.13046" /><trkpt lat="45.50762" lon="9.13128" /><trkpt lat="45.50754" lon="9.13167" /><trkpt lat="45.50715" lon="9.13338" /><trkpt lat="45.50703" lon="9.13391" /><trkpt lat="45.50674" lon="9.13534" /><trkpt lat="45.50645" lon="9.13675" /><trkpt lat="45.5063" lon="9.1375" /><trkpt lat="45.50623" lon="9.1379" /><trkpt lat="45.50611" lon="9.13847" /><trkpt lat="45.50604" lon="9.13888" /><trkpt lat="45.50592" lon="9.1395" /><trkpt lat="45.50576" lon="9.14036" /><trkpt lat="45.50571" lon="9.14062" /><trkpt lat="45.50567" lon="9.14088" /><trkpt lat="45.50564" lon="9.14112" /><trkpt lat="45.50562" lon="9.14148" /><trkpt lat="45.5056" lon="9.1418" /><trkpt lat="45.5056" lon="9.14216" /><trkpt lat="45.50562" lon="9.14248" /><trkpt lat="45.50564" lon="9.14282" /><trkpt lat="45.50567" lon="9.14315" /><trkpt lat="45.50572" lon="9.14349" /><trkpt lat="45.5058" lon="9.1439" /><trkpt lat="45.50589" lon="9.14428" /><trkpt lat="45.50598" lon="9.14462" /><trkpt lat="45.50608" lon="9.14494" /><trkpt lat="45.50619" lon="9.14523" /><trkpt lat="45.50633" lon="9.14556" /><trkpt lat="45.50646" lon="9.14585" /><trkpt lat="45.5066" lon="9.14612" /><trkpt lat="45.50675" lon="9.1464" /><trkpt lat="45.50694" lon="9.14668" /><trkpt lat="45.50715" lon="9.14699" /><trkpt lat="45.50842" lon="9.14882" /><trkpt lat="45.5085" lon="9.14892" /><trkpt lat="45.50865" lon="9.14915" /><trkpt lat="45.5088" lon="9.14939" /><trkpt lat="45.50898" lon="9.14967" /><trkpt lat="45.50912" lon="9.14992" /><trkpt lat="45.50925" lon="9.15016" /><trkpt lat="45.50938" lon="9.15041" /><trkpt lat="45.50949" lon="9.15065" /><trkpt lat="45.50958" lon="9.15087" /><trkpt lat="45.50967" lon="9.15108" /><trkpt lat="45.50975" lon="9.1513" /><trkpt lat="45.50982" lon="9.15153" /><trkpt lat="45.5099" lon="9.15179" /><trkpt lat="45.50996" lon="9.15205" /><trkpt lat="45.51003" lon="9.15234" /><trkpt lat="45.51008" lon="9.15262" /><trkpt lat="45.51012" lon="9.15292" /><trkpt lat="45.51015" lon="9.15315" /><trkpt lat="45.51016" lon="9.15328" /><trkpt lat="45.51017" lon="9.15345" /><trkpt lat="45.51019" lon="9.1536" /><trkpt lat="45.5102" lon="9.15391" /><trkpt lat="45.5102" lon="9.15419" /><trkpt lat="45.5102" lon="9.15448" /><trkpt lat="45.51018" lon="9.15476" /><trkpt lat="45.51015" lon="9.15507" /><trkpt lat="45.5101" lon="9.15555" /><trkpt lat="45.50966" lon="9.15831" /><trkpt lat="45.5096" lon="9.15874" /><trkpt lat="45.50949" lon="9.15942" /><trkpt lat="45.50947" lon="9.15959" /><trkpt lat="45.50825" lon="9.16756" /><trkpt lat="45.50818" lon="9.16802" /><trkpt lat="45.50811" lon="9.16849" /><trkpt lat="45.50728" lon="9.17388" /><trkpt lat="45.50726" lon="9.17401" /><trkpt lat="45.50652" lon="9.17871" /><trkpt lat="45.50647" lon="9.17905" /><trkpt lat="45.50587" lon="9.18305" /><trkpt lat="45.50572" lon="9.18405" /><trkpt lat="45.50561" lon="9.18476" /><trkpt lat="45.50554" lon="9.1852" /><trkpt lat="45.50505" lon="9.18837" /><trkpt lat="45.505" lon="9.18873" /><trkpt lat="45.50495" lon="9.18904" /><trkpt lat="45.50475" lon="9.19026" /><trkpt lat="45.50468" lon="9.19072" /><trkpt lat="45.50455" lon="9.19126" /><trkpt lat="45.50444" lon="9.19197" /><trkpt lat="45.50429" lon="9.19277" /><trkpt lat="45.50413" lon="9.19381" /><trkpt lat="45.50393" lon="9.19506" /><trkpt lat="45.50375" lon="9.19626" /><trkpt lat="45.5037" lon="9.19657" /><trkpt lat="45.50366" lon="9.19685" /><trkpt lat="45.50349" lon="9.19795" /><trkpt lat="45.50345" lon="9.19822" /><trkpt lat="45.50334" lon="9.19893" /><trkpt lat="45.50329" lon="9.1993" /><trkpt lat="45.5031" lon="9.20051" /><trkpt lat="45.50304" lon="9.20084" /><trkpt lat="45.50223" lon="9.2061" /><trkpt lat="45.50217" lon="9.20648" /><trkpt lat="45.50174" lon="9.20931" /><trkpt lat="45.50111" lon="9.21337" /><trkpt lat="45.50107" lon="9.21364" /><trkpt lat="45.50102" lon="9.21391" /><trkpt lat="45.50098" lon="9.21415" /><trkpt lat="45.50093" lon="9.2144" /><trkpt lat="45.50086" lon="9.21469" /><trkpt lat="45.5008" lon="9.21494" /><trkpt lat="45.50073" lon="9.21522" /><trkpt lat="45.50066" lon="9.21548" /><trkpt lat="45.50046" lon="9.21607" /><trkpt lat="45.50031" lon="9.21654" /><trkpt lat="45.50014" lon="9.21704" /><trkpt lat="45.50006" lon="9.21725" /><trkpt lat="45.49999" lon="9.21744" /><trkpt lat="45.4999" lon="9.21766" /><trkpt lat="45.49979" lon="9.21789" /><trkpt lat="45.49969" lon="9.21807" /><trkpt lat="45.49954" lon="9.21833" /><trkpt lat="45.49927" lon="9.21878" /><trkpt lat="45.49915" lon="9.21899" /><trkpt lat="45.49885" lon="9.21948" /><trkpt lat="45.49863" lon="9.21985" /><trkpt lat="45.49847" lon="9.22012" /><trkpt lat="45.49835" lon="9.22034" /><trkpt lat="45.49825" lon="9.22053" /><trkpt lat="45.49815" lon="9.22071" /><trkpt lat="45.49806" lon="9.22089" /><trkpt lat="45.49797" lon="9.22108" /><trkpt lat="45.49789" lon="9.22127" /><trkpt lat="45.49781" lon="9.22147" /><trkpt lat="45.49773" lon="9.22168" /><trkpt lat="45.49766" lon="9.22189" /><trkpt lat="45.49741" lon="9.22262" /><trkpt lat="45.49698" lon="9.2239" /><trkpt lat="45.49674" lon="9.2246" /><trkpt lat="45.4965" lon="9.22532" /><trkpt lat="45.49636" lon="9.22571" /><trkpt lat="45.49628" lon="9.22593" /><trkpt lat="45.49618" lon="9.22617" /><trkpt lat="45.49614" lon="9.22627" /><trkpt lat="45.49606" lon="9.22646" /><trkpt lat="45.49596" lon="9.22665" /><trkpt lat="45.49587" lon="9.22683" /><trkpt lat="45.4958" lon="9.22698" /><trkpt lat="45.4957" lon="9.22715" /><trkpt lat="45.49559" lon="9.22733" /><trkpt lat="45.49548" lon="9.2275" /><trkpt lat="45.49538" lon="9.22765" /><trkpt lat="45.49526" lon="9.22782" /><trkpt lat="45.49515" lon="9.22797" /><trkpt lat="45.49503" lon="9.22812" /><trkpt lat="45.49501" lon="9.22814" /><trkpt lat="45.49495" lon="9.22822" /><trkpt lat="45.49483" lon="9.22836" /><trkpt lat="45.49474" lon="9.22845" /><trkpt lat="45.49461" lon="9.22858" /><trkpt lat="45.49443" lon="9.22876" /><trkpt lat="45.49387" lon="9.22927" /><trkpt lat="45.4932" lon="9.22986" /><trkpt lat="45.49268" lon="9.23029" /><trkpt lat="45.49232" lon="9.23061" /><trkpt lat="45.49215" lon="9.23076" /><trkpt lat="45.49178" lon="9.23102" /><trkpt lat="45.49145" lon="9.23125" /><trkpt lat="45.49105" lon="9.23161" /><trkpt lat="45.49075" lon="9.23194" /><trkpt lat="45.49035" lon="9.2323" /><trkpt lat="45.49005" lon="9.23252" /><trkpt lat="45.48859" lon="9.23381" /><trkpt lat="45.48799" lon="9.23436" /><trkpt lat="45.48773" lon="9.23466" /><trkpt lat="45.48737" lon="9.23499" /><trkpt lat="45.48704" lon="9.23528" /><trkpt lat="45.48556" lon="9.23663" /><trkpt lat="45.48539" lon="9.23678" /><trkpt lat="45.48524" lon="9.2369" /><trkpt lat="45.48508" lon="9.23703" /><trkpt lat="45.48495" lon="9.23712" /><trkpt lat="45.48479" lon="9.23724" /><trkpt lat="45.48464" lon="9.23734" /><trkpt lat="45.4845" lon="9.23744" /><trkpt lat="45.48436" lon="9.23752" /><trkpt lat="45.48422" lon="9.23759" /><trkpt lat="45.48409" lon="9.23766" /><trkpt lat="45.48394" lon="9.23773" /><trkpt lat="45.4838" lon="9.23779" /><trkpt lat="45.48366" lon="9.23785" /><trkpt lat="45.48349" lon="9.2379" /><trkpt lat="45.48332" lon="9.23796" /><trkpt lat="45.48319" lon="9.23799" /><trkpt lat="45.48305" lon="9.23803" /><trkpt lat="45.48291" lon="9.23806" /><trkpt lat="45.48247" lon="9.23814" /><trkpt lat="45.48095" lon="9.23843" /><trkpt lat="45.4808" lon="9.23845" /><trkpt lat="45.48065" lon="9.23848" /><trkpt lat="45.48049" lon="9.23849" /><trkpt lat="45.48036" lon="9.2385" /><trkpt lat="45.48023" lon="9.2385" /><trkpt lat="45.48006" lon="9.2385" /><trkpt lat="45.47945" lon="9.23848" /><trkpt lat="45.47903" lon="9.23853" /><trkpt lat="45.47863" lon="9.23852" /><trkpt lat="45.47838" lon="9.23851" /><trkpt lat="45.4781" lon="9.2385" /><trkpt lat="45.47773" lon="9.23848" /><trkpt lat="45.47744" lon="9.23847" /><trkpt lat="45.47685" lon="9.23845" /><trkpt lat="45.47671" lon="9.23844" /><trkpt lat="45.47658" lon="9.23844" /><trkpt lat="45.47645" lon="9.23844" /><trkpt lat="45.47633" lon="9.23845" /><trkpt lat="45.4762" lon="9.23847" /><trkpt lat="45.47606" lon="9.23849" /><trkpt lat="45.47591" lon="9.23851" /><trkpt lat="45.47576" lon="9.23854" /><trkpt lat="45.47562" lon="9.23858" /><trkpt lat="45.47547" lon="9.23862" /><trkpt lat="45.47533" lon="9.23867" /><trkpt lat="45.47519" lon="9.23873" /><trkpt lat="45.47505" lon="9.23879" /><trkpt lat="45.47492" lon="9.23885" /><trkpt lat="45.47477" lon="9.23892" /><trkpt lat="45.47463" lon="9.239" /><trkpt lat="45.47449" lon="9.23909" /><trkpt lat="45.47434" lon="9.23918" /><trkpt lat="45.47421" lon="9.23928" /><trkpt lat="45.47407" lon="9.23938" /><trkpt lat="45.47395" lon="9.23948" /><trkpt lat="45.47381" lon="9.23961" /><trkpt lat="45.47367" lon="9.23973" /><trkpt lat="45.47354" lon="9.23986" /><trkpt lat="45.47342" lon="9.23999" /><trkpt lat="45.47331" lon="9.24012" /><trkpt lat="45.47318" lon="9.24027" /><trkpt lat="45.47305" lon="9.24043" /><trkpt lat="45.47294" lon="9.24058" /><trkpt lat="45.47283" lon="9.24073" /><trkpt lat="45.47273" lon="9.24088" /><trkpt lat="45.47263" lon="9.24104" /><trkpt lat="45.47253" lon="9.24121" /><trkpt lat="45.47244" lon="9.24137" /><trkpt lat="45.47234" lon="9.24156" /><trkpt lat="45.47224" lon="9.24176" /><trkpt lat="45.47219" lon="9.24188" /><trkpt lat="45.47213" lon="9.242" /><trkpt lat="45.47207" lon="9.24216" /><trkpt lat="45.47199" lon="9.24238" /><trkpt lat="45.4719" lon="9.24262" /><trkpt lat="45.47183" lon="9.24285" /><trkpt lat="45.47176" lon="9.24309" /><trkpt lat="45.4717" lon="9.24331" /><trkpt lat="45.47163" lon="9.2436" /><trkpt lat="45.47158" lon="9.24385" /><trkpt lat="45.47153" lon="9.24407" /><trkpt lat="45.4715" lon="9.24428" /><trkpt lat="45.47146" lon="9.24454" /><trkpt lat="45.47143" lon="9.24479" /><trkpt lat="45.4714" lon="9.24503" /><trkpt lat="45.47139" lon="9.24512" /><trkpt lat="45.47138" lon="9.24524" /><trkpt lat="45.47137" lon="9.24538" /><trkpt lat="45.47137" lon="9.24546" /><trkpt lat="45.47136" lon="9.24566" /><trkpt lat="45.47136" lon="9.24578" /><trkpt lat="45.47136" lon="9.24603" /><trkpt lat="45.47136" lon="9.24627" /><trkpt lat="45.47137" lon="9.24652" /><trkpt lat="45.47138" lon="9.24675" /><trkpt lat="45.47139" lon="9.247" /><trkpt lat="45.47141" lon="9.24723" /><trkpt lat="45.47144" lon="9.24746" /><trkpt lat="45.47147" lon="9.24768" /><trkpt lat="45.4715" lon="9.2479" /><trkpt lat="45.47154" lon="9.24812" /><trkpt lat="45.47158" lon="9.24835" /><trkpt lat="45.4718" lon="9.2495" /><trkpt lat="45.47204" lon="9.25066" /><trkpt lat="45.47233" lon="9.25216" /><trkpt lat="45.47261" lon="9.25356" /><trkpt lat="45.47286" lon="9.25492" /><trkpt lat="45.47299" lon="9.25555" /><trkpt lat="45.47324" lon="9.25707" /><trkpt lat="45.4736" lon="9.25927" /><trkpt lat="45.47423" lon="9.26317" /><trkpt lat="45.47475" lon="9.2665" /><trkpt lat="45.47493" lon="9.26762" /><trkpt lat="45.47511" lon="9.26874" /><trkpt lat="45.47528" lon="9.26984" /><trkpt lat="45.47539" lon="9.27048" /><trkpt lat="45.47547" lon="9.27094" /><trkpt lat="45.47568" lon="9.27205" /><trkpt lat="45.4759" lon="9.27319" /><trkpt lat="45.47612" lon="9.27434" /><trkpt lat="45.47634" lon="9.2755" /><trkpt lat="45.47656" lon="9.27663" /><trkpt lat="45.47678" lon="9.27776" /><trkpt lat="45.477" lon="9.27889" /><trkpt lat="45.47723" lon="9.28006" /><trkpt lat="45.47744" lon="9.2812" /><trkpt lat="45.47767" lon="9.28235" /><trkpt lat="45.47789" lon="9.28349" /><trkpt lat="45.4781" lon="9.28459" /><trkpt lat="45.47831" lon="9.28571" /><trkpt lat="45.47848" lon="9.28659" /><trkpt lat="45.47874" lon="9.28794" /><trkpt lat="45.47894" lon="9.28906" /><trkpt lat="45.47912" lon="9.29021" /><trkpt lat="45.4793" lon="9.29135" /><trkpt lat="45.47949" lon="9.29251" /><trkpt lat="45.47969" lon="9.29368" /><trkpt lat="45.47987" lon="9.2948" /><trkpt lat="45.48006" lon="9.29598" /><trkpt lat="45.48025" lon="9.29712" /><trkpt lat="45.48044" lon="9.29825" /><trkpt lat="45.48064" lon="9.29941" /><trkpt lat="45.48076" lon="9.30006" /><trkpt lat="45.48086" lon="9.30066" /><trkpt lat="45.481" lon="9.30146" /><trkpt lat="45.48122" lon="9.30264" /><trkpt lat="45.48143" lon="9.30384" /><trkpt lat="45.48163" lon="9.30502" /><trkpt lat="45.48182" lon="9.30619" /><trkpt lat="45.48201" lon="9.30738" /><trkpt lat="45.4824" lon="9.30985" /><trkpt lat="45.48263" lon="9.31123" /><trkpt lat="45.4828" lon="9.31218" /><trkpt lat="45.48305" lon="9.31358" /><trkpt lat="45.48323" lon="9.31462" /><trkpt lat="45.48343" lon="9.31571" /><trkpt lat="45.48359" lon="9.31636" /><trkpt lat="45.4837" lon="9.31694" /><trkpt lat="45.48416" lon="9.3196" /><trkpt lat="45.48432" lon="9.32049" /><trkpt lat="45.48481" lon="9.32326" /><trkpt lat="45.48532" lon="9.32628" /><trkpt lat="45.48581" lon="9.32906" /><trkpt lat="45.4862" lon="9.33126" /><trkpt lat="45.48642" lon="9.33245" /><trkpt lat="45.48648" lon="9.3328" /><trkpt lat="45.4867" lon="9.334" /><trkpt lat="45.48699" lon="9.3355" /><trkpt lat="45.48749" lon="9.33821" /><trkpt lat="45.48757" lon="9.33863" /><trkpt lat="45.48801" lon="9.34094" /><trkpt lat="45.48812" lon="9.34154" /><trkpt lat="45.48823" lon="9.34207" /><trkpt lat="45.48888" lon="9.34555" /><trkpt lat="45.4894" lon="9.34834" /><trkpt lat="45.49032" lon="9.35322" /><trkpt lat="45.49108" lon="9.35723" /><trkpt lat="45.49183" lon="9.36126" /><trkpt lat="45.49213" lon="9.36304" /><trkpt lat="45.49258" lon="9.36594" /><trkpt lat="45.49282" lon="9.36761" /><trkpt lat="45.49304" lon="9.36938" /><trkpt lat="45.4934" lon="9.37188" /><trkpt lat="45.49376" lon="9.37418" /><trkpt lat="45.49406" lon="9.37578" /><trkpt lat="45.49432" lon="9.37716" /><trkpt lat="45.49476" lon="9.37945" /><trkpt lat="45.49561" lon="9.38381" /><trkpt lat="45.4965" lon="9.3883" /><trkpt lat="45.49694" lon="9.39053" /><trkpt lat="45.49718" lon="9.39174" /><trkpt lat="45.49731" lon="9.39241" /><trkpt lat="45.49789" lon="9.39535" /><trkpt lat="45.49818" lon="9.39692" /><trkpt lat="45.49841" lon="9.39816" /><trkpt lat="45.49981" lon="9.40586" /><trkpt lat="45.49996" lon="9.40676" /><trkpt lat="45.50004" lon="9.40721" /><trkpt lat="45.50011" lon="9.40766" /><trkpt lat="45.50028" lon="9.4088" /><trkpt lat="45.50071" lon="9.41171" /><trkpt lat="45.50079" lon="9.4123" /><trkpt lat="45.50146" lon="9.41674" /><trkpt lat="45.50219" lon="9.42093" /><trkpt lat="45.50267" lon="9.42365" /><trkpt lat="45.50341" lon="9.42778" /><trkpt lat="45.50381" lon="9.43003" /><trkpt lat="45.50416" lon="9.43205" /><trkpt lat="45.50454" lon="9.43416" /><trkpt lat="45.50508" lon="9.43725" /><trkpt lat="45.50546" lon="9.43942" /><trkpt lat="45.50588" lon="9.44181" /><trkpt lat="45.50647" lon="9.44515" /><trkpt lat="45.50669" lon="9.44645" /><trkpt lat="45.50683" lon="9.44735" /><trkpt lat="45.50701" lon="9.44853" /><trkpt lat="45.5071" lon="9.4491" /><trkpt lat="45.50715" lon="9.44946" /><trkpt lat="45.50726" lon="9.45029" /><trkpt lat="45.50736" lon="9.45109" /><trkpt lat="45.50749" lon="9.45228" /><trkpt lat="45.50759" lon="9.45328" /><trkpt lat="45.50763" lon="9.45375" /><trkpt lat="45.50772" lon="9.45474" /><trkpt lat="45.50777" lon="9.45531" /><trkpt lat="45.50783" lon="9.45605" /><trkpt lat="45.50787" lon="9.45673" /><trkpt lat="45.5079" lon="9.45743" /><trkpt lat="45.50794" lon="9.45814" /><trkpt lat="45.50797" lon="9.45884" /><trkpt lat="45.50803" lon="9.46035" /><trkpt lat="45.50804" lon="9.461" /><trkpt lat="45.50805" lon="9.4619" /><trkpt lat="45.50806" lon="9.46278" /><trkpt lat="45.50805" lon="9.46382" /><trkpt lat="45.50802" lon="9.46567" /><trkpt lat="45.50796" lon="9.46719" /><trkpt lat="45.50786" lon="9.46918" /><trkpt lat="45.50778" lon="9.47036" /><trkpt lat="45.50768" lon="9.47147" /><trkpt lat="45.50753" lon="9.47334" /><trkpt lat="45.50736" lon="9.47522" /><trkpt lat="45.50718" lon="9.47736" /><trkpt lat="45.50709" lon="9.47852" /><trkpt lat="45.50699" lon="9.47958" /><trkpt lat="45.50661" lon="9.48405" /><trkpt lat="45.50647" lon="9.48578" /><trkpt lat="45.50637" lon="9.48749" /><trkpt lat="45.5063" lon="9.48923" /><trkpt lat="45.50629" lon="9.49113" /><trkpt lat="45.50629" lon="9.49162" /><trkpt lat="45.5063" lon="9.49242" /><trkpt lat="45.50632" lon="9.49318" /><trkpt lat="45.50633" lon="9.49376" /><trkpt lat="45.50636" lon="9.49433" /><trkpt lat="45.50639" lon="9.49501" /><trkpt lat="45.50642" lon="9.49563" /><trkpt lat="45.50644" lon="9.4959" /><trkpt lat="45.50646" lon="9.4962" /><trkpt lat="45.50653" lon="9.49707" /><trkpt lat="45.50658" lon="9.49766" /><trkpt lat="45.50671" lon="9.49904" /><trkpt lat="45.50682" lon="9.49992" /><trkpt lat="45.50693" lon="9.50082" /><trkpt lat="45.50703" lon="9.50155" /><trkpt lat="45.50714" lon="9.50227" /><trkpt lat="45.50726" lon="9.503" /><trkpt lat="45.50736" lon="9.5036" /><trkpt lat="45.50764" lon="9.50522" /><trkpt lat="45.50919" lon="9.51383" /><trkpt lat="45.50972" lon="9.51673" /><trkpt lat="45.50995" lon="9.51797" /><trkpt lat="45.51023" lon="9.51957" /><trkpt lat="45.51047" lon="9.52088" /><trkpt lat="45.51068" lon="9.52219" /><trkpt lat="45.51083" lon="9.52319" /><trkpt lat="45.51093" lon="9.52398" /><trkpt lat="45.51102" lon="9.52478" /><trkpt lat="45.51114" lon="9.5259" /><trkpt lat="45.51124" lon="9.52698" /><trkpt lat="45.5113" lon="9.52778" /><trkpt lat="45.51136" lon="9.52861" /><trkpt lat="45.51138" lon="9.52896" /><trkpt lat="45.51142" lon="9.52972" /><trkpt lat="45.51145" lon="9.53041" /><trkpt lat="45.51148" lon="9.53177" /><trkpt lat="45.51149" lon="9.53281" /><trkpt lat="45.51148" lon="9.53461" /><trkpt lat="45.51145" lon="9.53576" /><trkpt lat="45.51139" lon="9.53704" /><trkpt lat="45.51131" lon="9.53821" /><trkpt lat="45.51126" lon="9.5389" /><trkpt lat="45.51112" lon="9.54036" /><trkpt lat="45.51094" lon="9.54204" /><trkpt lat="45.51076" lon="9.54328" /><trkpt lat="45.51065" lon="9.54413" /><trkpt lat="45.51029" lon="9.54633" /><trkpt lat="45.5098" lon="9.54924" /><trkpt lat="45.50953" lon="9.5508" /><trkpt lat="45.50867" lon="9.55589" /><trkpt lat="45.50861" lon="9.55624" /><trkpt lat="45.50748" lon="9.5629" /><trkpt lat="45.50687" lon="9.56647" /><trkpt lat="45.50683" lon="9.56669" /><trkpt lat="45.50515" lon="9.57659" /><trkpt lat="45.50488" lon="9.57839" /><trkpt lat="45.50467" lon="9.58011" /><trkpt lat="45.50448" lon="9.58186" /><trkpt lat="45.50426" lon="9.58422" /><trkpt lat="45.50413" lon="9.58596" /><trkpt lat="45.50404" lon="9.58749" /><trkpt lat="45.50395" lon="9.58965" /><trkpt lat="45.50392" lon="9.59134" /><trkpt lat="45.50392" lon="9.59307" /><trkpt lat="45.50396" lon="9.5948" /><trkpt lat="45.50402" lon="9.59631" /><trkpt lat="45.50411" lon="9.5981" /><trkpt lat="45.50424" lon="9.59998" /><trkpt lat="45.50446" lon="9.60239" /><trkpt lat="45.50452" lon="9.60288" /><trkpt lat="45.50464" lon="9.60399" /><trkpt lat="45.5048" lon="9.60523" /><trkpt lat="45.50505" lon="9.60698" /><trkpt lat="45.50574" lon="9.61107" /><trkpt lat="45.50679" lon="9.6166" /><trkpt lat="45.50893" lon="9.62788" /><trkpt lat="45.50922" lon="9.62951" /><trkpt lat="45.50936" lon="9.63039" /><trkpt lat="45.50974" lon="9.63306" /><trkpt lat="45.50999" lon="9.63527" /><trkpt lat="45.51017" lon="9.63713" /><trkpt lat="45.51032" lon="9.63929" /><trkpt lat="45.51042" lon="9.64124" /><trkpt lat="45.51045" lon="9.64202" /><trkpt lat="45.51045" lon="9.64211" /><trkpt lat="45.51045" lon="9.6422" /><trkpt lat="45.51045" lon="9.64221" /><trkpt lat="45.51046" lon="9.64237" /><trkpt lat="45.51049" lon="9.64341" /><trkpt lat="45.51049" lon="9.64833" /><trkpt lat="45.51049" lon="9.6496" /><trkpt lat="45.51049" lon="9.65118" /><trkpt lat="45.5105" lon="9.65404" /><trkpt lat="45.51047" lon="9.6566" /><trkpt lat="45.51044" lon="9.66154" /><trkpt lat="45.51042" lon="9.66521" /><trkpt lat="45.51042" lon="9.66755" /><trkpt lat="45.5104" lon="9.66935" /><trkpt lat="45.51036" lon="9.67109" /><trkpt lat="45.51028" lon="9.67288" /><trkpt lat="45.51017" lon="9.67468" /><trkpt lat="45.51001" lon="9.67668" /><trkpt lat="45.50979" lon="9.67891" /><trkpt lat="45.50954" lon="9.68094" /><trkpt lat="45.5092" lon="9.68325" /><trkpt lat="45.50881" lon="9.6855" /><trkpt lat="45.50846" lon="9.68729" /><trkpt lat="45.50802" lon="9.68943" /><trkpt lat="45.50749" lon="9.69166" /><trkpt lat="45.50689" lon="9.69374" /><trkpt lat="45.50622" lon="9.69619" /><trkpt lat="45.50562" lon="9.69806" /><trkpt lat="45.50486" lon="9.7002" /><trkpt lat="45.50407" lon="9.70222" /><trkpt lat="45.5033" lon="9.704" /><trkpt lat="45.50179" lon="9.70747" /><trkpt lat="45.50079" lon="9.70972" /><trkpt lat="45.4977" lon="9.71633" /><trkpt lat="45.4974" lon="9.71698" /><trkpt lat="45.49647" lon="9.71902" /><trkpt lat="45.49502" lon="9.72225" /><trkpt lat="45.49439" lon="9.72369" /><trkpt lat="45.49382" lon="9.72504" /><trkpt lat="45.49325" lon="9.72648" /><trkpt lat="45.49311" lon="9.72688" /><trkpt lat="45.49266" lon="9.72809" /><trkpt lat="45.49211" lon="9.72964" /><trkpt lat="45.49163" lon="9.73104" /><trkpt lat="45.49113" lon="9.73274" /><trkpt lat="45.49057" lon="9.73471" /><trkpt lat="45.49014" lon="9.73633" /><trkpt lat="45.48963" lon="9.73847" /><trkpt lat="45.48925" lon="9.74022" /><trkpt lat="45.48889" lon="9.74211" /><trkpt lat="45.48861" lon="9.74377" /><trkpt lat="45.48826" lon="9.74605" /><trkpt lat="45.48802" lon="9.74781" /><trkpt lat="45.4878" lon="9.74969" /><trkpt lat="45.48762" lon="9.7517" /><trkpt lat="45.48745" lon="9.7542" /><trkpt lat="45.48733" lon="9.75689" /><trkpt lat="45.48727" lon="9.75931" /><trkpt lat="45.48725" lon="9.76099" /><trkpt lat="45.4873" lon="9.76263" /><trkpt lat="45.48736" lon="9.76439" /><trkpt lat="45.48746" lon="9.76609" /><trkpt lat="45.48763" lon="9.76826" /><trkpt lat="45.48785" lon="9.77049" /><trkpt lat="45.48807" lon="9.7723" /><trkpt lat="45.4884" lon="9.7746" /><trkpt lat="45.48885" lon="9.77721" /><trkpt lat="45.48921" lon="9.77914" /><trkpt lat="45.48961" lon="9.78103" /><trkpt lat="45.49018" lon="9.78344" /><trkpt lat="45.49099" lon="9.7865" /><trkpt lat="45.49169" lon="9.78909" /><trkpt lat="45.49232" lon="9.79156" /><trkpt lat="45.49283" lon="9.7938" /><trkpt lat="45.49338" lon="9.79631" /><trkpt lat="45.49375" lon="9.79828" /><trkpt lat="45.49413" lon="9.80061" /><trkpt lat="45.49449" lon="9.80333" /><trkpt lat="45.49475" lon="9.80588" /><trkpt lat="45.49495" lon="9.80863" /><trkpt lat="45.49509" lon="9.81145" /><trkpt lat="45.49514" lon="9.81379" /><trkpt lat="45.49511" lon="9.81693" /><trkpt lat="45.49504" lon="9.82014" /><trkpt lat="45.49476" lon="9.83" /><trkpt lat="45.4947" lon="9.83246" /><trkpt lat="45.49462" lon="9.83533" /><trkpt lat="45.49459" lon="9.8382" /><trkpt lat="45.49461" lon="9.83934" /><trkpt lat="45.49463" lon="9.84035" /><trkpt lat="45.4947" lon="9.84232" /><trkpt lat="45.49474" lon="9.84314" /><trkpt lat="45.49478" lon="9.84377" /><trkpt lat="45.495" lon="9.84677" /><trkpt lat="45.49558" lon="9.85163" /><trkpt lat="45.49612" lon="9.85501" /><trkpt lat="45.49646" lon="9.85685" /><trkpt lat="45.49743" lon="9.86116" /><trkpt lat="45.49772" lon="9.86233" /><trkpt lat="45.49798" lon="9.86333" /><trkpt lat="45.49816" lon="9.86393" /><trkpt lat="45.4995" lon="9.86844" /><trkpt lat="45.50145" lon="9.8746" /><trkpt lat="45.50204" lon="9.87648" /><trkpt lat="45.50304" lon="9.87978" /><trkpt lat="45.50538" lon="9.88741" /><trkpt lat="45.5076" lon="9.89435" /><trkpt lat="45.51101" lon="9.90536" /><trkpt lat="45.51161" lon="9.90752" /><trkpt lat="45.51278" lon="9.91104" /><trkpt lat="45.51417" lon="9.91602" /><trkpt lat="45.51513" lon="9.91999" /><trkpt lat="45.51644" lon="9.92633" /><trkpt lat="45.51752" lon="9.93206" /><trkpt lat="45.51845" lon="9.9372" /><trkpt lat="45.5189" lon="9.93977" /><trkpt lat="45.51929" lon="9.94222" /><trkpt lat="45.51975" lon="9.94556" /><trkpt lat="45.51993" lon="9.94708" /><trkpt lat="45.52069" lon="9.95409" /><trkpt lat="45.52082" lon="9.95562" /><trkpt lat="45.52095" lon="9.95687" /><trkpt lat="45.52141" lon="9.96061" /><trkpt lat="45.52222" lon="9.96907" /><trkpt lat="45.52263" lon="9.97426" /><trkpt lat="45.52285" lon="9.97833" /><trkpt lat="45.52292" lon="9.98178" /><trkpt lat="45.52291" lon="9.98485" /><trkpt lat="45.52289" lon="9.98793" /><trkpt lat="45.52277" lon="9.99466" /><trkpt lat="45.52273" lon="10.00017" /><trkpt lat="45.52273" lon="10.00657" /><trkpt lat="45.52277" lon="10.00973" /><trkpt lat="45.52279" lon="10.01099" /><trkpt lat="45.52279" lon="10.01344" /><trkpt lat="45.52281" lon="10.01528" /><trkpt lat="45.52282" lon="10.01619" /><trkpt lat="45.52283" lon="10.01682" /><trkpt lat="45.52286" lon="10.01772" /><trkpt lat="45.5229" lon="10.01847" /><trkpt lat="45.52294" lon="10.01922" /><trkpt lat="45.52298" lon="10.01976" /><trkpt lat="45.52304" lon="10.0206" /><trkpt lat="45.52311" lon="10.02135" /><trkpt lat="45.52318" lon="10.02206" /><trkpt lat="45.52325" lon="10.02269" /><trkpt lat="45.52331" lon="10.02317" /><trkpt lat="45.52343" lon="10.02415" /><trkpt lat="45.52352" lon="10.02478" /><trkpt lat="45.52362" lon="10.02544" /><trkpt lat="45.52375" lon="10.0262" /><trkpt lat="45.52385" lon="10.02683" /><trkpt lat="45.52395" lon="10.02734" /><trkpt lat="45.52403" lon="10.02776" /><trkpt lat="45.52409" lon="10.02809" /><trkpt lat="45.52416" lon="10.02845" /><trkpt lat="45.52426" lon="10.02889" /><trkpt lat="45.52436" lon="10.02936" /><trkpt lat="45.52445" lon="10.02975" /><trkpt lat="45.52457" lon="10.03022" /><trkpt lat="45.52492" lon="10.03165" /><trkpt lat="45.52514" lon="10.03253" /><trkpt lat="45.52577" lon="10.03502" /><trkpt lat="45.52604" lon="10.03611" /><trkpt lat="45.52626" lon="10.03699" /><trkpt lat="45.52642" lon="10.0376" /><trkpt lat="45.52678" lon="10.03899" /><trkpt lat="45.52758" lon="10.04216" /><trkpt lat="45.52897" lon="10.04774" /><trkpt lat="45.5291" lon="10.04827" /><trkpt lat="45.52945" lon="10.04965" /><trkpt lat="45.52963" lon="10.05036" /><trkpt lat="45.52973" lon="10.05075" /><trkpt lat="45.52993" lon="10.05149" /><trkpt lat="45.53001" lon="10.05179" /><trkpt lat="45.53014" lon="10.05226" /><trkpt lat="45.53028" lon="10.05274" /><trkpt lat="45.53043" lon="10.05327" /><trkpt lat="45.53053" lon="10.05362" /><trkpt lat="45.53071" lon="10.05417" /><trkpt lat="45.53085" lon="10.05461" /><trkpt lat="45.53095" lon="10.05492" /><trkpt lat="45.53113" lon="10.05543" /><trkpt lat="45.53128" lon="10.05585" /><trkpt lat="45.53138" lon="10.05613" /><trkpt lat="45.53161" lon="10.05674" /><trkpt lat="45.53186" lon="10.05741" /><trkpt lat="45.5327" lon="10.05954" /><trkpt lat="45.53363" lon="10.06162" /><trkpt lat="45.53426" lon="10.06281" /><trkpt lat="45.53612" lon="10.06601" /><trkpt lat="45.53915" lon="10.07071" /><trkpt lat="45.53969" lon="10.07153" /><trkpt lat="45.54026" lon="10.07239" /><trkpt lat="45.54265" lon="10.07597" /><trkpt lat="45.54281" lon="10.07622" /><trkpt lat="45.54355" lon="10.07748" /><trkpt lat="45.54414" lon="10.07848" /><trkpt lat="45.54423" lon="10.07864" /><trkpt lat="45.54446" lon="10.0791" /><trkpt lat="45.5446" lon="10.07937" /><trkpt lat="45.54468" lon="10.07953" /><trkpt lat="45.54479" lon="10.07975" /><trkpt lat="45.54486" lon="10.0799" /><trkpt lat="45.54495" lon="10.0801" /><trkpt lat="45.54503" lon="10.0803" /><trkpt lat="45.54514" lon="10.08061" /><trkpt lat="45.54527" lon="10.08097" /><trkpt lat="45.54536" lon="10.08122" /><trkpt lat="45.54544" lon="10.08146" /><trkpt lat="45.54553" lon="10.08172" /><trkpt lat="45.54563" lon="10.0821" /><trkpt lat="45.54592" lon="10.08309" /><trkpt lat="45.54623" lon="10.08464" /><trkpt lat="45.54641" lon="10.08596" /><trkpt lat="45.54654" lon="10.08713" /><trkpt lat="45.54661" lon="10.08799" /><trkpt lat="45.54666" lon="10.08885" /><trkpt lat="45.54667" lon="10.08907" /><trkpt lat="45.54771" lon="10.10955" /><trkpt lat="45.54771" lon="10.10965" /><trkpt lat="45.5478" lon="10.11149" /><trkpt lat="45.54782" lon="10.1126" /><trkpt lat="45.54783" lon="10.11302" /><trkpt lat="45.54785" lon="10.1165" /><trkpt lat="45.54786" lon="10.1167" /><trkpt lat="45.54787" lon="10.117" /><trkpt lat="45.54787" lon="10.11723" /><trkpt lat="45.54791" lon="10.11794" /><trkpt lat="45.54792" lon="10.11821" /><trkpt lat="45.54794" lon="10.11857" /><trkpt lat="45.5486" lon="10.12836" /><trkpt lat="45.54862" lon="10.12877" /><trkpt lat="45.54875" lon="10.13156" /><trkpt lat="45.54877" lon="10.13193" /><trkpt lat="45.54878" lon="10.13232" /><trkpt lat="45.54879" lon="10.13267" /><trkpt lat="45.54881" lon="10.13385" /><trkpt lat="45.54877" lon="10.13528" /><trkpt lat="45.54864" lon="10.13709" /><trkpt lat="45.54849" lon="10.13849" /><trkpt lat="45.54835" lon="10.13934" /><trkpt lat="45.5482" lon="10.14014" /><trkpt lat="45.54796" lon="10.14125" /><trkpt lat="45.54774" lon="10.14213" /><trkpt lat="45.54767" lon="10.14239" /><trkpt lat="45.54748" lon="10.14307" /><trkpt lat="45.54729" lon="10.14376" /><trkpt lat="45.54686" lon="10.14502" /><trkpt lat="45.54642" lon="10.14625" /><trkpt lat="45.54505" lon="10.15001" /><trkpt lat="45.54498" lon="10.15019" /><trkpt lat="45.54477" lon="10.15075" /><trkpt lat="45.54467" lon="10.15102" /><trkpt lat="45.54408" lon="10.15269" /><trkpt lat="45.54336" lon="10.15466" /><trkpt lat="45.54246" lon="10.15774" /><trkpt lat="45.5423" lon="10.15827" /><trkpt lat="45.54209" lon="10.15886" /><trkpt lat="45.54182" lon="10.15963" /><trkpt lat="45.54165" lon="10.16007" /><trkpt lat="45.54159" lon="10.16023" /><trkpt lat="45.54098" lon="10.16196" /><trkpt lat="45.53998" lon="10.16472" /><trkpt lat="45.53967" lon="10.1656" /><trkpt lat="45.53929" lon="10.16666" /><trkpt lat="45.5392" lon="10.16693" /><trkpt lat="45.5387" lon="10.16831" /><trkpt lat="45.53836" lon="10.16925" /><trkpt lat="45.53831" lon="10.16939" /><trkpt lat="45.53688" lon="10.17338" /><trkpt lat="45.53656" lon="10.17427" /><trkpt lat="45.53652" lon="10.17439" /><trkpt lat="45.53626" lon="10.17515" /><trkpt lat="45.53613" lon="10.17557" /><trkpt lat="45.53606" lon="10.1758" /><trkpt lat="45.536" lon="10.17604" /><trkpt lat="45.53589" lon="10.17652" /><trkpt lat="45.53578" lon="10.17703" /><trkpt lat="45.53573" lon="10.17739" /><trkpt lat="45.53567" lon="10.17782" /><trkpt lat="45.53563" lon="10.17822" /><trkpt lat="45.53559" lon="10.17866" /><trkpt lat="45.53551" lon="10.17974" /><trkpt lat="45.53546" lon="10.18045" /><trkpt lat="45.53545" lon="10.18057" /><trkpt lat="45.53538" lon="10.18165" /><trkpt lat="45.53528" lon="10.18313" /><trkpt lat="45.53494" lon="10.18793" /><trkpt lat="45.53472" lon="10.19108" /><trkpt lat="45.53451" lon="10.19407" /><trkpt lat="45.53426" lon="10.19752" /><trkpt lat="45.53411" lon="10.19973" /><trkpt lat="45.53401" lon="10.20107" /><trkpt lat="45.53399" lon="10.20136" /><trkpt lat="45.53386" lon="10.20329" /><trkpt lat="45.53377" lon="10.20451" /><trkpt lat="45.53373" lon="10.20554" /><trkpt lat="45.53366" lon="10.20647" /><trkpt lat="45.53362" lon="10.20697" /><trkpt lat="45.53356" lon="10.20737" /><trkpt lat="45.53348" lon="10.20792" /><trkpt lat="45.53338" lon="10.20846" /><trkpt lat="45.53326" lon="10.20899" /><trkpt lat="45.53318" lon="10.20935" /><trkpt lat="45.5331" lon="10.20962" /><trkpt lat="45.53301" lon="10.20989" /><trkpt lat="45.53266" lon="10.21132" /><trkpt lat="45.53228" lon="10.21281" /><trkpt lat="45.53156" lon="10.21581" /><trkpt lat="45.53128" lon="10.21697" /><trkpt lat="45.53122" lon="10.21722" /><trkpt lat="45.53085" lon="10.21874" /><trkpt lat="45.5306" lon="10.21972" /><trkpt lat="45.53052" lon="10.22006" /><trkpt lat="45.53041" lon="10.22049" /><trkpt lat="45.53026" lon="10.22109" /><trkpt lat="45.53019" lon="10.22153" /><trkpt lat="45.53009" lon="10.22211" /><trkpt lat="45.53001" lon="10.22268" /><trkpt lat="45.52994" lon="10.22322" /><trkpt lat="45.52991" lon="10.22357" /><trkpt lat="45.5299" lon="10.22378" /><trkpt lat="45.52988" lon="10.22403" /><trkpt lat="45.52986" lon="10.22439" /><trkpt lat="45.52984" lon="10.22508" /><trkpt lat="45.52983" lon="10.22549" /><trkpt lat="45.52982" lon="10.22565" /><trkpt lat="45.52982" lon="10.22574" /><trkpt lat="45.52978" lon="10.22678" /><trkpt lat="45.52977" lon="10.22697" /><trkpt lat="45.52977" lon="10.22713" /><trkpt lat="45.52976" lon="10.22745" /><trkpt lat="45.52956" lon="10.2336" /><trkpt lat="45.52955" lon="10.2338" /><trkpt lat="45.52944" lon="10.23703" /><trkpt lat="45.52938" lon="10.23859" /><trkpt lat="45.52935" lon="10.23968" /><trkpt lat="45.52932" lon="10.24045" /><trkpt lat="45.52926" lon="10.24237" /><trkpt lat="45.5292" lon="10.24428" /><trkpt lat="45.52916" lon="10.24532" /><trkpt lat="45.52913" lon="10.24618" /><trkpt lat="45.52911" lon="10.24655" /><trkpt lat="45.52908" lon="10.24713" /><trkpt lat="45.52903" lon="10.24773" /><trkpt lat="45.52895" lon="10.24858" /><trkpt lat="45.52884" lon="10.24931" /><trkpt lat="45.52876" lon="10.2498" /><trkpt lat="45.52864" lon="10.25045" /><trkpt lat="45.52848" lon="10.25122" /><trkpt lat="45.52832" lon="10.25189" /><trkpt lat="45.5282" lon="10.25232" /><trkpt lat="45.52804" lon="10.2529" /><trkpt lat="45.52788" lon="10.25341" /><trkpt lat="45.52777" lon="10.25373" /><trkpt lat="45.52766" lon="10.25404" /><trkpt lat="45.5275" lon="10.25447" /><trkpt lat="45.52736" lon="10.25483" /><trkpt lat="45.52718" lon="10.25527" /><trkpt lat="45.52699" lon="10.25573" /><trkpt lat="45.52679" lon="10.25619" /><trkpt lat="45.5266" lon="10.25663" /><trkpt lat="45.52582" lon="10.25842" /><trkpt lat="45.52318" lon="10.26453" /><trkpt lat="45.52312" lon="10.26467" /><trkpt lat="45.5197" lon="10.27259" /><trkpt lat="45.51944" lon="10.27318" /><trkpt lat="45.51942" lon="10.27324" /><trkpt lat="45.51363" lon="10.28665" /><trkpt lat="45.5099" lon="10.29528" /><trkpt lat="45.50863" lon="10.29818" /><trkpt lat="45.50855" lon="10.29838" /><trkpt lat="45.50735" lon="10.30116" /><trkpt lat="45.50686" lon="10.30231" /><trkpt lat="45.50624" lon="10.30373" /><trkpt lat="45.50563" lon="10.30514" /><trkpt lat="45.50463" lon="10.30744" /><trkpt lat="45.50435" lon="10.30808" /><trkpt lat="45.50432" lon="10.30817" /><trkpt lat="45.50373" lon="10.30953" /><trkpt lat="45.50318" lon="10.31078" /><trkpt lat="45.50254" lon="10.31226" /><trkpt lat="45.50174" lon="10.3141" /><trkpt lat="45.50107" lon="10.31565" /><trkpt lat="45.50028" lon="10.3175" /><trkpt lat="45.50013" lon="10.31784" /><trkpt lat="45.49947" lon="10.31936" /><trkpt lat="45.499" lon="10.32043" /><trkpt lat="45.49882" lon="10.32096" /><trkpt lat="45.49872" lon="10.3212" /><trkpt lat="45.4972" lon="10.32469" /><trkpt lat="45.49659" lon="10.3261" /><trkpt lat="45.49657" lon="10.32615" /><trkpt lat="45.49654" lon="10.32622" /><trkpt lat="45.49632" lon="10.32671" /><trkpt lat="45.49543" lon="10.32881" /><trkpt lat="45.49429" lon="10.33143" /><trkpt lat="45.49207" lon="10.33657" /><trkpt lat="45.49184" lon="10.3371" /><trkpt lat="45.4906" lon="10.33996" /><trkpt lat="45.48738" lon="10.34739" /><trkpt lat="45.48672" lon="10.34893" /><trkpt lat="45.48472" lon="10.35357" /><trkpt lat="45.48302" lon="10.35748" /><trkpt lat="45.48277" lon="10.35805" /><trkpt lat="45.48129" lon="10.36148" /><trkpt lat="45.48126" lon="10.36154" /><trkpt lat="45.48124" lon="10.36158" /><trkpt lat="45.48123" lon="10.3616" /><trkpt lat="45.48032" lon="10.36372" /><trkpt lat="45.47911" lon="10.36651" /><trkpt lat="45.47716" lon="10.371" /><trkpt lat="45.47646" lon="10.37264" /><trkpt lat="45.47633" lon="10.37292" /><trkpt lat="45.47624" lon="10.37313" /><trkpt lat="45.47579" lon="10.37417" /><trkpt lat="45.47546" lon="10.37493" /><trkpt lat="45.47508" lon="10.37584" /><trkpt lat="45.47483" lon="10.37651" /><trkpt lat="45.47458" lon="10.37719" /><trkpt lat="45.47435" lon="10.37789" /><trkpt lat="45.47415" lon="10.37856" /><trkpt lat="45.47393" lon="10.37929" /><trkpt lat="45.47375" lon="10.38001" /><trkpt lat="45.47358" lon="10.38073" /><trkpt lat="45.47351" lon="10.38105" /><trkpt lat="45.47343" lon="10.38147" /><trkpt lat="45.47328" lon="10.3822" /><trkpt lat="45.47315" lon="10.38296" /><trkpt lat="45.47304" lon="10.38369" /><trkpt lat="45.47295" lon="10.38446" /><trkpt lat="45.47291" lon="10.38481" /><trkpt lat="45.47288" lon="10.38519" /><trkpt lat="45.47281" lon="10.38602" /><trkpt lat="45.47277" lon="10.38668" /><trkpt lat="45.47275" lon="10.38738" /><trkpt lat="45.47273" lon="10.38802" /><trkpt lat="45.47273" lon="10.38878" /><trkpt lat="45.47275" lon="10.38979" /><trkpt lat="45.47278" lon="10.39042" /><trkpt lat="45.47282" lon="10.39107" /><trkpt lat="45.47286" lon="10.39184" /><trkpt lat="45.4729" lon="10.39259" /><trkpt lat="45.47294" lon="10.39337" /><trkpt lat="45.47298" lon="10.39411" /><trkpt lat="45.47302" lon="10.3949" /><trkpt lat="45.47319" lon="10.39796" /><trkpt lat="45.47331" lon="10.40012" /><trkpt lat="45.47339" lon="10.40153" /><trkpt lat="45.47339" lon="10.40166" /><trkpt lat="45.47343" lon="10.4023" /><trkpt lat="45.47347" lon="10.40309" /><trkpt lat="45.47354" lon="10.40441" /><trkpt lat="45.47362" lon="10.40579" /><trkpt lat="45.47365" lon="10.40642" /><trkpt lat="45.47379" lon="10.40905" /><trkpt lat="45.47383" lon="10.4097" /><trkpt lat="45.47388" lon="10.41066" /><trkpt lat="45.47389" lon="10.41091" /><trkpt lat="45.4739" lon="10.41101" /><trkpt lat="45.47402" lon="10.41316" /><trkpt lat="45.47414" lon="10.41557" /><trkpt lat="45.47417" lon="10.41625" /><trkpt lat="45.47418" lon="10.41703" /><trkpt lat="45.47414" lon="10.41792" /><trkpt lat="45.4741" lon="10.41858" /><trkpt lat="45.47401" lon="10.41927" /><trkpt lat="45.47389" lon="10.42006" /><trkpt lat="45.47372" lon="10.42089" /><trkpt lat="45.47361" lon="10.42138" /><trkpt lat="45.47347" lon="10.42189" /><trkpt lat="45.4732" lon="10.42286" /><trkpt lat="45.47222" lon="10.42639" /><trkpt lat="45.47136" lon="10.42948" /><trkpt lat="45.47026" lon="10.43338" /><trkpt lat="45.4702" lon="10.43359" /><trkpt lat="45.46896" lon="10.43803" /><trkpt lat="45.46825" lon="10.44057" /><trkpt lat="45.46822" lon="10.44069" /><trkpt lat="45.46775" lon="10.44235" /><trkpt lat="45.46618" lon="10.44802" /><trkpt lat="45.4654" lon="10.45083" /><trkpt lat="45.46515" lon="10.45172" /><trkpt lat="45.46512" lon="10.45182" /><trkpt lat="45.4645" lon="10.45401" /><trkpt lat="45.46319" lon="10.4587" /><trkpt lat="45.46316" lon="10.45881" /><trkpt lat="45.46266" lon="10.4606" /><trkpt lat="45.46258" lon="10.46091" /><trkpt lat="45.46148" lon="10.46487" /><trkpt lat="45.46035" lon="10.46891" /><trkpt lat="45.4603" lon="10.46908" /><trkpt lat="45.46007" lon="10.46992" /><trkpt lat="45.4594" lon="10.47231" /><trkpt lat="45.45894" lon="10.47392" /><trkpt lat="45.45848" lon="10.47554" /><trkpt lat="45.45777" lon="10.47808" /><trkpt lat="45.45743" lon="10.47938" /><trkpt lat="45.45732" lon="10.47992" /><trkpt lat="45.45722" lon="10.4804" /><trkpt lat="45.45711" lon="10.48108" /><trkpt lat="45.45707" lon="10.4814" /><trkpt lat="45.45702" lon="10.48178" /><trkpt lat="45.45699" lon="10.48213" /><trkpt lat="45.45695" lon="10.48269" /><trkpt lat="45.45692" lon="10.48347" /><trkpt lat="45.45692" lon="10.48401" /><trkpt lat="45.45693" lon="10.48444" /><trkpt lat="45.45696" lon="10.48491" /><trkpt lat="45.457" lon="10.48543" /><trkpt lat="45.45708" lon="10.48605" /><trkpt lat="45.4572" lon="10.48677" /><trkpt lat="45.45739" lon="10.48766" /><trkpt lat="45.45754" lon="10.48824" /><trkpt lat="45.4577" lon="10.48883" /><trkpt lat="45.45786" lon="10.4893" /><trkpt lat="45.45802" lon="10.48972" /><trkpt lat="45.45831" lon="10.49048" /><trkpt lat="45.45925" lon="10.49276" /><trkpt lat="45.45979" lon="10.49416" /><trkpt lat="45.46018" lon="10.49513" /><trkpt lat="45.46067" lon="10.49636" /><trkpt lat="45.46121" lon="10.49768" /><trkpt lat="45.46392" lon="10.50448" /><trkpt lat="45.46555" lon="10.50857" /><trkpt lat="45.46633" lon="10.51056" /><trkpt lat="45.4672" lon="10.51275" /><trkpt lat="45.46735" lon="10.51317" /><trkpt lat="45.46745" lon="10.51348" /><trkpt lat="45.46753" lon="10.51374" /><trkpt lat="45.46771" lon="10.51435" /><trkpt lat="45.46787" lon="10.51497" /><trkpt lat="45.46797" lon="10.51545" /><trkpt lat="45.46806" lon="10.51595" /><trkpt lat="45.46815" lon="10.51654" /><trkpt lat="45.46819" lon="10.51692" /><trkpt lat="45.46823" lon="10.51723" /><trkpt lat="45.46828" lon="10.51781" /><trkpt lat="45.46831" lon="10.51838" /><trkpt lat="45.46834" lon="10.51917" /><trkpt lat="45.46833" lon="10.5199" /><trkpt lat="45.46829" lon="10.52084" /><trkpt lat="45.46823" lon="10.52154" /><trkpt lat="45.46804" lon="10.52288" /><trkpt lat="45.46788" lon="10.52359" /><trkpt lat="45.4677" lon="10.5243" /><trkpt lat="45.46756" lon="10.52479" /><trkpt lat="45.46741" lon="10.52528" /><trkpt lat="45.46714" lon="10.52604" /><trkpt lat="45.46678" lon="10.52694" /><trkpt lat="45.46504" lon="10.53094" /><trkpt lat="45.46462" lon="10.53191" /><trkpt lat="45.46405" lon="10.53321" /><trkpt lat="45.46376" lon="10.53388" /><trkpt lat="45.4635" lon="10.53444" /><trkpt lat="45.46267" lon="10.53634" /><trkpt lat="45.46151" lon="10.539" /><trkpt lat="45.4612" lon="10.53979" /><trkpt lat="45.46055" lon="10.54127" /><trkpt lat="45.45959" lon="10.54351" /><trkpt lat="45.45939" lon="10.54396" /><trkpt lat="45.45932" lon="10.54413" /><trkpt lat="45.4586" lon="10.54581" /><trkpt lat="45.45834" lon="10.5464" /><trkpt lat="45.45809" lon="10.54699" /><trkpt lat="45.45763" lon="10.54803" /><trkpt lat="45.45751" lon="10.54832" /><trkpt lat="45.45596" lon="10.55189" /><trkpt lat="45.45518" lon="10.55368" /><trkpt lat="45.45429" lon="10.55573" /><trkpt lat="45.45211" lon="10.56077" /><trkpt lat="45.45001" lon="10.56565" /><trkpt lat="45.44885" lon="10.56835" /><trkpt lat="45.44785" lon="10.57055" /><trkpt lat="45.44521" lon="10.57663" /><trkpt lat="45.44495" lon="10.57727" /><trkpt lat="45.44202" lon="10.584" /><trkpt lat="45.44072" lon="10.58699" /><trkpt lat="45.43958" lon="10.58961" /><trkpt lat="45.43883" lon="10.59136" /><trkpt lat="45.43805" lon="10.59315" /><trkpt lat="45.4373" lon="10.59487" /><trkpt lat="45.43682" lon="10.59597" /><trkpt lat="45.4366" lon="10.59651" /><trkpt lat="45.43649" lon="10.59678" /><trkpt lat="45.43639" lon="10.59707" /><trkpt lat="45.43629" lon="10.59736" /><trkpt lat="45.4362" lon="10.59765" /><trkpt lat="45.43606" lon="10.59813" /><trkpt lat="45.43598" lon="10.59843" /><trkpt lat="45.4359" lon="10.59874" /><trkpt lat="45.43577" lon="10.59935" /><trkpt lat="45.43569" lon="10.59979" /><trkpt lat="45.43562" lon="10.60024" /><trkpt lat="45.43553" lon="10.60101" /><trkpt lat="45.4355" lon="10.60139" /><trkpt lat="45.43548" lon="10.60173" /><trkpt lat="45.43545" lon="10.60233" /><trkpt lat="45.43545" lon="10.60295" /><trkpt lat="45.43546" lon="10.60339" /><trkpt lat="45.43548" lon="10.60382" /><trkpt lat="45.43551" lon="10.60424" /><trkpt lat="45.43556" lon="10.60483" /><trkpt lat="45.43563" lon="10.60543" /><trkpt lat="45.43583" lon="10.60737" /><trkpt lat="45.43613" lon="10.61025" /><trkpt lat="45.43652" lon="10.61405" /><trkpt lat="45.43687" lon="10.6175" /><trkpt lat="45.43727" lon="10.62142" /><trkpt lat="45.43774" lon="10.62592" /><trkpt lat="45.43818" lon="10.63029" /><trkpt lat="45.43879" lon="10.63608" /><trkpt lat="45.43919" lon="10.64004" /><trkpt lat="45.43921" lon="10.64018" /><trkpt lat="45.43941" lon="10.6421" /><trkpt lat="45.43983" lon="10.64627" /><trkpt lat="45.44028" lon="10.65062" /><trkpt lat="45.4407" lon="10.65474" /><trkpt lat="45.44072" lon="10.65491" /><trkpt lat="45.44105" lon="10.65807" /><trkpt lat="45.44126" lon="10.66026" /><trkpt lat="45.44151" lon="10.66267" /><trkpt lat="45.44176" lon="10.66502" /><trkpt lat="45.44198" lon="10.66715" /><trkpt lat="45.44202" lon="10.66752" /><trkpt lat="45.44205" lon="10.66783" /><trkpt lat="45.44207" lon="10.66817" /><trkpt lat="45.44209" lon="10.66862" /><trkpt lat="45.4421" lon="10.6691" /><trkpt lat="45.4421" lon="10.66976" /><trkpt lat="45.44209" lon="10.67019" /><trkpt lat="45.44206" lon="10.67061" /><trkpt lat="45.442" lon="10.67133" /><trkpt lat="45.44195" lon="10.67171" /><trkpt lat="45.44191" lon="10.67205" /><trkpt lat="45.44181" lon="10.67264" /><trkpt lat="45.44173" lon="10.67305" /><trkpt lat="45.44166" lon="10.67337" /><trkpt lat="45.44156" lon="10.67382" /><trkpt lat="45.44148" lon="10.67414" /><trkpt lat="45.4414" lon="10.6744" /><trkpt lat="45.44105" lon="10.67553" /><trkpt lat="45.44081" lon="10.67626" /><trkpt lat="45.44065" lon="10.67672" /><trkpt lat="45.44041" lon="10.67745" /><trkpt lat="45.44024" lon="10.67794" /><trkpt lat="45.43951" lon="10.68015" /><trkpt lat="45.43931" lon="10.68073" /><trkpt lat="45.4387" lon="10.68261" /><trkpt lat="45.43841" lon="10.68343" /><trkpt lat="45.4381" lon="10.68425" /><trkpt lat="45.43776" lon="10.68511" /><trkpt lat="45.43735" lon="10.68607" /><trkpt lat="45.4369" lon="10.68716" /><trkpt lat="45.43645" lon="10.68824" /><trkpt lat="45.43597" lon="10.68941" /><trkpt lat="45.43575" lon="10.68996" /><trkpt lat="45.4356" lon="10.6904" /><trkpt lat="45.43552" lon="10.69067" /><trkpt lat="45.43544" lon="10.69094" /><trkpt lat="45.43529" lon="10.69156" /><trkpt lat="45.43521" lon="10.69198" /><trkpt lat="45.43515" lon="10.6924" /><trkpt lat="45.4351" lon="10.69289" /><trkpt lat="45.43505" lon="10.69345" /><trkpt lat="45.43504" lon="10.69398" /><trkpt lat="45.43504" lon="10.69451" /><trkpt lat="45.43507" lon="10.69502" /><trkpt lat="45.43511" lon="10.69544" /><trkpt lat="45.43516" lon="10.69586" /><trkpt lat="45.43525" lon="10.69641" /><trkpt lat="45.43536" lon="10.69695" /><trkpt lat="45.43553" lon="10.69762" /><trkpt lat="45.43572" lon="10.69823" /><trkpt lat="45.43596" lon="10.69883" /><trkpt lat="45.43616" lon="10.69925" /><trkpt lat="45.43639" lon="10.69967" /><trkpt lat="45.43668" lon="10.7001" /><trkpt lat="45.43744" lon="10.70112" /><trkpt lat="45.43753" lon="10.70123" /><trkpt lat="45.43813" lon="10.70203" /><trkpt lat="45.43848" lon="10.70249" /><trkpt lat="45.43999" lon="10.70448" /><trkpt lat="45.44037" lon="10.70501" /><trkpt lat="45.44062" lon="10.7054" /><trkpt lat="45.44084" lon="10.70583" /><trkpt lat="45.44103" lon="10.70624" /><trkpt lat="45.44119" lon="10.70657" /><trkpt lat="45.44132" lon="10.70691" /><trkpt lat="45.44151" lon="10.70747" /><trkpt lat="45.44166" lon="10.70796" /><trkpt lat="45.44174" lon="10.70827" /><trkpt lat="45.44184" lon="10.70864" /><trkpt lat="45.44191" lon="10.70901" /><trkpt lat="45.44196" lon="10.70931" /><trkpt lat="45.44204" lon="10.70983" /><trkpt lat="45.44212" lon="10.7104" /><trkpt lat="45.44217" lon="10.71095" /><trkpt lat="45.44219" lon="10.71146" /><trkpt lat="45.44221" lon="10.71188" /><trkpt lat="45.44221" lon="10.7123" /><trkpt lat="45.44219" lon="10.71276" /><trkpt lat="45.44214" lon="10.71347" /><trkpt lat="45.44203" lon="10.7143" /><trkpt lat="45.44188" lon="10.71502" /><trkpt lat="45.44134" lon="10.71712" /><trkpt lat="45.44129" lon="10.71732" /><trkpt lat="45.44113" lon="10.71794" /><trkpt lat="45.44086" lon="10.71899" /><trkpt lat="45.44071" lon="10.71957" /><trkpt lat="45.43895" lon="10.72649" /><trkpt lat="45.43857" lon="10.72796" /><trkpt lat="45.43766" lon="10.73152" /><trkpt lat="45.43751" lon="10.73214" /><trkpt lat="45.43746" lon="10.73231" /><trkpt lat="45.43672" lon="10.73527" /><trkpt lat="45.43515" lon="10.74141" /><trkpt lat="45.43407" lon="10.74562" /><trkpt lat="45.43295" lon="10.75004" /><trkpt lat="45.43096" lon="10.7578" /><trkpt lat="45.43077" lon="10.75856" /><trkpt lat="45.43064" lon="10.75908" /><trkpt lat="45.43054" lon="10.75952" /><trkpt lat="45.43038" lon="10.76041" /><trkpt lat="45.43021" lon="10.76136" /><trkpt lat="45.4297" lon="10.76442" /><trkpt lat="45.42968" lon="10.76456" /><trkpt lat="45.42832" lon="10.77203" /><trkpt lat="45.42794" lon="10.77467" /><trkpt lat="45.42792" lon="10.77481" /><trkpt lat="45.42726" lon="10.77824" /><trkpt lat="45.42652" lon="10.78296" /><trkpt lat="45.42594" lon="10.78622" /><trkpt lat="45.42582" lon="10.78689" /><trkpt lat="45.42569" lon="10.78767" /><trkpt lat="45.42509" lon="10.79095" /><trkpt lat="45.42417" lon="10.79633" /><trkpt lat="45.42337" lon="10.8017" /><trkpt lat="45.42274" lon="10.80643" /><trkpt lat="45.42251" lon="10.80811" /><trkpt lat="45.42206" lon="10.81132" /><trkpt lat="45.42161" lon="10.81395" /><trkpt lat="45.42144" lon="10.81539" /><trkpt lat="45.42135" lon="10.81676" /><trkpt lat="45.42135" lon="10.81794" /><trkpt lat="45.4214" lon="10.81881" /><trkpt lat="45.42146" lon="10.81971" /><trkpt lat="45.42155" lon="10.82052" /><trkpt lat="45.42158" lon="10.82074" /><trkpt lat="45.42163" lon="10.82123" /><trkpt lat="45.42191" lon="10.82275" /><trkpt lat="45.42273" lon="10.82675" /><trkpt lat="45.42277" lon="10.82696" /><trkpt lat="45.42306" lon="10.82835" /><trkpt lat="45.42318" lon="10.82889" /><trkpt lat="45.42347" lon="10.8301" /><trkpt lat="45.42362" lon="10.83073" /><trkpt lat="45.42385" lon="10.83172" /><trkpt lat="45.42428" lon="10.83378" /><trkpt lat="45.42444" lon="10.83457" /><trkpt lat="45.42452" lon="10.83513" /><trkpt lat="45.42474" lon="10.8362" /><trkpt lat="45.42492" lon="10.8371" /><trkpt lat="45.42507" lon="10.83787" /><trkpt lat="45.42521" lon="10.83864" /><trkpt lat="45.42543" lon="10.83983" /><trkpt lat="45.42559" lon="10.84072" /><trkpt lat="45.42568" lon="10.84118" /><trkpt lat="45.42597" lon="10.84264" /><trkpt lat="45.42603" lon="10.84293" /><trkpt lat="45.42615" lon="10.84356" /><trkpt lat="45.42632" lon="10.84442" /><trkpt lat="45.4265" lon="10.84536" /><trkpt lat="45.4267" lon="10.84632" /><trkpt lat="45.42689" lon="10.84721" /><trkpt lat="45.42694" lon="10.84745" /><trkpt lat="45.42708" lon="10.84814" /><trkpt lat="45.4272" lon="10.84876" /><trkpt lat="45.42728" lon="10.84927" /><trkpt lat="45.42735" lon="10.84985" /><trkpt lat="45.4274" lon="10.8504" /><trkpt lat="45.42744" lon="10.8511" /><trkpt lat="45.42746" lon="10.85158" /><trkpt lat="45.42746" lon="10.85221" /><trkpt lat="45.42746" lon="10.85231" /><trkpt lat="45.42745" lon="10.85459" /><trkpt lat="45.42744" lon="10.85645" /><trkpt lat="45.42742" lon="10.85907" /><trkpt lat="45.42741" lon="10.86213" /><trkpt lat="45.42739" lon="10.86969" /><trkpt lat="45.42739" lon="10.87036" /><trkpt lat="45.42739" lon="10.87164" /><trkpt lat="45.42738" lon="10.87437" /><trkpt lat="45.42737" lon="10.87607" /><trkpt lat="45.42735" lon="10.88214" /><trkpt lat="45.42735" lon="10.88402" /><trkpt lat="45.42735" lon="10.88411" /><trkpt lat="45.42735" lon="10.8851" /><trkpt lat="45.42734" lon="10.88644" /><trkpt lat="45.42733" lon="10.88709" /><trkpt lat="45.42729" lon="10.88922" /><trkpt lat="45.42729" lon="10.89014" /><trkpt lat="45.42729" lon="10.89077" /><trkpt lat="45.42728" lon="10.89128" /><trkpt lat="45.42727" lon="10.8939" /><trkpt lat="45.42726" lon="10.89696" /><trkpt lat="45.42725" lon="10.89839" /><trkpt lat="45.42724" lon="10.90073" /><trkpt lat="45.42724" lon="10.90133" /><trkpt lat="45.42724" lon="10.90279" /><trkpt lat="45.42723" lon="10.90389" /><trkpt lat="45.42723" lon="10.90569" /><trkpt lat="45.42722" lon="10.90718" /><trkpt lat="45.42722" lon="10.90772" /><trkpt lat="45.42722" lon="10.90845" /><trkpt lat="45.42722" lon="10.909" /><trkpt lat="45.42721" lon="10.91056" /><trkpt lat="45.4272" lon="10.91124" /><trkpt lat="45.4272" lon="10.91172" /><trkpt lat="45.4272" lon="10.91181" /><trkpt lat="45.4272" lon="10.91206" /><trkpt lat="45.42719" lon="10.91285" /><trkpt lat="45.42719" lon="10.91435" /><trkpt lat="45.42719" lon="10.91438" /><trkpt lat="45.42719" lon="10.91497" /><trkpt lat="45.42718" lon="10.91672" /><trkpt lat="45.42718" lon="10.91687" /><trkpt lat="45.42717" lon="10.91858" /><trkpt lat="45.42717" lon="10.91911" /><trkpt lat="45.42716" lon="10.92061" /><trkpt lat="45.42715" lon="10.9228" /><trkpt lat="45.42714" lon="10.92541" /><trkpt lat="45.42713" lon="10.92696" /><trkpt lat="45.42713" lon="10.92859" /><trkpt lat="45.42712" lon="10.93113" /><trkpt lat="45.42711" lon="10.93155" /><trkpt lat="45.4271" lon="10.93343" /><trkpt lat="45.4271" lon="10.93489" /><trkpt lat="45.42707" lon="10.93725" /><trkpt lat="45.42707" lon="10.93811" /><trkpt lat="45.42706" lon="10.93847" /><trkpt lat="45.42706" lon="10.93923" /><trkpt lat="45.42705" lon="10.93998" /><trkpt lat="45.42705" lon="10.94062" /><trkpt lat="45.42705" lon="10.94183" /><trkpt lat="45.42704" lon="10.94252" /><trkpt lat="45.42704" lon="10.94314" /><trkpt lat="45.42704" lon="10.94456" /><trkpt lat="45.42704" lon="10.94538" /><trkpt lat="45.42704" lon="10.94574" /><trkpt lat="45.42704" lon="10.94668" /><trkpt lat="45.42703" lon="10.94815" /><trkpt lat="45.42703" lon="10.94947" /><trkpt lat="45.42702" lon="10.95112" /><trkpt lat="45.42701" lon="10.95265" /><trkpt lat="45.42701" lon="10.95342" /><trkpt lat="45.42701" lon="10.95446" /><trkpt lat="45.427" lon="10.95548" /><trkpt lat="45.42699" lon="10.95692" /><trkpt lat="45.42699" lon="10.95721" /><trkpt lat="45.42699" lon="10.95751" /><trkpt lat="45.42698" lon="10.95779" /><trkpt lat="45.42697" lon="10.95807" /><trkpt lat="45.42696" lon="10.95837" /><trkpt lat="45.42694" lon="10.95871" /><trkpt lat="45.42692" lon="10.95904" /><trkpt lat="45.4269" lon="10.95934" /><trkpt lat="45.42687" lon="10.95967" /><trkpt lat="45.42684" lon="10.95996" /><trkpt lat="45.42681" lon="10.96031" /><trkpt lat="45.42674" lon="10.96085" /><trkpt lat="45.42666" lon="10.96137" /><trkpt lat="45.42661" lon="10.96171" /><trkpt lat="45.42653" lon="10.96219" /><trkpt lat="45.42647" lon="10.96252" /><trkpt lat="45.42635" lon="10.96314" /><trkpt lat="45.42615" lon="10.964" /><trkpt lat="45.42603" lon="10.96454" /><trkpt lat="45.42596" lon="10.96484" /><trkpt lat="45.4259" lon="10.96511" /><trkpt lat="45.42585" lon="10.96537" /><trkpt lat="45.42579" lon="10.96566" /><trkpt lat="45.42576" lon="10.96589" /><trkpt lat="45.42572" lon="10.96615" /><trkpt lat="45.42569" lon="10.96643" /><trkpt lat="45.42566" lon="10.96671" /><trkpt lat="45.42565" lon="10.96701" /><trkpt lat="45.42564" lon="10.9673" /><trkpt lat="45.42563" lon="10.96756" /><trkpt lat="45.42564" lon="10.96784" /><trkpt lat="45.42565" lon="10.96814" /><trkpt lat="45.42567" lon="10.96844" /><trkpt lat="45.4257" lon="10.96875" /><trkpt lat="45.42573" lon="10.96902" /><trkpt lat="45.42576" lon="10.96926" /><trkpt lat="45.42581" lon="10.96953" /><trkpt lat="45.42585" lon="10.96981" /><trkpt lat="45.42592" lon="10.9701" /><trkpt lat="45.42616" lon="10.9712" /><trkpt lat="45.4264" lon="10.97226" /><trkpt lat="45.42665" lon="10.9734" /><trkpt lat="45.42689" lon="10.97448" /><trkpt lat="45.42717" lon="10.97573" /><trkpt lat="45.42721" lon="10.97604" /><trkpt lat="45.42725" lon="10.97634" /><trkpt lat="45.42735" lon="10.97705" /><trkpt lat="45.42745" lon="10.97752" /><trkpt lat="45.4277" lon="10.9787" /><trkpt lat="45.42796" lon="10.98005" /><trkpt lat="45.42837" lon="10.98223" /><trkpt lat="45.42889" lon="10.98484" /><trkpt lat="45.42891" lon="10.98495" /><trkpt lat="45.42894" lon="10.98511" /><trkpt lat="45.42897" lon="10.9853" /><trkpt lat="45.42899" lon="10.98542" /><trkpt lat="45.42903" lon="10.98563" /><trkpt lat="45.4291" lon="10.98589" /><trkpt lat="45.42915" lon="10.98613" /><trkpt lat="45.42918" lon="10.98627" /><trkpt lat="45.42919" lon="10.9864" /><trkpt lat="45.42922" lon="10.98667" /><trkpt lat="45.42924" lon="10.98676" /><trkpt lat="45.4293" lon="10.98737" /><trkpt lat="45.42933" lon="10.98869" /><trkpt lat="45.42933" lon="10.98887" /><trkpt lat="45.42933" lon="10.98908" /><trkpt lat="45.42932" lon="10.98927" /><trkpt lat="45.4293" lon="10.98955" /><trkpt lat="45.42928" lon="10.9897" /><trkpt lat="45.42924" lon="10.98996" /><trkpt lat="45.42921" lon="10.99018" /><trkpt lat="45.42916" lon="10.99047" /><trkpt lat="45.4291" lon="10.99073" /><trkpt lat="45.42904" lon="10.99098" /><trkpt lat="45.42896" lon="10.99125" /><trkpt lat="45.42888" lon="10.99151" /><trkpt lat="45.42879" lon="10.99176" /><trkpt lat="45.42869" lon="10.99201" /><trkpt lat="45.42859" lon="10.99225" /><trkpt lat="45.42846" lon="10.99254" /><trkpt lat="45.42829" lon="10.9929" /><trkpt lat="45.42814" lon="10.99329" /><trkpt lat="45.42796" lon="10.99367" /><trkpt lat="45.42788" lon="10.99384" /><trkpt lat="45.42763" lon="10.99426" /><trkpt lat="45.42675" lon="10.99611" /><trkpt lat="45.42659" lon="10.99644" /><trkpt lat="45.42651" lon="10.99663" /><trkpt lat="45.4264" lon="10.99689" /><trkpt lat="45.42628" lon="10.99718" /><trkpt lat="45.42619" lon="10.99749" /><trkpt lat="45.42611" lon="10.99779" /><trkpt lat="45.42602" lon="10.99823" /><trkpt lat="45.42596" lon="10.99867" /><trkpt lat="45.42592" lon="10.99919" /><trkpt lat="45.42592" lon="10.99967" /><trkpt lat="45.42594" lon="11.00003" /><trkpt lat="45.42599" lon="11.00041" /><trkpt lat="45.42603" lon="11.00069" /><trkpt lat="45.4261" lon="11.001" /><trkpt lat="45.4262" lon="11.00136" /><trkpt lat="45.4263" lon="11.00168" /><trkpt lat="45.42641" lon="11.00199" /><trkpt lat="45.42649" lon="11.00216" /><trkpt lat="45.42657" lon="11.00231" /><trkpt lat="45.42666" lon="11.00248" /><trkpt lat="45.42688" lon="11.00284" /><trkpt lat="45.42713" lon="11.00319" /><trkpt lat="45.42736" lon="11.00346" /><trkpt lat="45.42791" lon="11.00408" /><trkpt lat="45.42817" lon="11.00438" /><trkpt lat="45.42843" lon="11.00466" /><trkpt lat="45.42865" lon="11.0049" /><trkpt lat="45.42938" lon="11.00571" /><trkpt lat="45.42989" lon="11.00627" /><trkpt lat="45.43035" lon="11.00679" /><trkpt lat="45.43082" lon="11.0073" /><trkpt lat="45.43092" lon="11.00741" /><trkpt lat="45.43116" lon="11.00767" /><trkpt lat="45.43164" lon="11.00821" /><trkpt lat="45.43184" lon="11.00843" /><trkpt lat="45.43209" lon="11.0087" /><trkpt lat="45.43221" lon="11.00884" /><trkpt lat="45.43234" lon="11.00898" /><trkpt lat="45.43253" lon="11.0092" /><trkpt lat="45.43279" lon="11.00947" /><trkpt lat="45.43297" lon="11.00968" /><trkpt lat="45.43307" lon="11.00979" /><trkpt lat="45.43318" lon="11.00993" /><trkpt lat="45.43333" lon="11.01011" /><trkpt lat="45.43356" lon="11.01043" /><trkpt lat="45.43387" lon="11.01094" /><trkpt lat="45.43397" lon="11.01114" /><trkpt lat="45.43408" lon="11.01136" /><trkpt lat="45.4342" lon="11.01165" /><trkpt lat="45.43433" lon="11.01198" /><trkpt lat="45.43445" lon="11.01233" /><trkpt lat="45.43456" lon="11.01273" /><trkpt lat="45.43463" lon="11.01306" /><trkpt lat="45.4347" lon="11.0134" /><trkpt lat="45.4348" lon="11.01409" /><trkpt lat="45.43488" lon="11.01462" /><trkpt lat="45.43491" lon="11.01481" /><trkpt lat="45.43497" lon="11.0152" /><trkpt lat="45.43508" lon="11.01598" /><trkpt lat="45.43524" lon="11.0171" /><trkpt lat="45.43558" lon="11.01944" /><trkpt lat="45.4364" lon="11.02503" /><trkpt lat="45.43653" lon="11.02566" /><trkpt lat="45.43662" lon="11.02637" /><trkpt lat="45.43666" lon="11.02692" /><trkpt lat="45.43669" lon="11.02748" /><trkpt lat="45.43668" lon="11.02803" /><trkpt lat="45.43666" lon="11.02852" /><trkpt lat="45.43661" lon="11.02907" /><trkpt lat="45.43654" lon="11.02961" /><trkpt lat="45.43645" lon="11.03015" /><trkpt lat="45.43624" lon="11.03122" /><trkpt lat="45.43603" lon="11.03214" /><trkpt lat="45.43586" lon="11.03304" /><trkpt lat="45.43565" lon="11.03408" /><trkpt lat="45.43539" lon="11.03545" /><trkpt lat="45.4352" lon="11.03644" /><trkpt lat="45.43499" lon="11.03745" /><trkpt lat="45.4348" lon="11.03822" /><trkpt lat="45.43452" lon="11.0391" /><trkpt lat="45.43433" lon="11.03964" /><trkpt lat="45.43412" lon="11.04018" /><trkpt lat="45.43396" lon="11.04054" /><trkpt lat="45.43388" lon="11.04071" /><trkpt lat="45.4338" lon="11.04089" /><trkpt lat="45.43374" lon="11.04101" /><trkpt lat="45.43352" lon="11.04141" /><trkpt lat="45.43323" lon="11.04192" /><trkpt lat="45.43286" lon="11.0425" /><trkpt lat="45.43259" lon="11.04289" /><trkpt lat="45.43234" lon="11.04322" /><trkpt lat="45.43221" lon="11.04337" /><trkpt lat="45.43208" lon="11.04352" /><trkpt lat="45.43182" lon="11.04381" /><trkpt lat="45.43143" lon="11.0442" /><trkpt lat="45.43101" lon="11.04457" /><trkpt lat="45.43087" lon="11.04467" /><trkpt lat="45.43053" lon="11.04494" /><trkpt lat="45.43023" lon="11.04515" /><trkpt lat="45.42991" lon="11.04541" /><trkpt lat="45.4296" lon="11.04567" /><trkpt lat="45.42933" lon="11.04591" /><trkpt lat="45.42897" lon="11.04626" /><trkpt lat="45.4286" lon="11.04667" /><trkpt lat="45.42815" lon="11.04725" /><trkpt lat="45.42793" lon="11.04756" /><trkpt lat="45.42772" lon="11.04789" /><trkpt lat="45.42734" lon="11.04853" /><trkpt lat="45.42705" lon="11.0491" /><trkpt lat="45.42679" lon="11.04969" /><trkpt lat="45.42669" lon="11.04992" /><trkpt lat="45.4266" lon="11.05017" /><trkpt lat="45.42644" lon="11.05063" /><trkpt lat="45.42631" lon="11.05111" /><trkpt lat="45.4262" lon="11.05161" /><trkpt lat="45.42609" lon="11.05214" /><trkpt lat="45.42599" lon="11.05273" /><trkpt lat="45.42593" lon="11.05311" /><trkpt lat="45.42588" lon="11.05357" /><trkpt lat="45.42582" lon="11.05405" /><trkpt lat="45.42565" lon="11.05547" /><trkpt lat="45.42549" lon="11.05685" /><trkpt lat="45.42531" lon="11.05835" /><trkpt lat="45.42526" lon="11.05871" /><trkpt lat="45.42522" lon="11.05899" /><trkpt lat="45.42502" lon="11.06019" /><trkpt lat="45.42473" lon="11.06229" /><trkpt lat="45.42461" lon="11.06328" /><trkpt lat="45.42448" lon="11.06441" /><trkpt lat="45.42431" lon="11.06585" /><trkpt lat="45.42428" lon="11.06606" /><trkpt lat="45.42415" lon="11.0672" /><trkpt lat="45.42404" lon="11.06808" /><trkpt lat="45.42389" lon="11.06935" /><trkpt lat="45.42369" lon="11.07095" /><trkpt lat="45.42362" lon="11.07158" /><trkpt lat="45.42355" lon="11.07215" /><trkpt lat="45.42343" lon="11.07321" /><trkpt lat="45.42328" lon="11.07444" /><trkpt lat="45.42316" lon="11.07544" /><trkpt lat="45.42298" lon="11.07699" /><trkpt lat="45.42274" lon="11.07895" /><trkpt lat="45.42261" lon="11.08002" /><trkpt lat="45.42248" lon="11.08109" /><trkpt lat="45.42229" lon="11.08273" /><trkpt lat="45.42228" lon="11.08284" /><trkpt lat="45.42227" lon="11.08291" /><trkpt lat="45.42225" lon="11.08312" /><trkpt lat="45.4222" lon="11.08353" /><trkpt lat="45.42213" lon="11.08414" /><trkpt lat="45.4221" lon="11.08435" /><trkpt lat="45.42184" lon="11.08652" /><trkpt lat="45.4217" lon="11.08766" /><trkpt lat="45.42155" lon="11.0889" /><trkpt lat="45.42152" lon="11.08921" /><trkpt lat="45.42135" lon="11.09054" /><trkpt lat="45.42105" lon="11.0931" /><trkpt lat="45.42074" lon="11.09566" /><trkpt lat="45.42061" lon="11.09672" /><trkpt lat="45.42048" lon="11.09782" /><trkpt lat="45.42036" lon="11.09888" /><trkpt lat="45.42032" lon="11.09916" /><trkpt lat="45.42031" lon="11.09926" /><trkpt lat="45.42026" lon="11.09974" /><trkpt lat="45.42023" lon="11.09992" /><trkpt lat="45.42018" lon="11.10041" /><trkpt lat="45.41997" lon="11.10216" /><trkpt lat="45.41978" lon="11.10375" /><trkpt lat="45.41963" lon="11.105" /><trkpt lat="45.41946" lon="11.10645" /><trkpt lat="45.41926" lon="11.10805" /><trkpt lat="45.41906" lon="11.10969" /><trkpt lat="45.41884" lon="11.11152" /><trkpt lat="45.41873" lon="11.11245" /><trkpt lat="45.41862" lon="11.11339" /><trkpt lat="45.41842" lon="11.11503" /><trkpt lat="45.41839" lon="11.11532" /><trkpt lat="45.41826" lon="11.11666" /><trkpt lat="45.41812" lon="11.11818" /><trkpt lat="45.4177" lon="11.12286" /><trkpt lat="45.41734" lon="11.12729" /><trkpt lat="45.41728" lon="11.12802" /><trkpt lat="45.41693" lon="11.13214" /><trkpt lat="45.41686" lon="11.13293" /><trkpt lat="45.41644" lon="11.13749" /><trkpt lat="45.41603" lon="11.14225" /><trkpt lat="45.41602" lon="11.14238" /><trkpt lat="45.41596" lon="11.14303" /><trkpt lat="45.41589" lon="11.14386" /><trkpt lat="45.41587" lon="11.14408" /><trkpt lat="45.41573" lon="11.14571" /><trkpt lat="45.41547" lon="11.14871" /><trkpt lat="45.41527" lon="11.15101" /><trkpt lat="45.41509" lon="11.15309" /><trkpt lat="45.41478" lon="11.15664" /><trkpt lat="45.41473" lon="11.15731" /><trkpt lat="45.41466" lon="11.15821" /><trkpt lat="45.41463" lon="11.15878" /><trkpt lat="45.41433" lon="11.16202" /><trkpt lat="45.41426" lon="11.16301" /><trkpt lat="45.41421" lon="11.16426" /><trkpt lat="45.41409" lon="11.16868" /><trkpt lat="45.41406" lon="11.16982" /><trkpt lat="45.41401" lon="11.17193" /><trkpt lat="45.41395" lon="11.1735" /><trkpt lat="45.41393" lon="11.17549" /><trkpt lat="45.41385" lon="11.1791" /><trkpt lat="45.41365" lon="11.18792" /><trkpt lat="45.4136" lon="11.18935" /><trkpt lat="45.41346" lon="11.19077" /><trkpt lat="45.41325" lon="11.19218" /><trkpt lat="45.41252" lon="11.19609" /><trkpt lat="45.41145" lon="11.20189" /><trkpt lat="45.41068" lon="11.20589" /><trkpt lat="45.40991" lon="11.21036" /><trkpt lat="45.40982" lon="11.21087" /><trkpt lat="45.40903" lon="11.21533" /><trkpt lat="45.40902" lon="11.21539" /><trkpt lat="45.40874" lon="11.217" /><trkpt lat="45.40852" lon="11.21822" /><trkpt lat="45.40787" lon="11.22153" /><trkpt lat="45.40785" lon="11.22166" /><trkpt lat="45.40689" lon="11.22708" /><trkpt lat="45.40596" lon="11.2321" /><trkpt lat="45.40442" lon="11.24056" /><trkpt lat="45.40359" lon="11.24492" /><trkpt lat="45.40334" lon="11.24634" /><trkpt lat="45.40279" lon="11.2494" /><trkpt lat="45.40211" lon="11.25302" /><trkpt lat="45.40207" lon="11.25324" /><trkpt lat="45.40186" lon="11.25446" /><trkpt lat="45.40176" lon="11.25521" /><trkpt lat="45.40167" lon="11.25604" /><trkpt lat="45.40162" lon="11.25676" /><trkpt lat="45.40158" lon="11.25806" /><trkpt lat="45.40157" lon="11.25843" /><trkpt lat="45.40154" lon="11.25927" /><trkpt lat="45.40151" lon="11.26012" /><trkpt lat="45.40148" lon="11.26096" /><trkpt lat="45.40148" lon="11.2618" /><trkpt lat="45.40148" lon="11.26263" /><trkpt lat="45.40148" lon="11.26279" /><trkpt lat="45.40151" lon="11.26334" /><trkpt lat="45.40155" lon="11.2639" /><trkpt lat="45.40165" lon="11.26501" /><trkpt lat="45.40196" lon="11.2677" /><trkpt lat="45.40201" lon="11.26808" /><trkpt lat="45.40202" lon="11.26821" /><trkpt lat="45.40214" lon="11.26916" /><trkpt lat="45.40237" lon="11.27127" /><trkpt lat="45.40258" lon="11.27321" /><trkpt lat="45.40273" lon="11.27452" /><trkpt lat="45.40293" lon="11.27625" /><trkpt lat="45.40301" lon="11.27691" /><trkpt lat="45.40309" lon="11.27754" /><trkpt lat="45.40336" lon="11.27979" /><trkpt lat="45.40342" lon="11.28028" /><trkpt lat="45.40352" lon="11.28118" /><trkpt lat="45.40367" lon="11.28245" /><trkpt lat="45.40375" lon="11.28312" /><trkpt lat="45.40423" lon="11.28733" /><trkpt lat="45.40512" lon="11.29532" /><trkpt lat="45.40554" lon="11.29895" /><trkpt lat="45.40621" lon="11.30476" /><trkpt lat="45.40655" lon="11.30769" /><trkpt lat="45.40656" lon="11.30779" /><trkpt lat="45.40687" lon="11.31049" /><trkpt lat="45.40751" lon="11.31605" /><trkpt lat="45.40767" lon="11.3174" /><trkpt lat="45.40792" lon="11.31959" /><trkpt lat="45.40833" lon="11.32321" /><trkpt lat="45.40893" lon="11.32842" /><trkpt lat="45.40922" lon="11.33088" /><trkpt lat="45.4097" lon="11.33514" /><trkpt lat="45.40991" lon="11.33693" /><trkpt lat="45.41005" lon="11.33787" /><trkpt lat="45.41021" lon="11.33868" /><trkpt lat="45.41036" lon="11.33933" /><trkpt lat="45.41049" lon="11.33982" /><trkpt lat="45.41068" lon="11.34044" /><trkpt lat="45.41091" lon="11.34107" /><trkpt lat="45.4112" lon="11.34177" /><trkpt lat="45.4115" lon="11.34245" /><trkpt lat="45.41176" lon="11.34294" /><trkpt lat="45.41193" lon="11.34327" /><trkpt lat="45.41221" lon="11.34371" /><trkpt lat="45.41251" lon="11.34419" /><trkpt lat="45.41274" lon="11.34446" /><trkpt lat="45.41293" lon="11.34471" /><trkpt lat="45.41324" lon="11.34508" /><trkpt lat="45.41423" lon="11.34624" /><trkpt lat="45.41566" lon="11.3479" /><trkpt lat="45.41812" lon="11.35075" /><trkpt lat="45.42025" lon="11.35322" /><trkpt lat="45.42299" lon="11.3564" /><trkpt lat="45.42617" lon="11.36007" /><trkpt lat="45.4291" lon="11.36348" /><trkpt lat="45.43266" lon="11.36759" /><trkpt lat="45.43641" lon="11.37194" /><trkpt lat="45.43847" lon="11.37432" /><trkpt lat="45.43986" lon="11.37594" /><trkpt lat="45.44195" lon="11.37842" /><trkpt lat="45.44283" lon="11.37947" /><trkpt lat="45.4453" lon="11.38229" /><trkpt lat="45.44678" lon="11.384" /><trkpt lat="45.44688" lon="11.38412" /><trkpt lat="45.44763" lon="11.38488" /><trkpt lat="45.44819" lon="11.38554" /><trkpt lat="45.44914" lon="11.38661" /><trkpt lat="45.44955" lon="11.38709" /><trkpt lat="45.44996" lon="11.38757" /><trkpt lat="45.45027" lon="11.38794" /><trkpt lat="45.45147" lon="11.38935" /><trkpt lat="45.45181" lon="11.38978" /><trkpt lat="45.45214" lon="11.39024" /><trkpt lat="45.4525" lon="11.39082" /><trkpt lat="45.45293" lon="11.39164" /><trkpt lat="45.45326" lon="11.39237" /><trkpt lat="45.45351" lon="11.39304" /><trkpt lat="45.45377" lon="11.39383" /><trkpt lat="45.45385" lon="11.39408" /><trkpt lat="45.45413" lon="11.39507" /><trkpt lat="45.45424" lon="11.39546" /><trkpt lat="45.45429" lon="11.39561" /><trkpt lat="45.45436" lon="11.3958" /><trkpt lat="45.4546" lon="11.3965" /><trkpt lat="45.45483" lon="11.39722" /><trkpt lat="45.45496" lon="11.39764" /><trkpt lat="45.45584" lon="11.40077" /><trkpt lat="45.45601" lon="11.40136" /><trkpt lat="45.45634" lon="11.4024" /><trkpt lat="45.45667" lon="11.40335" /><trkpt lat="45.45703" lon="11.40436" /><trkpt lat="45.45711" lon="11.40456" /><trkpt lat="45.4574" lon="11.40521" /><trkpt lat="45.45779" lon="11.40606" /><trkpt lat="45.45818" lon="11.40681" /><trkpt lat="45.45851" lon="11.4074" /><trkpt lat="45.45925" lon="11.40867" /><trkpt lat="45.46033" lon="11.41039" /><trkpt lat="45.46087" lon="11.41113" /><trkpt lat="45.46215" lon="11.41267" /><trkpt lat="45.46293" lon="11.4135" /><trkpt lat="45.46384" lon="11.41436" /><trkpt lat="45.46435" lon="11.41482" /><trkpt lat="45.4648" lon="11.4152" /><trkpt lat="45.46594" lon="11.41612" /><trkpt lat="45.46703" lon="11.41696" /><trkpt lat="45.46822" lon="11.41778" /><trkpt lat="45.46956" lon="11.41868" /><trkpt lat="45.47191" lon="11.42025" /><trkpt lat="45.47262" lon="11.42073" /><trkpt lat="45.47337" lon="11.42125" /><trkpt lat="45.47444" lon="11.42197" /><trkpt lat="45.47661" lon="11.42345" /><trkpt lat="45.47714" lon="11.42381" /><trkpt lat="45.47816" lon="11.42449" /><trkpt lat="45.47889" lon="11.42505" /><trkpt lat="45.47926" lon="11.42533" /><trkpt lat="45.47952" lon="11.42553" /><trkpt lat="45.4799" lon="11.42586" /><trkpt lat="45.4804" lon="11.42632" /><trkpt lat="45.48116" lon="11.42707" /><trkpt lat="45.48192" lon="11.42781" /><trkpt lat="45.4829" lon="11.42875" /><trkpt lat="45.48292" lon="11.42877" /><trkpt lat="45.4856" lon="11.43123" /><trkpt lat="45.48569" lon="11.43131" /><trkpt lat="45.48605" lon="11.43169" /><trkpt lat="45.48665" lon="11.43231" /><trkpt lat="45.48733" lon="11.43302" /><trkpt lat="45.48767" lon="11.4334" /><trkpt lat="45.48792" lon="11.43367" /><trkpt lat="45.4881" lon="11.43387" /><trkpt lat="45.48827" lon="11.43404" /><trkpt lat="45.49009" lon="11.43578" /><trkpt lat="45.49364" lon="11.43912" /><trkpt lat="45.4958" lon="11.44118" /><trkpt lat="45.49639" lon="11.44164" /><trkpt lat="45.4969" lon="11.44205" /><trkpt lat="45.49775" lon="11.44272" /><trkpt lat="45.49857" lon="11.44336" /><trkpt lat="45.49984" lon="11.44439" /><trkpt lat="45.50079" lon="11.44513" /><trkpt lat="45.50306" lon="11.44692" /><trkpt lat="45.50493" lon="11.44838" /><trkpt lat="45.50636" lon="11.44952" /><trkpt lat="45.50682" lon="11.44987" /><trkpt lat="45.50692" lon="11.44994" /><trkpt lat="45.5073" lon="11.45025" /><trkpt lat="45.50794" lon="11.45076" /><trkpt lat="45.50824" lon="11.451" /><trkpt lat="45.50829" lon="11.45103" /><trkpt lat="45.5092" lon="11.45175" /><trkpt lat="45.50942" lon="11.45193" /><trkpt lat="45.50987" lon="11.45231" /><trkpt lat="45.51022" lon="11.45264" /><trkpt lat="45.5105" lon="11.45294" /><trkpt lat="45.51076" lon="11.45324" /><trkpt lat="45.51101" lon="11.45356" /><trkpt lat="45.51115" lon="11.45374" /><trkpt lat="45.51132" lon="11.45398" /><trkpt lat="45.51156" lon="11.45433" /><trkpt lat="45.51166" lon="11.45449" /><trkpt lat="45.51175" lon="11.45464" /><trkpt lat="45.51193" lon="11.45494" /><trkpt lat="45.51208" lon="11.45521" /><trkpt lat="45.51227" lon="11.45558" /><trkpt lat="45.51245" lon="11.45594" /><trkpt lat="45.51262" lon="11.45633" /><trkpt lat="45.5128" lon="11.45677" /><trkpt lat="45.51301" lon="11.45734" /><trkpt lat="45.51309" lon="11.45758" /><trkpt lat="45.51314" lon="11.45772" /><trkpt lat="45.51321" lon="11.45796" /><trkpt lat="45.51331" lon="11.45827" /><trkpt lat="45.51352" lon="11.45902" /><trkpt lat="45.51366" lon="11.4595" /><trkpt lat="45.51429" lon="11.46162" /><trkpt lat="45.51449" lon="11.46227" /><trkpt lat="45.5149" lon="11.46369" /><trkpt lat="45.51566" lon="11.46628" /><trkpt lat="45.51653" lon="11.46924" /><trkpt lat="45.51942" lon="11.47908" /><trkpt lat="45.52022" lon="11.48182" /><trkpt lat="45.52103" lon="11.48459" /><trkpt lat="45.52127" lon="11.4854" /><trkpt lat="45.52145" lon="11.48598" /><trkpt lat="45.52158" lon="11.48646" /><trkpt lat="45.52195" lon="11.48772" /><trkpt lat="45.52222" lon="11.48861" /><trkpt lat="45.52246" lon="11.48925" /><trkpt lat="45.52253" lon="11.48943" /><trkpt lat="45.52262" lon="11.48965" /><trkpt lat="45.52296" lon="11.49039" /><trkpt lat="45.5234" lon="11.49126" /><trkpt lat="45.52362" lon="11.49169" /><trkpt lat="45.52493" lon="11.49417" /><trkpt lat="45.52579" lon="11.49582" /><trkpt lat="45.52624" lon="11.49667" /><trkpt lat="45.52995" lon="11.50377" /><trkpt lat="45.5307" lon="11.50518" /><trkpt lat="45.53074" lon="11.50527" /><trkpt lat="45.53099" lon="11.50574" /><trkpt lat="45.53134" lon="11.50641" /><trkpt lat="45.53254" lon="11.50871" /><trkpt lat="45.53292" lon="11.50944" /><trkpt lat="45.53307" lon="11.50971" /><trkpt lat="45.5338" lon="11.5111" /><trkpt lat="45.53453" lon="11.51252" /><trkpt lat="45.53563" lon="11.51462" /><trkpt lat="45.53757" lon="11.51832" /><trkpt lat="45.53944" lon="11.52191" /><trkpt lat="45.53968" lon="11.52242" /><trkpt lat="45.5399" lon="11.52293" /><trkpt lat="45.54007" lon="11.5234" /><trkpt lat="45.54019" lon="11.52375" /><trkpt lat="45.54022" lon="11.52386" /><trkpt lat="45.54026" lon="11.52402" /><trkpt lat="45.54032" lon="11.52424" /><trkpt lat="45.5404" lon="11.52456" /><trkpt lat="45.54051" lon="11.52502" /><trkpt lat="45.54059" lon="11.52548" /><trkpt lat="45.54067" lon="11.52596" /><trkpt lat="45.54071" lon="11.52638" /><trkpt lat="45.54075" lon="11.52681" /><trkpt lat="45.54079" lon="11.52762" /><trkpt lat="45.54091" lon="11.53033" /><trkpt lat="45.54095" lon="11.53103" /><trkpt lat="45.54095" lon="11.53113" /><trkpt lat="45.54097" lon="11.5315" /><trkpt lat="45.54103" lon="11.5325" /><trkpt lat="45.54107" lon="11.53321" /><trkpt lat="45.54111" lon="11.53441" /><trkpt lat="45.54112" lon="11.5348" /><trkpt lat="45.54112" lon="11.53483" /><trkpt lat="45.54112" lon="11.53531" /><trkpt lat="45.54112" lon="11.53552" /><trkpt lat="45.54112" lon="11.53644" /><trkpt lat="45.54112" lon="11.53655" /><trkpt lat="45.54112" lon="11.53715" /><trkpt lat="45.54111" lon="11.53775" /><trkpt lat="45.54111" lon="11.53826" /><trkpt lat="45.54111" lon="11.53831" /><trkpt lat="45.54111" lon="11.539" /><trkpt lat="45.54111" lon="11.54076" /><trkpt lat="45.5411" lon="11.54126" /><trkpt lat="45.54109" lon="11.5423" /><trkpt lat="45.54109" lon="11.54255" /><trkpt lat="45.54109" lon="11.5431" /><trkpt lat="45.54109" lon="11.54444" /><trkpt lat="45.54108" lon="11.5448" /><trkpt lat="45.54108" lon="11.54492" /><trkpt lat="45.54108" lon="11.5454" /><trkpt lat="45.54108" lon="11.54552" /><trkpt lat="45.54108" lon="11.54592" /><trkpt lat="45.54108" lon="11.54597" /><trkpt lat="45.54107" lon="11.54725" /><trkpt lat="45.54107" lon="11.54788" /><trkpt lat="45.54106" lon="11.54933" /><trkpt lat="45.54106" lon="11.55004" /><trkpt lat="45.54106" lon="11.5505" /><trkpt lat="45.54106" lon="11.55106" /><trkpt lat="45.54107" lon="11.55153" /><trkpt lat="45.54108" lon="11.55172" /><trkpt lat="45.54111" lon="11.5521" /><trkpt lat="45.54112" lon="11.55227" /><trkpt lat="45.54115" lon="11.55251" /><trkpt lat="45.54116" lon="11.55264" /><trkpt lat="45.54124" lon="11.55342" /><trkpt lat="45.54124" lon="11.55343" /><trkpt lat="45.54144" lon="11.55506" /><trkpt lat="45.54148" lon="11.55548" /><trkpt lat="45.54159" lon="11.55639" /><trkpt lat="45.54163" lon="11.55672" /><trkpt lat="45.54173" lon="11.55763" /><trkpt lat="45.54213" lon="11.56106" /><trkpt lat="45.5422" lon="11.56163" /><trkpt lat="45.54224" lon="11.56211" /><trkpt lat="45.54228" lon="11.56258" /><trkpt lat="45.5423" lon="11.56303" /><trkpt lat="45.54231" lon="11.56329" /><trkpt lat="45.54232" lon="11.56356" /><trkpt lat="45.54231" lon="11.56396" /><trkpt lat="45.54231" lon="11.56422" /><trkpt lat="45.5423" lon="11.56449" /><trkpt lat="45.54229" lon="11.56479" /><trkpt lat="45.54227" lon="11.56507" /><trkpt lat="45.54224" lon="11.56545" /><trkpt lat="45.54219" lon="11.56585" /><trkpt lat="45.54214" lon="11.56627" /><trkpt lat="45.54207" lon="11.56671" /><trkpt lat="45.54198" lon="11.56721" /><trkpt lat="45.54186" lon="11.5678" /><trkpt lat="45.54053" lon="11.5738" /><trkpt lat="45.5404" lon="11.57442" /><trkpt lat="45.53986" lon="11.57682" /><trkpt lat="45.53715" lon="11.58902" /><trkpt lat="45.53648" lon="11.59202" /><trkpt lat="45.53582" lon="11.59499" /><trkpt lat="45.53571" lon="11.59544" /><trkpt lat="45.53559" lon="11.59592" /><trkpt lat="45.53553" lon="11.59614" /><trkpt lat="45.53546" lon="11.59636" /><trkpt lat="45.53532" lon="11.5968" /><trkpt lat="45.53514" lon="11.59732" /><trkpt lat="45.535" lon="11.59772" /><trkpt lat="45.53484" lon="11.5981" /><trkpt lat="45.53451" lon="11.59888" /><trkpt lat="45.53366" lon="11.60087" /><trkpt lat="45.52982" lon="11.60981" /><trkpt lat="45.52899" lon="11.61175" /><trkpt lat="45.52757" lon="11.61506" /><trkpt lat="45.52714" lon="11.61607" /><trkpt lat="45.52431" lon="11.62266" /><trkpt lat="45.52163" lon="11.6289" /><trkpt lat="45.51961" lon="11.6336" /><trkpt lat="45.51922" lon="11.63452" /><trkpt lat="45.51871" lon="11.6357" /><trkpt lat="45.5184" lon="11.63643" /><trkpt lat="45.5159" lon="11.64225" /><trkpt lat="45.51586" lon="11.64233" /><trkpt lat="45.51557" lon="11.64302" /><trkpt lat="45.51554" lon="11.64309" /><trkpt lat="45.51523" lon="11.64379" /><trkpt lat="45.51492" lon="11.64453" /><trkpt lat="45.51022" lon="11.65546" /><trkpt lat="45.50784" lon="11.66109" /><trkpt lat="45.5076" lon="11.66164" /><trkpt lat="45.50558" lon="11.66643" /><trkpt lat="45.50094" lon="11.67739" /><trkpt lat="45.50051" lon="11.6784" /><trkpt lat="45.50027" lon="11.67896" /><trkpt lat="45.49629" lon="11.68836" /><trkpt lat="45.49306" lon="11.69597" /><trkpt lat="45.49164" lon="11.69934" /><trkpt lat="45.49138" lon="11.69997" /><trkpt lat="45.4911" lon="11.70053" /><trkpt lat="45.49078" lon="11.70128" /><trkpt lat="45.49051" lon="11.70192" /><trkpt lat="45.49014" lon="11.70278" /><trkpt lat="45.48968" lon="11.7038" /><trkpt lat="45.48934" lon="11.70452" /><trkpt lat="45.48837" lon="11.70655" /><trkpt lat="45.4872" lon="11.70899" /><trkpt lat="45.48665" lon="11.71013" /><trkpt lat="45.48636" lon="11.71075" /><trkpt lat="45.48495" lon="11.71368" /><trkpt lat="45.48414" lon="11.71535" /><trkpt lat="45.48267" lon="11.71858" /><trkpt lat="45.48173" lon="11.72072" /><trkpt lat="45.48165" lon="11.72088" /><trkpt lat="45.48069" lon="11.72297" /><trkpt lat="45.47827" lon="11.72816" /><trkpt lat="45.47811" lon="11.72851" /><trkpt lat="45.47678" lon="11.73135" /><trkpt lat="45.47321" lon="11.73899" /><trkpt lat="45.47296" lon="11.73952" /><trkpt lat="45.47178" lon="11.74205" /><trkpt lat="45.46681" lon="11.75268" /><trkpt lat="45.46645" lon="11.75344" /><trkpt lat="45.46621" lon="11.75397" /><trkpt lat="45.46555" lon="11.75537" /><trkpt lat="45.46541" lon="11.75568" /><trkpt lat="45.46181" lon="11.76337" /><trkpt lat="45.46119" lon="11.7647" /><trkpt lat="45.46087" lon="11.76542" /><trkpt lat="45.46072" lon="11.76576" /><trkpt lat="45.46057" lon="11.76613" /><trkpt lat="45.46039" lon="11.7666" /><trkpt lat="45.46025" lon="11.76698" /><trkpt lat="45.45931" lon="11.76967" /><trkpt lat="45.45811" lon="11.7731" /><trkpt lat="45.45786" lon="11.77383" /><trkpt lat="45.45758" lon="11.77464" /><trkpt lat="45.45745" lon="11.77499" /><trkpt lat="45.45635" lon="11.77814" /><trkpt lat="45.45629" lon="11.77831" /><trkpt lat="45.45379" lon="11.78547" /><trkpt lat="45.45357" lon="11.78611" /><trkpt lat="45.44956" lon="11.79757" /><trkpt lat="45.44799" lon="11.80205" /><trkpt lat="45.44555" lon="11.80903" /><trkpt lat="45.44235" lon="11.81817" /><trkpt lat="45.44154" lon="11.82048" /><trkpt lat="45.44095" lon="11.82216" /><trkpt lat="45.4408" lon="11.8226" /><trkpt lat="45.44064" lon="11.82302" /><trkpt lat="45.44048" lon="11.82344" /><trkpt lat="45.4404" lon="11.82365" /><trkpt lat="45.44032" lon="11.82385" /><trkpt lat="45.44017" lon="11.82422" /><trkpt lat="45.43837" lon="11.82848" /><trkpt lat="45.43813" lon="11.82905" /><trkpt lat="45.43706" lon="11.83158" /><trkpt lat="45.43658" lon="11.83272" /><trkpt lat="45.43636" lon="11.83324" /><trkpt lat="45.43242" lon="11.84253" /><trkpt lat="45.42994" lon="11.84839" /><trkpt lat="45.42777" lon="11.8535" /><trkpt lat="45.4272" lon="11.85485" /><trkpt lat="45.4272" lon="11.85485" /><trkpt lat="45.42558" lon="11.85868" /><trkpt lat="45.42534" lon="11.85924" /><trkpt lat="45.42516" lon="11.85966" /><trkpt lat="45.42368" lon="11.86315" /><trkpt lat="45.42304" lon="11.86466" /><trkpt lat="45.42187" lon="11.86741" /><trkpt lat="45.42087" lon="11.86978" /><trkpt lat="45.41982" lon="11.8723" /><trkpt lat="45.41957" lon="11.87289" /><trkpt lat="45.41945" lon="11.87315" /><trkpt lat="45.41934" lon="11.87336" /><trkpt lat="45.41926" lon="11.87353" /><trkpt lat="45.4192" lon="11.87366" /><trkpt lat="45.41914" lon="11.8738" /><trkpt lat="45.41908" lon="11.87396" /><trkpt lat="45.41876" lon="11.87476" /><trkpt lat="45.41867" lon="11.87501" /><trkpt lat="45.41861" lon="11.87524" /><trkpt lat="45.41855" lon="11.87547" /><trkpt lat="45.41851" lon="11.87558" /><trkpt lat="45.41848" lon="11.87569" /><trkpt lat="45.41844" lon="11.87581" /><trkpt lat="45.4184" lon="11.87598" /><trkpt lat="45.41834" lon="11.87627" /><trkpt lat="45.41828" lon="11.87657" /><trkpt lat="45.4182" lon="11.87706" /><trkpt lat="45.41815" lon="11.87741" /><trkpt lat="45.41803" lon="11.87833" /><trkpt lat="45.41786" lon="11.87941" /><trkpt lat="45.41767" lon="11.88055" /><trkpt lat="45.41751" lon="11.88154" /><trkpt lat="45.41744" lon="11.88197" /><trkpt lat="45.4174" lon="11.8823" /><trkpt lat="45.41738" lon="11.88257" /><trkpt lat="45.41737" lon="11.8828" /><trkpt lat="45.41736" lon="11.88329" /><trkpt lat="45.41735" lon="11.88376" /><trkpt lat="45.41735" lon="11.884" /><trkpt lat="45.41736" lon="11.88411" /><trkpt lat="45.41737" lon="11.8843" /><trkpt lat="45.41737" lon="11.88439" /><trkpt lat="45.41737" lon="11.88461" /><trkpt lat="45.41737" lon="11.88494" /><trkpt lat="45.41736" lon="11.88547" /><trkpt lat="45.41735" lon="11.886" /><trkpt lat="45.41736" lon="11.88621" /><trkpt lat="45.41737" lon="11.88643" /><trkpt lat="45.41739" lon="11.88664" /><trkpt lat="45.41741" lon="11.88684" /><trkpt lat="45.41743" lon="11.88704" /><trkpt lat="45.41746" lon="11.88722" /><trkpt lat="45.41755" lon="11.88768" /><trkpt lat="45.41769" lon="11.88841" /><trkpt lat="45.41805" lon="11.89033" /><trkpt lat="45.41814" lon="11.89074" /><trkpt lat="45.41871" lon="11.89366" /><trkpt lat="45.41905" lon="11.89538" /><trkpt lat="45.41918" lon="11.89604" /><trkpt lat="45.41919" lon="11.89614" /><trkpt lat="45.41932" lon="11.89681" /><trkpt lat="45.41953" lon="11.8979" /><trkpt lat="45.41981" lon="11.89955" /><trkpt lat="45.41995" lon="11.90038" /><trkpt lat="45.42026" lon="11.90196" /><trkpt lat="45.42043" lon="11.90271" /><trkpt lat="45.4206" lon="11.90348" /><trkpt lat="45.42078" lon="11.9043" /><trkpt lat="45.4209" lon="11.90489" /><trkpt lat="45.42108" lon="11.90569" /><trkpt lat="45.42116" lon="11.90602" /><trkpt lat="45.42131" lon="11.90672" /><trkpt lat="45.42151" lon="11.90772" /><trkpt lat="45.42199" lon="11.91009" /><trkpt lat="45.42203" lon="11.91027" /><trkpt lat="45.42219" lon="11.9111" /><trkpt lat="45.42239" lon="11.91204" /><trkpt lat="45.42253" lon="11.91283" /><trkpt lat="45.42261" lon="11.91327" /><trkpt lat="45.42271" lon="11.91384" /><trkpt lat="45.42293" lon="11.91496" /><trkpt lat="45.42347" lon="11.9177" /><trkpt lat="45.4237" lon="11.91893" /><trkpt lat="45.42451" lon="11.92318" /><trkpt lat="45.42489" lon="11.925" /><trkpt lat="45.42501" lon="11.92558" /><trkpt lat="45.42536" lon="11.92725" /><trkpt lat="45.42563" lon="11.92861" /><trkpt lat="45.42611" lon="11.93138" /><trkpt lat="45.42663" lon="11.93414" /><trkpt lat="45.42728" lon="11.9375" /><trkpt lat="45.42806" lon="11.94145" /><trkpt lat="45.429" lon="11.946" /><trkpt lat="45.42913" lon="11.94666" /><trkpt lat="45.42947" lon="11.94838" /><trkpt lat="45.4297" lon="11.9496" /><trkpt lat="45.42975" lon="11.9498" /><trkpt lat="45.43033" lon="11.95283" /><trkpt lat="45.43087" lon="11.95591" /><trkpt lat="45.43138" lon="11.9586" /><trkpt lat="45.43204" lon="11.96202" /><trkpt lat="45.43223" lon="11.96299" /><trkpt lat="45.43234" lon="11.96356" /><trkpt lat="45.43321" lon="11.9681" /><trkpt lat="45.43324" lon="11.96826" /><trkpt lat="45.43446" lon="11.97455" /><trkpt lat="45.43585" lon="11.98178" /><trkpt lat="45.43598" lon="11.98243" /><trkpt lat="45.43679" lon="11.98667" /><trkpt lat="45.43746" lon="11.9901" /><trkpt lat="45.43774" lon="11.99159" /><trkpt lat="45.43918" lon="11.99902" /><trkpt lat="45.43956" lon="12.00099" /><trkpt lat="45.43968" lon="12.00164" /><trkpt lat="45.44155" lon="12.01136" /><trkpt lat="45.44255" lon="12.01641" /><trkpt lat="45.44259" lon="12.0166" /><trkpt lat="45.44377" lon="12.0226" /><trkpt lat="45.44389" lon="12.02314" /><trkpt lat="45.44403" lon="12.02385" /><trkpt lat="45.44639" lon="12.03564" /><trkpt lat="45.44679" lon="12.03764" /><trkpt lat="45.44684" lon="12.03792" /><trkpt lat="45.44714" lon="12.03943" /><trkpt lat="45.44727" lon="12.04004" /><trkpt lat="45.4488" lon="12.04779" /><trkpt lat="45.45057" lon="12.05671" /><trkpt lat="45.45084" lon="12.05804" /><trkpt lat="45.45125" lon="12.06011" /><trkpt lat="45.45316" lon="12.06952" /><trkpt lat="45.45377" lon="12.07262" /><trkpt lat="45.45459" lon="12.07674" /><trkpt lat="45.45615" lon="12.08461" /><trkpt lat="45.45715" lon="12.08965" /><trkpt lat="45.4585" lon="12.09666" /><trkpt lat="45.45868" lon="12.09754" /><trkpt lat="45.46101" lon="12.10932" /><trkpt lat="45.46188" lon="12.11339" /><trkpt lat="45.462" lon="12.11395" /><trkpt lat="45.46293" lon="12.11815" /><trkpt lat="45.46298" lon="12.11841" /><trkpt lat="45.46364" lon="12.12159" /><trkpt lat="45.46638" lon="12.13434" /><trkpt lat="45.4664" lon="12.13446" /><trkpt lat="45.46648" lon="12.13484" /><trkpt lat="45.46891" lon="12.14612" /><trkpt lat="45.47085" lon="12.15516" /><trkpt lat="45.47097" lon="12.15571" /><trkpt lat="45.47154" lon="12.15839" /><trkpt lat="45.47305" lon="12.16547" /><trkpt lat="45.47408" lon="12.17064" /><trkpt lat="45.47488" lon="12.17441" /><trkpt lat="45.4754" lon="12.17684" /><trkpt lat="45.47672" lon="12.18275" /><trkpt lat="45.47707" lon="12.18425" /><trkpt lat="45.47736" lon="12.18548" /><trkpt lat="45.47779" lon="12.18745" /><trkpt lat="45.47822" lon="12.18947" /><trkpt lat="45.47848" lon="12.19076" /><trkpt lat="45.47873" lon="12.19205" /><trkpt lat="45.4792" lon="12.1944" /><trkpt lat="45.47935" lon="12.19507" /><trkpt lat="45.47964" lon="12.19645" /><trkpt lat="45.47996" lon="12.1979" /><trkpt lat="45.48041" lon="12.19981" /><trkpt lat="45.48055" lon="12.20042" /><trkpt lat="45.48079" lon="12.20167" /><trkpt lat="45.48096" lon="12.20241" /><trkpt lat="45.48112" lon="12.20322" /><trkpt lat="45.48128" lon="12.2039" /><trkpt lat="45.4815" lon="12.20511" /><trkpt lat="45.48168" lon="12.20588" /><trkpt lat="45.48184" lon="12.20654" /><trkpt lat="45.48188" lon="12.20675" /><trkpt lat="45.48202" lon="12.20733" /><trkpt lat="45.48226" lon="12.20832" /><trkpt lat="45.48274" lon="12.21037" /><trkpt lat="45.48293" lon="12.21117" /><trkpt lat="45.48302" lon="12.21163" /><trkpt lat="45.4831" lon="12.21207" /><trkpt lat="45.48323" lon="12.21293" /><trkpt lat="45.48329" lon="12.21338" /><trkpt lat="45.48337" lon="12.21409" /><trkpt lat="45.48347" lon="12.21485" /><trkpt lat="45.48355" lon="12.21556" /><trkpt lat="45.48359" lon="12.21593" /><trkpt lat="45.48362" lon="12.21622" /><trkpt lat="45.48365" lon="12.21667" /><trkpt lat="45.48377" lon="12.21836" /><trkpt lat="45.48381" lon="12.21908" /><trkpt lat="45.48386" lon="12.21986" /><trkpt lat="45.4839" lon="12.22036" /><trkpt lat="45.48392" lon="12.22082" /><trkpt lat="45.48392" lon="12.22112" /><trkpt lat="45.48393" lon="12.22146" /><trkpt lat="45.48392" lon="12.22173" /><trkpt lat="45.48391" lon="12.22199" /><trkpt lat="45.48389" lon="12.2224" /><trkpt lat="45.48386" lon="12.22279" /><trkpt lat="45.48381" lon="12.22322" /><trkpt lat="45.48373" lon="12.22374" /><trkpt lat="45.48364" lon="12.22427" /><trkpt lat="45.48353" lon="12.2248" /><trkpt lat="45.4833" lon="12.22568" /><trkpt lat="45.48305" lon="12.22684" /><trkpt lat="45.48294" lon="12.22724" /><trkpt lat="45.48277" lon="12.22799" /><trkpt lat="45.48263" lon="12.22848" /><trkpt lat="45.48205" lon="12.23059" /><trkpt lat="45.48172" lon="12.23188" /><trkpt lat="45.4816" lon="12.23237" /><trkpt lat="45.4813" lon="12.23359" /><trkpt lat="45.48077" lon="12.23578" /><trkpt lat="45.48066" lon="12.23623" /><trkpt lat="45.48049" lon="12.23697" /><trkpt lat="45.48033" lon="12.23777" /><trkpt lat="45.48026" lon="12.23811" /><trkpt lat="45.48009" lon="12.23874" /><trkpt lat="45.48004" lon="12.23906" /><trkpt lat="45.47992" lon="12.23966" /><trkpt lat="45.47938" lon="12.24235" /><trkpt lat="45.47926" lon="12.24291" /><trkpt lat="45.47911" lon="12.24353" /><trkpt lat="45.47884" lon="12.2446" /><trkpt lat="45.47879" lon="12.24483" /><trkpt lat="45.47863" lon="12.24549" /><trkpt lat="45.47848" lon="12.24603" /><trkpt lat="45.47835" lon="12.24651" /><trkpt lat="45.47821" lon="12.24694" /><trkpt lat="45.47802" lon="12.24745" /><trkpt lat="45.47788" lon="12.2478" /><trkpt lat="45.47773" lon="12.24815" /><trkpt lat="45.47738" lon="12.24887" /><trkpt lat="45.47713" lon="12.24934" /><trkpt lat="45.47674" lon="12.25001" /><trkpt lat="45.47645" lon="12.25048" /><trkpt lat="45.47614" lon="12.25093" /><trkpt lat="45.47582" lon="12.25137" /><trkpt lat="45.47548" lon="12.25181" /><trkpt lat="45.47515" lon="12.25221" /><trkpt lat="45.47484" lon="12.25258" /><trkpt lat="45.47471" lon="12.25273" /><trkpt lat="45.4744" lon="12.2531" /><trkpt lat="45.47405" lon="12.25355" /><trkpt lat="45.47389" lon="12.25377" /><trkpt lat="45.47371" lon="12.25402" /><trkpt lat="45.47334" lon="12.25455" /><trkpt lat="45.47305" lon="12.25499" /><trkpt lat="45.47276" lon="12.25547" /><trkpt lat="45.47254" lon="12.25588" /><trkpt lat="45.47232" lon="12.25628" /><trkpt lat="45.47205" lon="12.25683" /><trkpt lat="45.47184" lon="12.25729" /><trkpt lat="45.47164" lon="12.25776" /><trkpt lat="45.47147" lon="12.25817" /><trkpt lat="45.47114" lon="12.25908" /><trkpt lat="45.47091" lon="12.25984" /><trkpt lat="45.47069" lon="12.26062" /><trkpt lat="45.47052" lon="12.2613" /><trkpt lat="45.47038" lon="12.26196" /><trkpt lat="45.47029" lon="12.26249" /><trkpt lat="45.47021" lon="12.26291" /><trkpt lat="45.47011" lon="12.26354" /><trkpt lat="45.46993" lon="12.26463" /><trkpt lat="45.46976" lon="12.26566" /><trkpt lat="45.46969" lon="12.26609" /><trkpt lat="45.46953" lon="12.26693" /><trkpt lat="45.46934" lon="12.26783" /><trkpt lat="45.46914" lon="12.26869" /><trkpt lat="45.469" lon="12.26924" /><trkpt lat="45.46868" lon="12.27038" /><trkpt lat="45.46832" lon="12.27154" /><trkpt lat="45.46802" lon="12.27241" /><trkpt lat="45.46774" lon="12.2732" /><trkpt lat="45.46751" lon="12.27379" /><trkpt lat="45.46726" lon="12.27438" /><trkpt lat="45.46706" lon="12.27484" /><trkpt lat="45.46679" lon="12.27544" /><trkpt lat="45.46638" lon="12.27632" /><trkpt lat="45.46585" lon="12.27737" /><trkpt lat="45.46523" lon="12.27856" /><trkpt lat="45.46473" lon="12.27948" /><trkpt lat="45.46423" lon="12.28037" /><trkpt lat="45.46266" lon="12.28315" /><trkpt lat="45.46195" lon="12.28442" /><trkpt lat="45.4603" lon="12.28734" /><trkpt lat="45.45758" lon="12.29218" /><trkpt lat="45.45675" lon="12.29366" /><trkpt lat="45.4547" lon="12.2973" /><trkpt lat="45.45247" lon="12.30125" /><trkpt lat="45.45174" lon="12.30257" /><trkpt lat="45.45127" lon="12.30339" /><trkpt lat="45.45084" lon="12.30415" /><trkpt lat="45.4504" lon="12.30495" /><trkpt lat="45.45013" lon="12.30542" /><trkpt lat="45.44983" lon="12.30597" /><trkpt lat="45.4497" lon="12.30618" /><trkpt lat="45.4495" lon="12.30654" /><trkpt lat="45.44915" lon="12.30715" /><trkpt lat="45.44904" lon="12.30739" /><trkpt lat="45.44897" lon="12.30754" /><trkpt lat="45.44883" lon="12.30786" /><trkpt lat="45.44867" lon="12.30818" /><trkpt lat="45.44789" lon="12.30957" /><trkpt lat="45.44785" lon="12.30965" /><trkpt lat="45.44726" lon="12.31069" /><trkpt lat="45.44713" lon="12.3109" /><trkpt lat="45.44647" lon="12.31207" /><trkpt lat="45.44609" lon="12.31274" /><trkpt lat="45.44513" lon="12.31444" /><trkpt lat="45.44469" lon="12.31522" /><trkpt lat="45.44446" lon="12.31554" /><trkpt lat="45.44419" lon="12.31591" /><trkpt lat="45.44405" lon="12.3161" /><trkpt lat="45.44382" lon="12.31642" /><trkpt lat="45.44364" lon="12.31667" /><trkpt lat="45.44355" lon="12.31682" /><trkpt lat="45.44327" lon="12.31725" /><trkpt lat="45.44311" lon="12.31752" /><trkpt lat="45.44166" lon="12.32008" /><trkpt lat="45.44196" lon="12.31947" /><trkpt lat="45.44132" lon="12.32061" /><trkpt lat="45.44132" lon="12.32061" /></trkseg></trk></gpx>