<gpx version="1.1" creator="Trainlog.me"><trk><name>Trip Path</name><trkseg><trkpt lat="46.29384" lon="7.88178" /><trkpt lat="46.29382" lon="7.88225" /><trkpt lat="46.29382" lon="7.88232" /><trkpt lat="46.29382" lon="7.88238" /><trkpt lat="46.29383" lon="7.88247" /><trkpt lat="46.29383" lon="7.88255" /><trkpt lat="46.29383" lon="7.88264" /><trkpt lat="46.29384" lon="7.88271" /><trkpt lat="46.29385" lon="7.88279" /><trkpt lat="46.29385" lon="7.88288" /><trkpt lat="46.29387" lon="7.88305" /><trkpt lat="46.29389" lon="7.88329" /><trkpt lat="46.2939" lon="7.88352" /><trkpt lat="46.2939" lon="7.8836" /><trkpt lat="46.2939" lon="7.88374" /><trkpt lat="46.29389" lon="7.88397" /><trkpt lat="46.29389" lon="7.88417" /><trkpt lat="46.2939" lon="7.88427" /><trkpt lat="46.29391" lon="7.88448" /><trkpt lat="46.29391" lon="7.88457" /><trkpt lat="46.29391" lon="7.88478" /><trkpt lat="46.2939" lon="7.88522" /><trkpt lat="46.29389" lon="7.88597" /><trkpt lat="46.29389" lon="7.88634" /><trkpt lat="46.2939" lon="7.8867" /><trkpt lat="46.29391" lon="7.88712" /><trkpt lat="46.29393" lon="7.88749" /><trkpt lat="46.29395" lon="7.88773" /><trkpt lat="46.29398" lon="7.88807" /><trkpt lat="46.29402" lon="7.88843" /><trkpt lat="46.29407" lon="7.88888" /><trkpt lat="46.29419" lon="7.88976" /><trkpt lat="46.29427" lon="7.89041" /><trkpt lat="46.29442" lon="7.89164" /><trkpt lat="46.29445" lon="7.89189" /><trkpt lat="46.29448" lon="7.89221" /><trkpt lat="46.29451" lon="7.89254" /><trkpt lat="46.29455" lon="7.89294" /><trkpt lat="46.29459" lon="7.89339" /><trkpt lat="46.29462" lon="7.89368" /><trkpt lat="46.2947" lon="7.89431" /><trkpt lat="46.29481" lon="7.89522" /><trkpt lat="46.29496" lon="7.89648" /><trkpt lat="46.29512" lon="7.8978" /><trkpt lat="46.29521" lon="7.89858" /><trkpt lat="46.29531" lon="7.8994" /><trkpt lat="46.29537" lon="7.90001" /><trkpt lat="46.29543" lon="7.90052" /><trkpt lat="46.2955" lon="7.9013" /><trkpt lat="46.29553" lon="7.9016" /><trkpt lat="46.29556" lon="7.90195" /><trkpt lat="46.29563" lon="7.90279" /><trkpt lat="46.29568" lon="7.90331" /><trkpt lat="46.29572" lon="7.90362" /><trkpt lat="46.29576" lon="7.90405" /><trkpt lat="46.29582" lon="7.9046" /><trkpt lat="46.29587" lon="7.90508" /><trkpt lat="46.29591" lon="7.90543" /><trkpt lat="46.29594" lon="7.90582" /><trkpt lat="46.29596" lon="7.90618" /><trkpt lat="46.29602" lon="7.90708" /><trkpt lat="46.29605" lon="7.90755" /><trkpt lat="46.29609" lon="7.90792" /><trkpt lat="46.29617" lon="7.90893" /><trkpt lat="46.29626" lon="7.90986" /><trkpt lat="46.29638" lon="7.91125" /><trkpt lat="46.29642" lon="7.91169" /><trkpt lat="46.2965" lon="7.91259" /><trkpt lat="46.2966" lon="7.91374" /><trkpt lat="46.29675" lon="7.91548" /><trkpt lat="46.29683" lon="7.91631" /><trkpt lat="46.29691" lon="7.91716" /><trkpt lat="46.29697" lon="7.91781" /><trkpt lat="46.29709" lon="7.91909" /><trkpt lat="46.29713" lon="7.91956" /><trkpt lat="46.29717" lon="7.92004" /><trkpt lat="46.29721" lon="7.92052" /><trkpt lat="46.29728" lon="7.92126" /><trkpt lat="46.29735" lon="7.92207" /><trkpt lat="46.29751" lon="7.92372" /><trkpt lat="46.29756" lon="7.92434" /><trkpt lat="46.29763" lon="7.925" /><trkpt lat="46.29769" lon="7.92557" /><trkpt lat="46.29774" lon="7.92616" /><trkpt lat="46.29777" lon="7.92643" /><trkpt lat="46.29782" lon="7.92683" /><trkpt lat="46.29786" lon="7.92719" /><trkpt lat="46.2979" lon="7.92754" /><trkpt lat="46.29797" lon="7.92796" /><trkpt lat="46.29804" lon="7.9284" /><trkpt lat="46.29811" lon="7.92879" /><trkpt lat="46.29819" lon="7.92915" /><trkpt lat="46.29827" lon="7.92953" /><trkpt lat="46.29837" lon="7.92994" /><trkpt lat="46.29846" lon="7.93027" /><trkpt lat="46.29859" lon="7.93074" /><trkpt lat="46.2987" lon="7.93108" /><trkpt lat="46.29884" lon="7.9315" /><trkpt lat="46.29895" lon="7.93182" /><trkpt lat="46.29909" lon="7.93218" /><trkpt lat="46.29918" lon="7.93243" /><trkpt lat="46.29932" lon="7.93277" /><trkpt lat="46.29944" lon="7.93304" /><trkpt lat="46.29958" lon="7.93337" /><trkpt lat="46.29972" lon="7.93365" /><trkpt lat="46.29992" lon="7.93405" /><trkpt lat="46.30001" lon="7.93423" /><trkpt lat="46.3001" lon="7.93438" /><trkpt lat="46.30026" lon="7.93466" /><trkpt lat="46.30046" lon="7.93503" /><trkpt lat="46.30073" lon="7.93545" /><trkpt lat="46.30089" lon="7.93569" /><trkpt lat="46.30103" lon="7.93591" /><trkpt lat="46.30128" lon="7.9363" /><trkpt lat="46.30285" lon="7.93877" /><trkpt lat="46.30308" lon="7.93912" /><trkpt lat="46.30319" lon="7.93931" /><trkpt lat="46.30327" lon="7.93944" /><trkpt lat="46.3034" lon="7.93966" /><trkpt lat="46.3035" lon="7.93986" /><trkpt lat="46.30358" lon="7.94003" /><trkpt lat="46.30366" lon="7.94021" /><trkpt lat="46.30377" lon="7.94043" /><trkpt lat="46.30384" lon="7.9406" /><trkpt lat="46.30393" lon="7.94079" /><trkpt lat="46.30404" lon="7.94103" /><trkpt lat="46.30423" lon="7.94146" /><trkpt lat="46.30437" lon="7.9418" /><trkpt lat="46.30448" lon="7.94207" /><trkpt lat="46.30457" lon="7.94229" /><trkpt lat="46.30467" lon="7.94255" /><trkpt lat="46.30476" lon="7.94279" /><trkpt lat="46.30483" lon="7.943" /><trkpt lat="46.30491" lon="7.94326" /><trkpt lat="46.30509" lon="7.94379" /><trkpt lat="46.30517" lon="7.94405" /><trkpt lat="46.30522" lon="7.94421" /><trkpt lat="46.30527" lon="7.94438" /><trkpt lat="46.30534" lon="7.94464" /><trkpt lat="46.3054" lon="7.94486" /><trkpt lat="46.30549" lon="7.9452" /><trkpt lat="46.30554" lon="7.9454" /><trkpt lat="46.30563" lon="7.94572" /><trkpt lat="46.3057" lon="7.94596" /><trkpt lat="46.30578" lon="7.9462" /><trkpt lat="46.30587" lon="7.94647" /><trkpt lat="46.306" lon="7.94683" /><trkpt lat="46.3061" lon="7.94712" /><trkpt lat="46.3063" lon="7.94768" /><trkpt lat="46.30658" lon="7.94847" /><trkpt lat="46.30679" lon="7.94907" /><trkpt lat="46.30702" lon="7.94973" /><trkpt lat="46.30721" lon="7.95024" /><trkpt lat="46.30741" lon="7.95081" /><trkpt lat="46.30757" lon="7.95124" /><trkpt lat="46.30766" lon="7.9515" /><trkpt lat="46.30778" lon="7.95181" /><trkpt lat="46.30789" lon="7.95206" /><trkpt lat="46.30802" lon="7.95237" /><trkpt lat="46.30831" lon="7.95298" /><trkpt lat="46.30852" lon="7.95344" /><trkpt lat="46.30868" lon="7.95378" /><trkpt lat="46.30886" lon="7.95419" /><trkpt lat="46.30917" lon="7.95493" /><trkpt lat="46.30951" lon="7.95574" /><trkpt lat="46.30977" lon="7.95636" /><trkpt lat="46.30996" lon="7.95684" /><trkpt lat="46.31017" lon="7.95734" /><trkpt lat="46.31043" lon="7.95799" /><trkpt lat="46.31057" lon="7.95834" /><trkpt lat="46.31072" lon="7.9587" /><trkpt lat="46.31121" lon="7.95991" /><trkpt lat="46.31133" lon="7.96023" /><trkpt lat="46.31163" lon="7.96101" /><trkpt lat="46.31262" lon="7.96371" /><trkpt lat="46.31281" lon="7.96424" /><trkpt lat="46.31328" lon="7.96552" /><trkpt lat="46.3134" lon="7.96584" /><trkpt lat="46.31364" lon="7.9665" /><trkpt lat="46.31404" lon="7.96763" /><trkpt lat="46.31416" lon="7.96798" /><trkpt lat="46.31426" lon="7.96824" /><trkpt lat="46.31439" lon="7.96863" /><trkpt lat="46.31446" lon="7.96883" /><trkpt lat="46.31495" lon="7.97019" /><trkpt lat="46.31567" lon="7.97222" /><trkpt lat="46.3162" lon="7.97372" /><trkpt lat="46.31649" lon="7.97453" /><trkpt lat="46.31654" lon="7.97468" /><trkpt lat="46.3166" lon="7.97486" /><trkpt lat="46.31669" lon="7.97512" /><trkpt lat="46.31679" lon="7.97544" /><trkpt lat="46.31681" lon="7.9755" /><trkpt lat="46.31699" lon="7.97611" /><trkpt lat="46.31741" lon="7.97747" /><trkpt lat="46.31751" lon="7.97778" /><trkpt lat="46.31759" lon="7.97808" /><trkpt lat="46.31764" lon="7.97825" /><trkpt lat="46.31768" lon="7.97842" /><trkpt lat="46.31772" lon="7.9786" /><trkpt lat="46.31775" lon="7.97876" /><trkpt lat="46.31779" lon="7.97902" /><trkpt lat="46.31784" lon="7.97935" /><trkpt lat="46.31792" lon="7.97982" /><trkpt lat="46.31795" lon="7.97998" /><trkpt lat="46.31799" lon="7.98015" /><trkpt lat="46.31803" lon="7.98034" /><trkpt lat="46.31814" lon="7.98076" /><trkpt lat="46.3182" lon="7.98099" /><trkpt lat="46.31827" lon="7.98129" /><trkpt lat="46.31835" lon="7.98159" /><trkpt lat="46.31843" lon="7.98189" /><trkpt lat="46.31874" lon="7.98308" /><trkpt lat="46.3188" lon="7.98333" /><trkpt lat="46.31883" lon="7.98345" /><trkpt lat="46.31885" lon="7.98358" /><trkpt lat="46.3189" lon="7.98383" /><trkpt lat="46.31891" lon="7.98386" /><trkpt lat="46.319" lon="7.98433" /><trkpt lat="46.31901" lon="7.98439" /><trkpt lat="46.31902" lon="7.98447" /><trkpt lat="46.31903" lon="7.98454" /><trkpt lat="46.31904" lon="7.98458" /><trkpt lat="46.31904" lon="7.98464" /><trkpt lat="46.31904" lon="7.98474" /><trkpt lat="46.31904" lon="7.98679" /><trkpt lat="46.31904" lon="7.98799" /><trkpt lat="46.31904" lon="7.98807" /><trkpt lat="46.31904" lon="7.98816" /><trkpt lat="46.31903" lon="7.98842" /><trkpt lat="46.31902" lon="7.98853" /><trkpt lat="46.31902" lon="7.98864" /><trkpt lat="46.31901" lon="7.98873" /><trkpt lat="46.319" lon="7.98884" /><trkpt lat="46.319" lon="7.98899" /><trkpt lat="46.319" lon="7.98927" /><trkpt lat="46.319" lon="7.98935" /><trkpt lat="46.319" lon="7.98948" /><trkpt lat="46.31908" lon="7.99046" /><trkpt lat="46.3191" lon="7.9907" /><trkpt lat="46.31912" lon="7.99089" /><trkpt lat="46.31914" lon="7.99104" /><trkpt lat="46.31917" lon="7.99124" /><trkpt lat="46.31919" lon="7.99139" /><trkpt lat="46.31922" lon="7.99155" /><trkpt lat="46.31926" lon="7.99173" /><trkpt lat="46.3193" lon="7.99191" /><trkpt lat="46.31942" lon="7.99244" /><trkpt lat="46.3198" lon="7.99412" /><trkpt lat="46.31984" lon="7.99433" /><trkpt lat="46.31986" lon="7.99445" /><trkpt lat="46.31988" lon="7.99455" /><trkpt lat="46.3199" lon="7.99467" /><trkpt lat="46.31992" lon="7.99478" /><trkpt lat="46.31993" lon="7.99491" /><trkpt lat="46.31994" lon="7.99499" /><trkpt lat="46.31995" lon="7.99511" /><trkpt lat="46.31996" lon="7.99518" /><trkpt lat="46.31996" lon="7.99527" /><trkpt lat="46.31996" lon="7.99536" /><trkpt lat="46.31996" lon="7.99545" /><trkpt lat="46.31996" lon="7.99555" /><trkpt lat="46.31996" lon="7.99562" /><trkpt lat="46.31995" lon="7.99569" /><trkpt lat="46.31994" lon="7.99578" /><trkpt lat="46.31994" lon="7.99585" /><trkpt lat="46.31993" lon="7.99592" /><trkpt lat="46.31991" lon="7.996" /><trkpt lat="46.31988" lon="7.99619" /><trkpt lat="46.31985" lon="7.99638" /><trkpt lat="46.31983" lon="7.99653" /><trkpt lat="46.31981" lon="7.99665" /><trkpt lat="46.3198" lon="7.99675" /><trkpt lat="46.31979" lon="7.99682" /><trkpt lat="46.31979" lon="7.99691" /><trkpt lat="46.31978" lon="7.99698" /><trkpt lat="46.31978" lon="7.99707" /><trkpt lat="46.31978" lon="7.99717" /><trkpt lat="46.31979" lon="7.99725" /><trkpt lat="46.31979" lon="7.99731" /><trkpt lat="46.3198" lon="7.99739" /><trkpt lat="46.31981" lon="7.99746" /><trkpt lat="46.31982" lon="7.99752" /><trkpt lat="46.31983" lon="7.99759" /><trkpt lat="46.31985" lon="7.99765" /><trkpt lat="46.31986" lon="7.99772" /><trkpt lat="46.31988" lon="7.99778" /><trkpt lat="46.3199" lon="7.99787" /><trkpt lat="46.31995" lon="7.998" /><trkpt lat="46.32" lon="7.99815" /><trkpt lat="46.3201" lon="7.99835" /><trkpt lat="46.3204" lon="7.99878" /><trkpt lat="46.32056" lon="7.99902" /><trkpt lat="46.32069" lon="7.99925" /><trkpt lat="46.32083" lon="7.99951" /><trkpt lat="46.32108" lon="8.00001" /><trkpt lat="46.32148" lon="8.00067" /><trkpt lat="46.32173" lon="8.00106" /><trkpt lat="46.32201" lon="8.00149" /><trkpt lat="46.32227" lon="8.00197" /><trkpt lat="46.32251" lon="8.0025" /><trkpt lat="46.3227" lon="8.00296" /><trkpt lat="46.32292" lon="8.00344" /><trkpt lat="46.32309" lon="8.00374" /><trkpt lat="46.32436" lon="8.00581" /><trkpt lat="46.3245" lon="8.00606" /><trkpt lat="46.32468" lon="8.00642" /><trkpt lat="46.32479" lon="8.00667" /><trkpt lat="46.32489" lon="8.00693" /><trkpt lat="46.32494" lon="8.00714" /><trkpt lat="46.32503" lon="8.00754" /><trkpt lat="46.32512" lon="8.00796" /><trkpt lat="46.32519" lon="8.00839" /><trkpt lat="46.32513" lon="8.00799" /><trkpt lat="46.32512" lon="8.00786" /><trkpt lat="46.3251" lon="8.00773" /><trkpt lat="46.32509" lon="8.00758" /><trkpt lat="46.32507" lon="8.00745" /><trkpt lat="46.32504" lon="8.0073" /><trkpt lat="46.32501" lon="8.00709" /><trkpt lat="46.32498" lon="8.00691" /><trkpt lat="46.32496" lon="8.00677" /><trkpt lat="46.32495" lon="8.00665" /><trkpt lat="46.32494" lon="8.0065" /><trkpt lat="46.32493" lon="8.00638" /><trkpt lat="46.32492" lon="8.00626" /><trkpt lat="46.32492" lon="8.00612" /><trkpt lat="46.32491" lon="8.00594" /><trkpt lat="46.3249" lon="8.00579" /><trkpt lat="46.32489" lon="8.00566" /><trkpt lat="46.32488" lon="8.00554" /><trkpt lat="46.32487" lon="8.00544" /><trkpt lat="46.32485" lon="8.00534" /><trkpt lat="46.32483" lon="8.00526" /><trkpt lat="46.32481" lon="8.00516" /><trkpt lat="46.32478" lon="8.00507" /><trkpt lat="46.32475" lon="8.00497" /><trkpt lat="46.32471" lon="8.00484" /><trkpt lat="46.32467" lon="8.00468" /><trkpt lat="46.32461" lon="8.00441" /><trkpt lat="46.32456" lon="8.0042" /><trkpt lat="46.32452" lon="8.00408" /><trkpt lat="46.32448" lon="8.00396" /><trkpt lat="46.32445" lon="8.00384" /><trkpt lat="46.32434" lon="8.0035" /><trkpt lat="46.32432" lon="8.00343" /><trkpt lat="46.32429" lon="8.00334" /><trkpt lat="46.32425" lon="8.00324" /><trkpt lat="46.3242" lon="8.00313" /><trkpt lat="46.32415" lon="8.00301" /><trkpt lat="46.3241" lon="8.00289" /><trkpt lat="46.32402" lon="8.00274" /><trkpt lat="46.32396" lon="8.00264" /><trkpt lat="46.3239" lon="8.00254" /><trkpt lat="46.32379" lon="8.00238" /><trkpt lat="46.32371" lon="8.00228" /><trkpt lat="46.32352" lon="8.00205" /><trkpt lat="46.32344" lon="8.00193" /><trkpt lat="46.32341" lon="8.0019" /><trkpt lat="46.32335" lon="8.0018" /><trkpt lat="46.3232" lon="8.00158" /><trkpt lat="46.323" lon="8.00128" /><trkpt lat="46.32285" lon="8.00105" /><trkpt lat="46.32276" lon="8.00092" /><trkpt lat="46.32269" lon="8.0008" /><trkpt lat="46.32262" lon="8.00069" /><trkpt lat="46.32255" lon="8.00056" /><trkpt lat="46.32247" lon="8.00041" /><trkpt lat="46.32242" lon="8.00028" /><trkpt lat="46.32236" lon="8.00015" /><trkpt lat="46.32235" lon="8.00012" /><trkpt lat="46.32234" lon="8.00009" /><trkpt lat="46.32226" lon="7.99989" /><trkpt lat="46.3222" lon="7.99974" /><trkpt lat="46.32216" lon="7.99964" /><trkpt lat="46.32214" lon="7.99957" /><trkpt lat="46.32206" lon="7.99931" /><trkpt lat="46.32201" lon="7.99916" /><trkpt lat="46.32197" lon="7.99904" /><trkpt lat="46.32193" lon="7.99894" /><trkpt lat="46.32189" lon="7.99886" /><trkpt lat="46.32186" lon="7.99876" /><trkpt lat="46.32182" lon="7.99865" /><trkpt lat="46.32177" lon="7.99851" /><trkpt lat="46.32174" lon="7.9984" /><trkpt lat="46.32107" lon="7.99608" /><trkpt lat="46.32078" lon="7.99509" /><trkpt lat="46.32073" lon="7.99492" /><trkpt lat="46.32068" lon="7.99476" /><trkpt lat="46.32064" lon="7.99466" /><trkpt lat="46.32058" lon="7.99452" /><trkpt lat="46.32048" lon="7.99427" /><trkpt lat="46.32037" lon="7.99398" /><trkpt lat="46.32028" lon="7.99378" /><trkpt lat="46.32024" lon="7.99367" /><trkpt lat="46.3202" lon="7.99355" /><trkpt lat="46.32018" lon="7.99347" /><trkpt lat="46.32009" lon="7.99315" /><trkpt lat="46.32005" lon="7.99304" /><trkpt lat="46.32003" lon="7.99294" /><trkpt lat="46.32" lon="7.99282" /><trkpt lat="46.31999" lon="7.99275" /><trkpt lat="46.31994" lon="7.99248" /><trkpt lat="46.3199" lon="7.99229" /><trkpt lat="46.31987" lon="7.99215" /><trkpt lat="46.31985" lon="7.99203" /><trkpt lat="46.31983" lon="7.99189" /><trkpt lat="46.31982" lon="7.99178" /><trkpt lat="46.31981" lon="7.99164" /><trkpt lat="46.3198" lon="7.99159" /><trkpt lat="46.3198" lon="7.99156" /><trkpt lat="46.31979" lon="7.99145" /><trkpt lat="46.31979" lon="7.99134" /><trkpt lat="46.31979" lon="7.99065" /><trkpt lat="46.31979" lon="7.99056" /><trkpt lat="46.31978" lon="7.99047" /><trkpt lat="46.31976" lon="7.99014" /><trkpt lat="46.31976" lon="7.99005" /><trkpt lat="46.31976" lon="7.98998" /><trkpt lat="46.31977" lon="7.98824" /><trkpt lat="46.31978" lon="7.98675" /><trkpt lat="46.31978" lon="7.98658" /><trkpt lat="46.31977" lon="7.98644" /><trkpt lat="46.31977" lon="7.98637" /><trkpt lat="46.31977" lon="7.9863" /><trkpt lat="46.31977" lon="7.98626" /><trkpt lat="46.31976" lon="7.98617" /><trkpt lat="46.31976" lon="7.98605" /><trkpt lat="46.3197" lon="7.9853" /><trkpt lat="46.31969" lon="7.9852" /><trkpt lat="46.31968" lon="7.98501" /><trkpt lat="46.31964" lon="7.98481" /><trkpt lat="46.31962" lon="7.98465" /><trkpt lat="46.31958" lon="7.9844" /><trkpt lat="46.31954" lon="7.98421" /><trkpt lat="46.31952" lon="7.98401" /><trkpt lat="46.31948" lon="7.98372" /><trkpt lat="46.31946" lon="7.98353" /><trkpt lat="46.31944" lon="7.98341" /><trkpt lat="46.31942" lon="7.98328" /><trkpt lat="46.31939" lon="7.98317" /><trkpt lat="46.31937" lon="7.98307" /><trkpt lat="46.31934" lon="7.98297" /><trkpt lat="46.31931" lon="7.98287" /><trkpt lat="46.31928" lon="7.98276" /><trkpt lat="46.31923" lon="7.98262" /><trkpt lat="46.31906" lon="7.98215" /><trkpt lat="46.31878" lon="7.98135" /><trkpt lat="46.31873" lon="7.9812" /><trkpt lat="46.31859" lon="7.9808" /><trkpt lat="46.31846" lon="7.98043" /><trkpt lat="46.31839" lon="7.9802" /><trkpt lat="46.31829" lon="7.97991" /><trkpt lat="46.31825" lon="7.97978" /><trkpt lat="46.31815" lon="7.97944" /><trkpt lat="46.31717" lon="7.97621" /><trkpt lat="46.31712" lon="7.97607" /><trkpt lat="46.31712" lon="7.97606" /><trkpt lat="46.31711" lon="7.97604" /><trkpt lat="46.31696" lon="7.97555" /><trkpt lat="46.31681" lon="7.97506" /><trkpt lat="46.31675" lon="7.97487" /><trkpt lat="46.31668" lon="7.97467" /><trkpt lat="46.31652" lon="7.97424" /><trkpt lat="46.31624" lon="7.97344" /><trkpt lat="46.31318" lon="7.9649" /><trkpt lat="46.31317" lon="7.96488" /><trkpt lat="46.31317" lon="7.96486" /><trkpt lat="46.31239" lon="7.96272" /><trkpt lat="46.31169" lon="7.96084" /><trkpt lat="46.31142" lon="7.96014" /><trkpt lat="46.31113" lon="7.9594" /><trkpt lat="46.31002" lon="7.95665" /><trkpt lat="46.30907" lon="7.95439" /><trkpt lat="46.30763" lon="7.95095" /><trkpt lat="46.30746" lon="7.95052" /><trkpt lat="46.30733" lon="7.9502" /><trkpt lat="46.30719" lon="7.94982" /><trkpt lat="46.30704" lon="7.94942" /><trkpt lat="46.30692" lon="7.94903" /><trkpt lat="46.30678" lon="7.94858" /><trkpt lat="46.30654" lon="7.94778" /><trkpt lat="46.30622" lon="7.94674" /><trkpt lat="46.30622" lon="7.94672" /><trkpt lat="46.30621" lon="7.94671" /><trkpt lat="46.30537" lon="7.94386" /><trkpt lat="46.30521" lon="7.94334" /><trkpt lat="46.30506" lon="7.94291" /><trkpt lat="46.30489" lon="7.94244" /><trkpt lat="46.30468" lon="7.94191" /><trkpt lat="46.30447" lon="7.94143" /><trkpt lat="46.30425" lon="7.94096" /><trkpt lat="46.30412" lon="7.9407" /><trkpt lat="46.30379" lon="7.9401" /><trkpt lat="46.30334" lon="7.93936" /><trkpt lat="46.30072" lon="7.93525" /><trkpt lat="46.30056" lon="7.93498" /><trkpt lat="46.30039" lon="7.93471" /><trkpt lat="46.30012" lon="7.93422" /><trkpt lat="46.30001" lon="7.93401" /><trkpt lat="46.29989" lon="7.93378" /><trkpt lat="46.29978" lon="7.93356" /><trkpt lat="46.29965" lon="7.93329" /><trkpt lat="46.29953" lon="7.93302" /><trkpt lat="46.2994" lon="7.93272" /><trkpt lat="46.29927" lon="7.93241" /><trkpt lat="46.29917" lon="7.93214" /><trkpt lat="46.29903" lon="7.93177" /><trkpt lat="46.29891" lon="7.93143" /><trkpt lat="46.29878" lon="7.93103" /><trkpt lat="46.29868" lon="7.9307" /><trkpt lat="46.29854" lon="7.93022" /><trkpt lat="46.29845" lon="7.92989" /><trkpt lat="46.29836" lon="7.92949" /><trkpt lat="46.29828" lon="7.92912" /><trkpt lat="46.2982" lon="7.92877" /><trkpt lat="46.29813" lon="7.92836" /><trkpt lat="46.29806" lon="7.92794" /><trkpt lat="46.29799" lon="7.92752" /><trkpt lat="46.29795" lon="7.92716" /><trkpt lat="46.29791" lon="7.92683" /><trkpt lat="46.29784" lon="7.92615" /><trkpt lat="46.29779" lon="7.92555" /><trkpt lat="46.29774" lon="7.92499" /><trkpt lat="46.29762" lon="7.9237" /><trkpt lat="46.2974" lon="7.92125" /><trkpt lat="46.29722" lon="7.91933" /><trkpt lat="46.29713" lon="7.91828" /><trkpt lat="46.29696" lon="7.91639" /><trkpt lat="46.29689" lon="7.91566" /><trkpt lat="46.29673" lon="7.91376" /><trkpt lat="46.29651" lon="7.91127" /><trkpt lat="46.29626" lon="7.90845" /><trkpt lat="46.29612" lon="7.90686" /><trkpt lat="46.29599" lon="7.90538" /><trkpt lat="46.29592" lon="7.90459" /><trkpt lat="46.29583" lon="7.90363" /><trkpt lat="46.29577" lon="7.90288" /><trkpt lat="46.29571" lon="7.90229" /><trkpt lat="46.29567" lon="7.90178" /><trkpt lat="46.29558" lon="7.90086" /><trkpt lat="46.29554" lon="7.90046" /><trkpt lat="46.29549" lon="7.89998" /><trkpt lat="46.29543" lon="7.89941" /><trkpt lat="46.29539" lon="7.89905" /><trkpt lat="46.29532" lon="7.89849" /><trkpt lat="46.29523" lon="7.89777" /><trkpt lat="46.29507" lon="7.8964" /><trkpt lat="46.29492" lon="7.89512" /><trkpt lat="46.29475" lon="7.89368" /><trkpt lat="46.29467" lon="7.893" /><trkpt lat="46.29453" lon="7.89189" /><trkpt lat="46.29434" lon="7.89025" /><trkpt lat="46.29427" lon="7.88964" /><trkpt lat="46.2942" lon="7.8891" /><trkpt lat="46.29415" lon="7.8886" /><trkpt lat="46.29413" lon="7.88836" /><trkpt lat="46.2941" lon="7.88796" /><trkpt lat="46.29409" lon="7.88772" /><trkpt lat="46.29408" lon="7.88752" /><trkpt lat="46.29407" lon="7.88727" /><trkpt lat="46.29406" lon="7.88703" /><trkpt lat="46.29406" lon="7.88677" /><trkpt lat="46.29405" lon="7.88641" /><trkpt lat="46.29405" lon="7.88579" /><trkpt lat="46.29407" lon="7.88502" /><trkpt lat="46.29415" lon="7.88169" /><trkpt lat="46.29417" lon="7.88081" /><trkpt lat="46.2942" lon="7.87959" /><trkpt lat="46.29427" lon="7.8779" /><trkpt lat="46.29429" lon="7.87755" /><trkpt lat="46.29431" lon="7.8772" /><trkpt lat="46.29432" lon="7.87706" /><trkpt lat="46.29433" lon="7.87693" /><trkpt lat="46.29436" lon="7.87662" /><trkpt lat="46.2944" lon="7.8763" /><trkpt lat="46.29442" lon="7.8761" /><trkpt lat="46.29445" lon="7.87592" /><trkpt lat="46.29447" lon="7.87575" /><trkpt lat="46.29451" lon="7.87552" /><trkpt lat="46.29454" lon="7.87529" /><trkpt lat="46.29458" lon="7.8751" /><trkpt lat="46.29462" lon="7.87486" /><trkpt lat="46.2947" lon="7.8745" /><trkpt lat="46.29473" lon="7.87434" /><trkpt lat="46.29481" lon="7.87403" /><trkpt lat="46.29497" lon="7.8734" /><trkpt lat="46.29504" lon="7.87315" /><trkpt lat="46.29515" lon="7.87282" /><trkpt lat="46.29525" lon="7.8725" /><trkpt lat="46.29538" lon="7.87214" /><trkpt lat="46.29547" lon="7.8719" /><trkpt lat="46.29558" lon="7.87162" /><trkpt lat="46.29569" lon="7.87137" /><trkpt lat="46.2958" lon="7.8711" /><trkpt lat="46.29591" lon="7.87087" /><trkpt lat="46.29611" lon="7.87045" /><trkpt lat="46.29621" lon="7.87026" /><trkpt lat="46.29633" lon="7.87002" /><trkpt lat="46.29636" lon="7.86998" /><trkpt lat="46.29668" lon="7.86938" /><trkpt lat="46.29732" lon="7.86826" /><trkpt lat="46.29774" lon="7.86752" /><trkpt lat="46.29841" lon="7.86634" /><trkpt lat="46.29944" lon="7.86454" /><trkpt lat="46.30012" lon="7.86335" /><trkpt lat="46.30081" lon="7.86213" /><trkpt lat="46.30105" lon="7.8617" /><trkpt lat="46.30117" lon="7.8615" /><trkpt lat="46.30132" lon="7.86123" /><trkpt lat="46.30148" lon="7.86092" /><trkpt lat="46.30162" lon="7.86064" /><trkpt lat="46.30179" lon="7.86032" /><trkpt lat="46.30188" lon="7.86013" /><trkpt lat="46.30202" lon="7.85983" /><trkpt lat="46.30213" lon="7.85959" /><trkpt lat="46.30232" lon="7.85915" /><trkpt lat="46.30244" lon="7.85885" /><trkpt lat="46.30254" lon="7.85861" /><trkpt lat="46.30271" lon="7.85818" /><trkpt lat="46.30282" lon="7.85789" /><trkpt lat="46.30283" lon="7.85786" /><trkpt lat="46.30291" lon="7.85763" /><trkpt lat="46.303" lon="7.85739" /><trkpt lat="46.30312" lon="7.85704" /><trkpt lat="46.30322" lon="7.85673" /><trkpt lat="46.30333" lon="7.85642" /><trkpt lat="46.30365" lon="7.85543" /><trkpt lat="46.30412" lon="7.85396" /><trkpt lat="46.30444" lon="7.85298" /><trkpt lat="46.3046" lon="7.85248" /><trkpt lat="46.30476" lon="7.85193" /><trkpt lat="46.30489" lon="7.85149" /><trkpt lat="46.30498" lon="7.85113" /><trkpt lat="46.30507" lon="7.85078" /><trkpt lat="46.30514" lon="7.85049" /><trkpt lat="46.30522" lon="7.85013" /><trkpt lat="46.3053" lon="7.84977" /><trkpt lat="46.30537" lon="7.84942" /><trkpt lat="46.30541" lon="7.84918" /><trkpt lat="46.30546" lon="7.84893" /><trkpt lat="46.30551" lon="7.84862" /><trkpt lat="46.30557" lon="7.84831" /><trkpt lat="46.30566" lon="7.84773" /><trkpt lat="46.30581" lon="7.84678" /><trkpt lat="46.30582" lon="7.84668" /><trkpt lat="46.30594" lon="7.84591" /><trkpt lat="46.30599" lon="7.84556" /><trkpt lat="46.30604" lon="7.84525" /><trkpt lat="46.30611" lon="7.84472" /><trkpt lat="46.30618" lon="7.84418" /><trkpt lat="46.30624" lon="7.84371" /><trkpt lat="46.3063" lon="7.8433" /><trkpt lat="46.30636" lon="7.84289" /><trkpt lat="46.3064" lon="7.8426" /><trkpt lat="46.30665" lon="7.84095" /><trkpt lat="46.30666" lon="7.84093" /><trkpt lat="46.30671" lon="7.84058" /><trkpt lat="46.3068" lon="7.83992" /><trkpt lat="46.30688" lon="7.8393" /><trkpt lat="46.30698" lon="7.83854" /><trkpt lat="46.30704" lon="7.83807" /><trkpt lat="46.30709" lon="7.83758" /><trkpt lat="46.30715" lon="7.83702" /><trkpt lat="46.30728" lon="7.83587" /><trkpt lat="46.30737" lon="7.83502" /><trkpt lat="46.30746" lon="7.83425" /><trkpt lat="46.30769" lon="7.83214" /><trkpt lat="46.30776" lon="7.83147" /><trkpt lat="46.30779" lon="7.83113" /><trkpt lat="46.30783" lon="7.8308" /><trkpt lat="46.30786" lon="7.83045" /><trkpt lat="46.30787" lon="7.83027" /><trkpt lat="46.30789" lon="7.83009" /><trkpt lat="46.3079" lon="7.8299" /><trkpt lat="46.30791" lon="7.8297" /><trkpt lat="46.30794" lon="7.82931" /><trkpt lat="46.30795" lon="7.82893" /><trkpt lat="46.30796" lon="7.82856" /><trkpt lat="46.30797" lon="7.82817" /><trkpt lat="46.30797" lon="7.8278" /><trkpt lat="46.30797" lon="7.82743" /><trkpt lat="46.30797" lon="7.82706" /><trkpt lat="46.30796" lon="7.82685" /><trkpt lat="46.30795" lon="7.82663" /><trkpt lat="46.30794" lon="7.82622" /><trkpt lat="46.30792" lon="7.82599" /><trkpt lat="46.30791" lon="7.82579" /><trkpt lat="46.3079" lon="7.82558" /><trkpt lat="46.30787" lon="7.82519" /><trkpt lat="46.30784" lon="7.82482" /><trkpt lat="46.3078" lon="7.82445" /><trkpt lat="46.30777" lon="7.82408" /><trkpt lat="46.3076" lon="7.82253" /><trkpt lat="46.3073" lon="7.81962" /><trkpt lat="46.30725" lon="7.81914" /><trkpt lat="46.30721" lon="7.81867" /><trkpt lat="46.30716" lon="7.81819" /><trkpt lat="46.30712" lon="7.8177" /><trkpt lat="46.30691" lon="7.81531" /><trkpt lat="46.30687" lon="7.81484" /><trkpt lat="46.30684" lon="7.81436" /><trkpt lat="46.30682" lon="7.81406" /><trkpt lat="46.30679" lon="7.81371" /><trkpt lat="46.30675" lon="7.81304" /><trkpt lat="46.30667" lon="7.81162" /><trkpt lat="46.30662" lon="7.81076" /><trkpt lat="46.3066" lon="7.81039" /><trkpt lat="46.30659" lon="7.81012" /><trkpt lat="46.30658" lon="7.80983" /><trkpt lat="46.30657" lon="7.80955" /><trkpt lat="46.30657" lon="7.80927" /><trkpt lat="46.30656" lon="7.80895" /><trkpt lat="46.30656" lon="7.80863" /><trkpt lat="46.30656" lon="7.80833" /><trkpt lat="46.30656" lon="7.80731" /><trkpt lat="46.30655" lon="7.80433" /><trkpt lat="46.30654" lon="7.80393" /><trkpt lat="46.30654" lon="7.80355" /><trkpt lat="46.30654" lon="7.80316" /><trkpt lat="46.30653" lon="7.80278" /><trkpt lat="46.30651" lon="7.80241" /><trkpt lat="46.3065" lon="7.80207" /><trkpt lat="46.30648" lon="7.80175" /><trkpt lat="46.30646" lon="7.80144" /><trkpt lat="46.30643" lon="7.80107" /><trkpt lat="46.30641" lon="7.80087" /><trkpt lat="46.30638" lon="7.80056" /><trkpt lat="46.30635" lon="7.80024" /><trkpt lat="46.30629" lon="7.79976" /><trkpt lat="46.30609" lon="7.79827" /><trkpt lat="46.30602" lon="7.79774" /><trkpt lat="46.30596" lon="7.79719" /><trkpt lat="46.30593" lon="7.79695" /><trkpt lat="46.3059" lon="7.79668" /><trkpt lat="46.30588" lon="7.79642" /><trkpt lat="46.30586" lon="7.79615" /><trkpt lat="46.30583" lon="7.79587" /><trkpt lat="46.30582" lon="7.79562" /><trkpt lat="46.3058" lon="7.79535" /><trkpt lat="46.30578" lon="7.79504" /><trkpt lat="46.30577" lon="7.79462" /><trkpt lat="46.30576" lon="7.79443" /><trkpt lat="46.30575" lon="7.79404" /><trkpt lat="46.30575" lon="7.79374" /><trkpt lat="46.30575" lon="7.79338" /><trkpt lat="46.30575" lon="7.79294" /><trkpt lat="46.30574" lon="7.79033" /><trkpt lat="46.30574" lon="7.78386" /><trkpt lat="46.30574" lon="7.78336" /><trkpt lat="46.30574" lon="7.78286" /><trkpt lat="46.30575" lon="7.78237" /><trkpt lat="46.30575" lon="7.78211" /><trkpt lat="46.30576" lon="7.78183" /><trkpt lat="46.30578" lon="7.78148" /><trkpt lat="46.30578" lon="7.78131" /><trkpt lat="46.30579" lon="7.78114" /><trkpt lat="46.3058" lon="7.78097" /><trkpt lat="46.30582" lon="7.78073" /><trkpt lat="46.30584" lon="7.78047" /><trkpt lat="46.30585" lon="7.78026" /><trkpt lat="46.30587" lon="7.78003" /><trkpt lat="46.3059" lon="7.77976" /><trkpt lat="46.30593" lon="7.77947" /><trkpt lat="46.30596" lon="7.77918" /><trkpt lat="46.30599" lon="7.77898" /><trkpt lat="46.306" lon="7.77892" /><trkpt lat="46.30607" lon="7.77837" /><trkpt lat="46.30613" lon="7.77791" /><trkpt lat="46.30808" lon="7.76311" /><trkpt lat="46.30814" lon="7.76265" /><trkpt lat="46.30818" lon="7.76231" /><trkpt lat="46.30822" lon="7.76196" /><trkpt lat="46.30826" lon="7.76168" /><trkpt lat="46.30829" lon="7.76138" /><trkpt lat="46.30832" lon="7.76111" /><trkpt lat="46.30834" lon="7.76085" /><trkpt lat="46.30838" lon="7.7603" /><trkpt lat="46.3084" lon="7.75995" /><trkpt lat="46.30841" lon="7.7598" /><trkpt lat="46.30842" lon="7.7596" /><trkpt lat="46.30843" lon="7.7594" /><trkpt lat="46.30843" lon="7.75924" /><trkpt lat="46.30844" lon="7.75898" /><trkpt lat="46.30844" lon="7.75872" /><trkpt lat="46.30844" lon="7.75843" /><trkpt lat="46.30844" lon="7.7581" /><trkpt lat="46.30843" lon="7.75784" /><trkpt lat="46.30842" lon="7.75758" /><trkpt lat="46.30842" lon="7.75732" /><trkpt lat="46.3084" lon="7.75694" /><trkpt lat="46.30838" lon="7.75655" /><trkpt lat="46.30835" lon="7.75621" /><trkpt lat="46.30833" lon="7.75596" /><trkpt lat="46.30831" lon="7.75571" /><trkpt lat="46.30827" lon="7.75535" /><trkpt lat="46.30823" lon="7.755" /><trkpt lat="46.30819" lon="7.75461" /><trkpt lat="46.30814" lon="7.75426" /><trkpt lat="46.30808" lon="7.7539" /><trkpt lat="46.30802" lon="7.75353" /><trkpt lat="46.30795" lon="7.75315" /><trkpt lat="46.30788" lon="7.75275" /><trkpt lat="46.30784" lon="7.75254" /><trkpt lat="46.30779" lon="7.75233" /><trkpt lat="46.30774" lon="7.75208" /><trkpt lat="46.30759" lon="7.75139" /><trkpt lat="46.30747" lon="7.75086" /><trkpt lat="46.30736" lon="7.75036" /><trkpt lat="46.30714" lon="7.74931" /><trkpt lat="46.30667" lon="7.74721" /><trkpt lat="46.30659" lon="7.7468" /><trkpt lat="46.30649" lon="7.74635" /><trkpt lat="46.30642" lon="7.74604" /><trkpt lat="46.30637" lon="7.7458" /><trkpt lat="46.30631" lon="7.74546" /><trkpt lat="46.30624" lon="7.74513" /><trkpt lat="46.3062" lon="7.74486" /><trkpt lat="46.30613" lon="7.74446" /><trkpt lat="46.30606" lon="7.74396" /><trkpt lat="46.30599" lon="7.74343" /><trkpt lat="46.30597" lon="7.74333" /><trkpt lat="46.30594" lon="7.74302" /><trkpt lat="46.30593" lon="7.74289" /><trkpt lat="46.3059" lon="7.74267" /><trkpt lat="46.30589" lon="7.74254" /><trkpt lat="46.30586" lon="7.74221" /><trkpt lat="46.30584" lon="7.74187" /><trkpt lat="46.30582" lon="7.74167" /><trkpt lat="46.30581" lon="7.74141" /><trkpt lat="46.30579" lon="7.74112" /><trkpt lat="46.30578" lon="7.7409" /><trkpt lat="46.30578" lon="7.74073" /><trkpt lat="46.30577" lon="7.74053" /><trkpt lat="46.30576" lon="7.74018" /><trkpt lat="46.30576" lon="7.73988" /><trkpt lat="46.30576" lon="7.73965" /><trkpt lat="46.30576" lon="7.73939" /><trkpt lat="46.30576" lon="7.73913" /><trkpt lat="46.30577" lon="7.73887" /><trkpt lat="46.30578" lon="7.73863" /><trkpt lat="46.30579" lon="7.73841" /><trkpt lat="46.3058" lon="7.7382" /><trkpt lat="46.30581" lon="7.73796" /><trkpt lat="46.30583" lon="7.73769" /><trkpt lat="46.30585" lon="7.73743" /><trkpt lat="46.30587" lon="7.73719" /><trkpt lat="46.30589" lon="7.73693" /><trkpt lat="46.30592" lon="7.7367" /><trkpt lat="46.30595" lon="7.73644" /><trkpt lat="46.30598" lon="7.73619" /><trkpt lat="46.30601" lon="7.73597" /><trkpt lat="46.30604" lon="7.73575" /><trkpt lat="46.30607" lon="7.7355" /><trkpt lat="46.3061" lon="7.73531" /><trkpt lat="46.30614" lon="7.73506" /><trkpt lat="46.30619" lon="7.73478" /><trkpt lat="46.30624" lon="7.73455" /><trkpt lat="46.30631" lon="7.73415" /><trkpt lat="46.3064" lon="7.73374" /><trkpt lat="46.30671" lon="7.73219" /><trkpt lat="46.30675" lon="7.73195" /><trkpt lat="46.30683" lon="7.73153" /><trkpt lat="46.3069" lon="7.73112" /><trkpt lat="46.30695" lon="7.73084" /><trkpt lat="46.30702" lon="7.7304" /><trkpt lat="46.30707" lon="7.73009" /><trkpt lat="46.30712" lon="7.72979" /><trkpt lat="46.30718" lon="7.72932" /><trkpt lat="46.30725" lon="7.72884" /><trkpt lat="46.30817" lon="7.72215" /><trkpt lat="46.3092" lon="7.71468" /><trkpt lat="46.30931" lon="7.71389" /><trkpt lat="46.30936" lon="7.71349" /><trkpt lat="46.30941" lon="7.71309" /><trkpt lat="46.30946" lon="7.71268" /><trkpt lat="46.30951" lon="7.71227" /><trkpt lat="46.30956" lon="7.71175" /><trkpt lat="46.30961" lon="7.71122" /><trkpt lat="46.30966" lon="7.71067" /><trkpt lat="46.3097" lon="7.71011" /><trkpt lat="46.30974" lon="7.70946" /><trkpt lat="46.30976" lon="7.70896" /><trkpt lat="46.30978" lon="7.70853" /><trkpt lat="46.30979" lon="7.70831" /><trkpt lat="46.3098" lon="7.70809" /><trkpt lat="46.30981" lon="7.70779" /><trkpt lat="46.30982" lon="7.7075" /><trkpt lat="46.30982" lon="7.70719" /><trkpt lat="46.30983" lon="7.70675" /><trkpt lat="46.30983" lon="7.70636" /><trkpt lat="46.30983" lon="7.70599" /><trkpt lat="46.30982" lon="7.70562" /><trkpt lat="46.30981" lon="7.70513" /><trkpt lat="46.30981" lon="7.70477" /><trkpt lat="46.3098" lon="7.70441" /><trkpt lat="46.30978" lon="7.70392" /><trkpt lat="46.30976" lon="7.70348" /><trkpt lat="46.30974" lon="7.70315" /><trkpt lat="46.30972" lon="7.70271" /><trkpt lat="46.3097" lon="7.70242" /><trkpt lat="46.30968" lon="7.70207" /><trkpt lat="46.30964" lon="7.70158" /><trkpt lat="46.30962" lon="7.70134" /><trkpt lat="46.3096" lon="7.7011" /><trkpt lat="46.30958" lon="7.7009" /><trkpt lat="46.30955" lon="7.70066" /><trkpt lat="46.30952" lon="7.70034" /><trkpt lat="46.30949" lon="7.70001" /><trkpt lat="46.30945" lon="7.69973" /><trkpt lat="46.30941" lon="7.69936" /><trkpt lat="46.30937" lon="7.69907" /><trkpt lat="46.30932" lon="7.69872" /><trkpt lat="46.30927" lon="7.69833" /><trkpt lat="46.30923" lon="7.69809" /><trkpt lat="46.3092" lon="7.69786" /><trkpt lat="46.30917" lon="7.69763" /><trkpt lat="46.30911" lon="7.69729" /><trkpt lat="46.30901" lon="7.69669" /><trkpt lat="46.30891" lon="7.6961" /><trkpt lat="46.30881" lon="7.6956" /><trkpt lat="46.30871" lon="7.6951" /><trkpt lat="46.30863" lon="7.69467" /><trkpt lat="46.30803" lon="7.69161" /><trkpt lat="46.30781" lon="7.69048" /><trkpt lat="46.30776" lon="7.6902" /><trkpt lat="46.30733" lon="7.68797" /><trkpt lat="46.3072" lon="7.68733" /><trkpt lat="46.30639" lon="7.68314" /><trkpt lat="46.3063" lon="7.68266" /><trkpt lat="46.30618" lon="7.68199" /><trkpt lat="46.30612" lon="7.68165" /><trkpt lat="46.30607" lon="7.68133" /><trkpt lat="46.30603" lon="7.68105" /><trkpt lat="46.30597" lon="7.68068" /><trkpt lat="46.30592" lon="7.68031" /><trkpt lat="46.30588" lon="7.67994" /><trkpt lat="46.30583" lon="7.67959" /><trkpt lat="46.30577" lon="7.67905" /><trkpt lat="46.30575" lon="7.67879" /><trkpt lat="46.30572" lon="7.67852" /><trkpt lat="46.30569" lon="7.67814" /><trkpt lat="46.30567" lon="7.67796" /><trkpt lat="46.30566" lon="7.67778" /><trkpt lat="46.30564" lon="7.6776" /><trkpt lat="46.30563" lon="7.6774" /><trkpt lat="46.30562" lon="7.67721" /><trkpt lat="46.3056" lon="7.67701" /><trkpt lat="46.30559" lon="7.67678" /><trkpt lat="46.30558" lon="7.67655" /><trkpt lat="46.30556" lon="7.67624" /><trkpt lat="46.30555" lon="7.67595" /><trkpt lat="46.30554" lon="7.67562" /><trkpt lat="46.30553" lon="7.67526" /><trkpt lat="46.30552" lon="7.67495" /><trkpt lat="46.30552" lon="7.67455" /><trkpt lat="46.30552" lon="7.67421" /><trkpt lat="46.30552" lon="7.67389" /><trkpt lat="46.30552" lon="7.67358" /><trkpt lat="46.30553" lon="7.67307" /><trkpt lat="46.30554" lon="7.67279" /><trkpt lat="46.30555" lon="7.67243" /><trkpt lat="46.30557" lon="7.67207" /><trkpt lat="46.30559" lon="7.67164" /><trkpt lat="46.30561" lon="7.67125" /><trkpt lat="46.30564" lon="7.67085" /><trkpt lat="46.30567" lon="7.67045" /><trkpt lat="46.3057" lon="7.67011" /><trkpt lat="46.30573" lon="7.66975" /><trkpt lat="46.30576" lon="7.66948" /><trkpt lat="46.30579" lon="7.66916" /><trkpt lat="46.30582" lon="7.66893" /><trkpt lat="46.30584" lon="7.6687" /><trkpt lat="46.30588" lon="7.66841" /><trkpt lat="46.30593" lon="7.66799" /><trkpt lat="46.30599" lon="7.66759" /><trkpt lat="46.30605" lon="7.6672" /><trkpt lat="46.3061" lon="7.66688" /><trkpt lat="46.30614" lon="7.6666" /><trkpt lat="46.30619" lon="7.66634" /><trkpt lat="46.30627" lon="7.6659" /><trkpt lat="46.30635" lon="7.66544" /><trkpt lat="46.30645" lon="7.66497" /><trkpt lat="46.30651" lon="7.66466" /><trkpt lat="46.30668" lon="7.6639" /><trkpt lat="46.30786" lon="7.65867" /><trkpt lat="46.30787" lon="7.65866" /><trkpt lat="46.30903" lon="7.65351" /><trkpt lat="46.30913" lon="7.65306" /><trkpt lat="46.30927" lon="7.65246" /><trkpt lat="46.30936" lon="7.6521" /><trkpt lat="46.30948" lon="7.65162" /><trkpt lat="46.30956" lon="7.65133" /><trkpt lat="46.30964" lon="7.65104" /><trkpt lat="46.30971" lon="7.65079" /><trkpt lat="46.30978" lon="7.65055" /><trkpt lat="46.31" lon="7.64986" /><trkpt lat="46.31058" lon="7.64808" /><trkpt lat="46.31068" lon="7.64777" /><trkpt lat="46.3107" lon="7.64771" /><trkpt lat="46.31187" lon="7.6441" /><trkpt lat="46.31242" lon="7.64241" /><trkpt lat="46.31244" lon="7.64238" /><trkpt lat="46.31312" lon="7.64029" /><trkpt lat="46.3132" lon="7.64004" /><trkpt lat="46.31362" lon="7.63874" /><trkpt lat="46.31425" lon="7.6368" /><trkpt lat="46.31463" lon="7.63563" /><trkpt lat="46.31535" lon="7.63323" /><trkpt lat="46.31581" lon="7.63141" /><trkpt lat="46.31622" lon="7.62955" /><trkpt lat="46.31668" lon="7.62704" /><trkpt lat="46.31695" lon="7.62511" /><trkpt lat="46.31717" lon="7.62319" /><trkpt lat="46.31722" lon="7.62262" /><trkpt lat="46.31727" lon="7.62205" /><trkpt lat="46.31735" lon="7.62091" /><trkpt lat="46.31744" lon="7.6188" /><trkpt lat="46.31746" lon="7.61674" /><trkpt lat="46.3174" lon="7.61413" /><trkpt lat="46.31722" lon="7.61155" /><trkpt lat="46.31686" lon="7.60835" /><trkpt lat="46.31671" lon="7.60726" /><trkpt lat="46.31657" lon="7.6063" /><trkpt lat="46.31573" lon="7.60018" /><trkpt lat="46.3153" lon="7.59727" /><trkpt lat="46.31475" lon="7.5944" /><trkpt lat="46.31426" lon="7.59232" /><trkpt lat="46.31371" lon="7.59037" /><trkpt lat="46.31311" lon="7.58848" /><trkpt lat="46.31247" lon="7.58673" /><trkpt lat="46.31237" lon="7.58647" /><trkpt lat="46.31216" lon="7.58595" /><trkpt lat="46.31202" lon="7.5856" /><trkpt lat="46.31195" lon="7.58543" /><trkpt lat="46.31178" lon="7.58503" /><trkpt lat="46.31161" lon="7.58464" /><trkpt lat="46.31128" lon="7.58388" /><trkpt lat="46.31021" lon="7.58139" /><trkpt lat="46.31012" lon="7.58119" /><trkpt lat="46.31011" lon="7.58116" /><trkpt lat="46.3101" lon="7.58113" /><trkpt lat="46.31004" lon="7.58099" /><trkpt lat="46.30997" lon="7.58083" /><trkpt lat="46.30991" lon="7.58067" /><trkpt lat="46.30982" lon="7.58044" /><trkpt lat="46.30978" lon="7.58033" /><trkpt lat="46.30974" lon="7.58022" /><trkpt lat="46.3097" lon="7.5801" /><trkpt lat="46.30967" lon="7.58" /><trkpt lat="46.3096" lon="7.57978" /><trkpt lat="46.30955" lon="7.57962" /><trkpt lat="46.30951" lon="7.57947" /><trkpt lat="46.30947" lon="7.57933" /><trkpt lat="46.30943" lon="7.5792" /><trkpt lat="46.3094" lon="7.57906" /><trkpt lat="46.30935" lon="7.57885" /><trkpt lat="46.30931" lon="7.57864" /><trkpt lat="46.30926" lon="7.57843" /><trkpt lat="46.30923" lon="7.57828" /><trkpt lat="46.30921" lon="7.57813" /><trkpt lat="46.30917" lon="7.57792" /><trkpt lat="46.30914" lon="7.5777" /><trkpt lat="46.30913" lon="7.5776" /><trkpt lat="46.30911" lon="7.57747" /><trkpt lat="46.30909" lon="7.57732" /><trkpt lat="46.30908" lon="7.57721" /><trkpt lat="46.30906" lon="7.57707" /><trkpt lat="46.30905" lon="7.57693" /><trkpt lat="46.30904" lon="7.5768" /><trkpt lat="46.30903" lon="7.57666" /><trkpt lat="46.30902" lon="7.57655" /><trkpt lat="46.30902" lon="7.57644" /><trkpt lat="46.30901" lon="7.57629" /><trkpt lat="46.30901" lon="7.57617" /><trkpt lat="46.309" lon="7.57603" /><trkpt lat="46.309" lon="7.5759" /><trkpt lat="46.309" lon="7.57576" /><trkpt lat="46.309" lon="7.57563" /><trkpt lat="46.30901" lon="7.5755" /><trkpt lat="46.30901" lon="7.57541" /><trkpt lat="46.30901" lon="7.5753" /><trkpt lat="46.30902" lon="7.57521" /><trkpt lat="46.30902" lon="7.57513" /><trkpt lat="46.30903" lon="7.57496" /><trkpt lat="46.30904" lon="7.5748" /><trkpt lat="46.30906" lon="7.5746" /><trkpt lat="46.30908" lon="7.57441" /><trkpt lat="46.30911" lon="7.57413" /><trkpt lat="46.30918" lon="7.57346" /><trkpt lat="46.30922" lon="7.57312" /><trkpt lat="46.30925" lon="7.57278" /><trkpt lat="46.30927" lon="7.57253" /><trkpt lat="46.30929" lon="7.57224" /><trkpt lat="46.3093" lon="7.572" /><trkpt lat="46.30931" lon="7.57176" /><trkpt lat="46.30931" lon="7.57153" /><trkpt lat="46.30931" lon="7.57129" /><trkpt lat="46.3093" lon="7.57103" /><trkpt lat="46.30929" lon="7.57078" /><trkpt lat="46.30928" lon="7.57062" /><trkpt lat="46.30927" lon="7.57047" /><trkpt lat="46.30925" lon="7.57023" /><trkpt lat="46.30922" lon="7.56991" /><trkpt lat="46.30919" lon="7.56966" /><trkpt lat="46.30915" lon="7.56942" /><trkpt lat="46.30912" lon="7.56921" /><trkpt lat="46.30908" lon="7.56897" /><trkpt lat="46.30903" lon="7.56875" /><trkpt lat="46.30899" lon="7.56856" /><trkpt lat="46.30895" lon="7.5684" /><trkpt lat="46.30891" lon="7.56823" /><trkpt lat="46.30882" lon="7.56789" /><trkpt lat="46.30879" lon="7.56777" /><trkpt lat="46.30873" lon="7.56757" /><trkpt lat="46.30864" lon="7.5673" /><trkpt lat="46.30859" lon="7.56713" /><trkpt lat="46.30852" lon="7.56694" /><trkpt lat="46.30845" lon="7.56675" /><trkpt lat="46.30836" lon="7.56654" /><trkpt lat="46.30827" lon="7.56632" /><trkpt lat="46.30817" lon="7.56609" /><trkpt lat="46.30805" lon="7.56585" /><trkpt lat="46.30792" lon="7.56557" /><trkpt lat="46.30778" lon="7.56529" /><trkpt lat="46.30758" lon="7.5649" /><trkpt lat="46.30746" lon="7.56468" /><trkpt lat="46.30737" lon="7.5645" /><trkpt lat="46.30714" lon="7.56408" /><trkpt lat="46.30698" lon="7.5638" /><trkpt lat="46.30682" lon="7.56352" /><trkpt lat="46.30647" lon="7.56292" /><trkpt lat="46.30601" lon="7.56212" /><trkpt lat="46.30546" lon="7.56118" /><trkpt lat="46.30527" lon="7.56087" /><trkpt lat="46.30487" lon="7.56017" /><trkpt lat="46.30433" lon="7.55924" /><trkpt lat="46.30339" lon="7.55764" /><trkpt lat="46.30208" lon="7.55539" /><trkpt lat="46.30185" lon="7.555" /><trkpt lat="46.30181" lon="7.55492" /><trkpt lat="46.29942" lon="7.55084" /><trkpt lat="46.2994" lon="7.5508" /><trkpt lat="46.2987" lon="7.54961" /><trkpt lat="46.29852" lon="7.5493" /><trkpt lat="46.29837" lon="7.54903" /><trkpt lat="46.29829" lon="7.54888" /><trkpt lat="46.29819" lon="7.54869" /><trkpt lat="46.2981" lon="7.5485" /><trkpt lat="46.298" lon="7.5483" /><trkpt lat="46.29794" lon="7.54818" /><trkpt lat="46.29782" lon="7.54791" /><trkpt lat="46.29773" lon="7.54771" /><trkpt lat="46.29765" lon="7.54751" /><trkpt lat="46.29758" lon="7.54734" /><trkpt lat="46.29752" lon="7.54717" /><trkpt lat="46.29746" lon="7.54701" /><trkpt lat="46.2974" lon="7.54685" /><trkpt lat="46.29731" lon="7.54657" /><trkpt lat="46.29721" lon="7.54629" /><trkpt lat="46.29715" lon="7.54608" /><trkpt lat="46.29703" lon="7.54567" /><trkpt lat="46.29687" lon="7.54507" /><trkpt lat="46.29667" lon="7.54428" /><trkpt lat="46.29642" lon="7.54332" /><trkpt lat="46.29597" lon="7.5416" /><trkpt lat="46.29581" lon="7.54103" /><trkpt lat="46.29566" lon="7.54057" /><trkpt lat="46.29536" lon="7.53978" /><trkpt lat="46.2953" lon="7.5396" /><trkpt lat="46.29517" lon="7.53932" /><trkpt lat="46.29502" lon="7.539" /><trkpt lat="46.29474" lon="7.53842" /><trkpt lat="46.29457" lon="7.53812" /><trkpt lat="46.29439" lon="7.53783" /><trkpt lat="46.29422" lon="7.53757" /><trkpt lat="46.2939" lon="7.53707" /><trkpt lat="46.2938" lon="7.53692" /><trkpt lat="46.29355" lon="7.53652" /><trkpt lat="46.29348" lon="7.53638" /><trkpt lat="46.29341" lon="7.53626" /><trkpt lat="46.2933" lon="7.53606" /><trkpt lat="46.29324" lon="7.53592" /><trkpt lat="46.29317" lon="7.53577" /><trkpt lat="46.2931" lon="7.53561" /><trkpt lat="46.29302" lon="7.53542" /><trkpt lat="46.29296" lon="7.53526" /><trkpt lat="46.29284" lon="7.53496" /><trkpt lat="46.2917" lon="7.53198" /><trkpt lat="46.29155" lon="7.53159" /><trkpt lat="46.29146" lon="7.53137" /><trkpt lat="46.2914" lon="7.53122" /><trkpt lat="46.29133" lon="7.53106" /><trkpt lat="46.29127" lon="7.5309" /><trkpt lat="46.2912" lon="7.53076" /><trkpt lat="46.29114" lon="7.53064" /><trkpt lat="46.29107" lon="7.5305" /><trkpt lat="46.29101" lon="7.53037" /><trkpt lat="46.29094" lon="7.53025" /><trkpt lat="46.29084" lon="7.53009" /><trkpt lat="46.29074" lon="7.52993" /><trkpt lat="46.29063" lon="7.52976" /><trkpt lat="46.29057" lon="7.52967" /><trkpt lat="46.29043" lon="7.52947" /><trkpt lat="46.29008" lon="7.52897" /><trkpt lat="46.28979" lon="7.52858" /><trkpt lat="46.28971" lon="7.52846" /><trkpt lat="46.28961" lon="7.52833" /><trkpt lat="46.28949" lon="7.52818" /><trkpt lat="46.28937" lon="7.52804" /><trkpt lat="46.28927" lon="7.52792" /><trkpt lat="46.28911" lon="7.52776" /><trkpt lat="46.289" lon="7.52766" /><trkpt lat="46.28891" lon="7.52757" /><trkpt lat="46.28882" lon="7.5275" /><trkpt lat="46.28873" lon="7.52743" /><trkpt lat="46.28862" lon="7.52734" /><trkpt lat="46.28851" lon="7.52726" /><trkpt lat="46.28842" lon="7.5272" /><trkpt lat="46.28828" lon="7.52711" /><trkpt lat="46.28813" lon="7.52702" /><trkpt lat="46.288" lon="7.52695" /><trkpt lat="46.28781" lon="7.52684" /><trkpt lat="46.28733" lon="7.52657" /><trkpt lat="46.28699" lon="7.52638" /><trkpt lat="46.28682" lon="7.52628" /><trkpt lat="46.2866" lon="7.52616" /><trkpt lat="46.28648" lon="7.52608" /><trkpt lat="46.2864" lon="7.52603" /><trkpt lat="46.28629" lon="7.52596" /><trkpt lat="46.28618" lon="7.52587" /><trkpt lat="46.28604" lon="7.52576" /><trkpt lat="46.28591" lon="7.52566" /><trkpt lat="46.28579" lon="7.52554" /><trkpt lat="46.28564" lon="7.5254" /><trkpt lat="46.2855" lon="7.52527" /><trkpt lat="46.28535" lon="7.5251" /><trkpt lat="46.28523" lon="7.52496" /><trkpt lat="46.28509" lon="7.52478" /><trkpt lat="46.28495" lon="7.5246" /><trkpt lat="46.28482" lon="7.52442" /><trkpt lat="46.28471" lon="7.52425" /><trkpt lat="46.28461" lon="7.52409" /><trkpt lat="46.28451" lon="7.52391" /><trkpt lat="46.2844" lon="7.52372" /><trkpt lat="46.2843" lon="7.52351" /><trkpt lat="46.28421" lon="7.52334" /><trkpt lat="46.28413" lon="7.52316" /><trkpt lat="46.28404" lon="7.52295" /><trkpt lat="46.28395" lon="7.52273" /><trkpt lat="46.28388" lon="7.52252" /><trkpt lat="46.28381" lon="7.52233" /><trkpt lat="46.28375" lon="7.52216" /><trkpt lat="46.28363" lon="7.52178" /><trkpt lat="46.28059" lon="7.51206" /><trkpt lat="46.28043" lon="7.51157" /><trkpt lat="46.27689" lon="7.50032" /><trkpt lat="46.27643" lon="7.49883" /><trkpt lat="46.27599" lon="7.49731" /><trkpt lat="46.27544" lon="7.49529" /><trkpt lat="46.27406" lon="7.49017" /><trkpt lat="46.27371" lon="7.48888" /><trkpt lat="46.27351" lon="7.4881" /><trkpt lat="46.27332" lon="7.48739" /><trkpt lat="46.27318" lon="7.48682" /><trkpt lat="46.27249" lon="7.48408" /><trkpt lat="46.27227" lon="7.48321" /><trkpt lat="46.27213" lon="7.48264" /><trkpt lat="46.27197" lon="7.48206" /><trkpt lat="46.27182" lon="7.48148" /><trkpt lat="46.27166" lon="7.48091" /><trkpt lat="46.27152" lon="7.48042" /><trkpt lat="46.26976" lon="7.47428" /><trkpt lat="46.26961" lon="7.47373" /><trkpt lat="46.26946" lon="7.47318" /><trkpt lat="46.26916" lon="7.47209" /><trkpt lat="46.26806" lon="7.46797" /><trkpt lat="46.26796" lon="7.46763" /><trkpt lat="46.2675" lon="7.46591" /><trkpt lat="46.26741" lon="7.46557" /><trkpt lat="46.26731" lon="7.46519" /><trkpt lat="46.26722" lon="7.46487" /><trkpt lat="46.26715" lon="7.46459" /><trkpt lat="46.26708" lon="7.46431" /><trkpt lat="46.26699" lon="7.46395" /><trkpt lat="46.26666" lon="7.46259" /><trkpt lat="46.26655" lon="7.46215" /><trkpt lat="46.26644" lon="7.46171" /><trkpt lat="46.26638" lon="7.46149" /><trkpt lat="46.26631" lon="7.46121" /><trkpt lat="46.26622" lon="7.46091" /><trkpt lat="46.26614" lon="7.46063" /><trkpt lat="46.26609" lon="7.46047" /><trkpt lat="46.26604" lon="7.46032" /><trkpt lat="46.26592" lon="7.45996" /><trkpt lat="46.26583" lon="7.45968" /><trkpt lat="46.26573" lon="7.4594" /><trkpt lat="46.26565" lon="7.45917" /><trkpt lat="46.26556" lon="7.45895" /><trkpt lat="46.26545" lon="7.45866" /><trkpt lat="46.26534" lon="7.45839" /><trkpt lat="46.26527" lon="7.45822" /><trkpt lat="46.2652" lon="7.45806" /><trkpt lat="46.26505" lon="7.45772" /><trkpt lat="46.26485" lon="7.45727" /><trkpt lat="46.26464" lon="7.45683" /><trkpt lat="46.264" lon="7.45546" /><trkpt lat="46.26384" lon="7.45512" /><trkpt lat="46.26373" lon="7.45488" /><trkpt lat="46.26367" lon="7.45474" /><trkpt lat="46.2636" lon="7.45459" /><trkpt lat="46.26354" lon="7.45445" /><trkpt lat="46.26347" lon="7.4543" /><trkpt lat="46.26337" lon="7.45406" /><trkpt lat="46.26328" lon="7.45381" /><trkpt lat="46.2632" lon="7.45362" /><trkpt lat="46.26313" lon="7.45343" /><trkpt lat="46.26299" lon="7.45306" /><trkpt lat="46.26277" lon="7.45241" /><trkpt lat="46.26063" lon="7.44621" /><trkpt lat="46.26059" lon="7.44609" /><trkpt lat="46.25276" lon="7.42341" /><trkpt lat="46.2513" lon="7.41917" /><trkpt lat="46.25098" lon="7.41822" /><trkpt lat="46.25092" lon="7.41805" /><trkpt lat="46.25073" lon="7.41736" /><trkpt lat="46.25058" lon="7.41672" /><trkpt lat="46.25052" lon="7.41644" /><trkpt lat="46.25034" lon="7.41536" /><trkpt lat="46.2502" lon="7.41448" /><trkpt lat="46.24979" lon="7.41202" /><trkpt lat="46.24977" lon="7.41188" /><trkpt lat="46.24565" lon="7.38689" /><trkpt lat="46.24559" lon="7.38653" /><trkpt lat="46.24552" lon="7.38615" /><trkpt lat="46.24545" lon="7.38579" /><trkpt lat="46.24538" lon="7.3854" /><trkpt lat="46.24529" lon="7.385" /><trkpt lat="46.24518" lon="7.38452" /><trkpt lat="46.24511" lon="7.38427" /><trkpt lat="46.24502" lon="7.38393" /><trkpt lat="46.24491" lon="7.38357" /><trkpt lat="46.24481" lon="7.38324" /><trkpt lat="46.24467" lon="7.38283" /><trkpt lat="46.24451" lon="7.3824" /><trkpt lat="46.24436" lon="7.382" /><trkpt lat="46.24425" lon="7.38174" /><trkpt lat="46.24413" lon="7.38146" /><trkpt lat="46.24402" lon="7.38121" /><trkpt lat="46.24389" lon="7.38095" /><trkpt lat="46.2436" lon="7.38036" /><trkpt lat="46.24345" lon="7.38009" /><trkpt lat="46.2433" lon="7.37982" /><trkpt lat="46.24317" lon="7.37959" /><trkpt lat="46.24302" lon="7.37935" /><trkpt lat="46.24283" lon="7.37905" /><trkpt lat="46.24263" lon="7.37877" /><trkpt lat="46.24249" lon="7.37856" /><trkpt lat="46.24234" lon="7.37836" /><trkpt lat="46.24218" lon="7.37815" /><trkpt lat="46.242" lon="7.37792" /><trkpt lat="46.24187" lon="7.37777" /><trkpt lat="46.24173" lon="7.3776" /><trkpt lat="46.24147" lon="7.3773" /><trkpt lat="46.24091" lon="7.3767" /><trkpt lat="46.238" lon="7.37354" /><trkpt lat="46.23746" lon="7.37296" /><trkpt lat="46.23701" lon="7.37248" /><trkpt lat="46.23679" lon="7.37226" /><trkpt lat="46.23656" lon="7.37204" /><trkpt lat="46.2364" lon="7.37189" /><trkpt lat="46.23623" lon="7.37174" /><trkpt lat="46.23611" lon="7.37163" /><trkpt lat="46.23587" lon="7.37143" /><trkpt lat="46.23572" lon="7.37131" /><trkpt lat="46.23547" lon="7.37111" /><trkpt lat="46.23525" lon="7.37094" /><trkpt lat="46.23501" lon="7.37078" /><trkpt lat="46.2348" lon="7.37064" /><trkpt lat="46.23459" lon="7.3705" /><trkpt lat="46.23437" lon="7.37037" /><trkpt lat="46.23414" lon="7.37024" /><trkpt lat="46.23392" lon="7.37012" /><trkpt lat="46.23369" lon="7.37001" /><trkpt lat="46.2334" lon="7.36987" /><trkpt lat="46.2331" lon="7.36973" /><trkpt lat="46.23279" lon="7.3696" /><trkpt lat="46.23203" lon="7.36929" /><trkpt lat="46.2317" lon="7.36916" /><trkpt lat="46.23141" lon="7.36904" /><trkpt lat="46.23126" lon="7.36897" /><trkpt lat="46.23109" lon="7.36889" /><trkpt lat="46.231" lon="7.36884" /><trkpt lat="46.23092" lon="7.36879" /><trkpt lat="46.23081" lon="7.36873" /><trkpt lat="46.2307" lon="7.36866" /><trkpt lat="46.23059" lon="7.36858" /><trkpt lat="46.23049" lon="7.3685" /><trkpt lat="46.23039" lon="7.36842" /><trkpt lat="46.23029" lon="7.36832" /><trkpt lat="46.23025" lon="7.36829" /><trkpt lat="46.23015" lon="7.36819" /><trkpt lat="46.23003" lon="7.36806" /><trkpt lat="46.22992" lon="7.36793" /><trkpt lat="46.22983" lon="7.36782" /><trkpt lat="46.22976" lon="7.36773" /><trkpt lat="46.22972" lon="7.36767" /><trkpt lat="46.22962" lon="7.36753" /><trkpt lat="46.22953" lon="7.36738" /><trkpt lat="46.22945" lon="7.36726" /><trkpt lat="46.22939" lon="7.36716" /><trkpt lat="46.22937" lon="7.36711" /><trkpt lat="46.22931" lon="7.367" /><trkpt lat="46.22923" lon="7.36682" /><trkpt lat="46.22915" lon="7.36666" /><trkpt lat="46.22909" lon="7.36653" /><trkpt lat="46.22902" lon="7.36634" /><trkpt lat="46.22883" lon="7.36585" /><trkpt lat="46.22867" lon="7.36542" /><trkpt lat="46.22842" lon="7.36476" /><trkpt lat="46.22833" lon="7.36453" /><trkpt lat="46.22824" lon="7.36427" /><trkpt lat="46.22813" lon="7.36394" /><trkpt lat="46.22802" lon="7.36357" /><trkpt lat="46.22794" lon="7.36317" /><trkpt lat="46.2279" lon="7.36291" /><trkpt lat="46.22784" lon="7.36255" /><trkpt lat="46.22772" lon="7.36183" /><trkpt lat="46.22769" lon="7.36161" /><trkpt lat="46.22729" lon="7.35912" /><trkpt lat="46.22715" lon="7.3583" /><trkpt lat="46.22697" lon="7.35729" /><trkpt lat="46.22674" lon="7.35608" /><trkpt lat="46.22643" lon="7.35447" /><trkpt lat="46.2263" lon="7.35383" /><trkpt lat="46.22626" lon="7.35361" /><trkpt lat="46.22622" lon="7.35342" /><trkpt lat="46.22581" lon="7.35129" /><trkpt lat="46.22563" lon="7.35041" /><trkpt lat="46.22524" lon="7.34841" /><trkpt lat="46.22407" lon="7.34246" /><trkpt lat="46.2238" lon="7.34106" /><trkpt lat="46.22365" lon="7.34038" /><trkpt lat="46.2222" lon="7.33364" /><trkpt lat="46.22212" lon="7.33328" /><trkpt lat="46.22065" lon="7.32647" /><trkpt lat="46.21862" lon="7.31701" /><trkpt lat="46.21854" lon="7.31663" /><trkpt lat="46.21788" lon="7.31358" /><trkpt lat="46.21783" lon="7.31334" /><trkpt lat="46.21714" lon="7.31013" /><trkpt lat="46.21708" lon="7.30986" /><trkpt lat="46.21622" lon="7.30584" /><trkpt lat="46.21619" lon="7.30571" /><trkpt lat="46.21593" lon="7.3045" /><trkpt lat="46.21589" lon="7.30433" /><trkpt lat="46.21588" lon="7.30427" /><trkpt lat="46.21569" lon="7.30339" /><trkpt lat="46.21375" lon="7.29432" /><trkpt lat="46.21374" lon="7.2943" /><trkpt lat="46.21141" lon="7.28343" /><trkpt lat="46.21041" lon="7.2788" /><trkpt lat="46.20967" lon="7.27533" /><trkpt lat="46.20964" lon="7.27519" /><trkpt lat="46.20951" lon="7.27459" /><trkpt lat="46.20938" lon="7.27405" /><trkpt lat="46.20924" lon="7.27349" /><trkpt lat="46.20917" lon="7.27322" /><trkpt lat="46.20909" lon="7.27294" /><trkpt lat="46.20903" lon="7.27273" /><trkpt lat="46.20897" lon="7.27251" /><trkpt lat="46.20889" lon="7.27227" /><trkpt lat="46.20881" lon="7.27204" /><trkpt lat="46.20873" lon="7.27181" /><trkpt lat="46.20865" lon="7.27157" /><trkpt lat="46.20861" lon="7.27145" /><trkpt lat="46.2085" lon="7.27118" /><trkpt lat="46.20827" lon="7.27059" /><trkpt lat="46.20816" lon="7.27032" /><trkpt lat="46.20804" lon="7.27004" /><trkpt lat="46.20792" lon="7.26978" /><trkpt lat="46.20779" lon="7.2695" /><trkpt lat="46.20765" lon="7.26923" /><trkpt lat="46.20751" lon="7.26894" /><trkpt lat="46.20745" lon="7.26883" /><trkpt lat="46.20723" lon="7.26843" /><trkpt lat="46.207" lon="7.26803" /><trkpt lat="46.20678" lon="7.26767" /><trkpt lat="46.20654" lon="7.2673" /><trkpt lat="46.2051" lon="7.26513" /><trkpt lat="46.20371" lon="7.26307" /><trkpt lat="46.20365" lon="7.26298" /><trkpt lat="46.20271" lon="7.26158" /><trkpt lat="46.19159" lon="7.24499" /><trkpt lat="46.18814" lon="7.23983" /><trkpt lat="46.18801" lon="7.23965" /><trkpt lat="46.1845" lon="7.23439" /><trkpt lat="46.18277" lon="7.23181" /><trkpt lat="46.18183" lon="7.23043" /><trkpt lat="46.1794" lon="7.22704" /><trkpt lat="46.17845" lon="7.22571" /><trkpt lat="46.17795" lon="7.22501" /><trkpt lat="46.17657" lon="7.22314" /><trkpt lat="46.1746" lon="7.22044" /><trkpt lat="46.17381" lon="7.21935" /><trkpt lat="46.1725" lon="7.21757" /><trkpt lat="46.16852" lon="7.21207" /><trkpt lat="46.16816" lon="7.21157" /><trkpt lat="46.16801" lon="7.21136" /><trkpt lat="46.16786" lon="7.21114" /><trkpt lat="46.16749" lon="7.21058" /><trkpt lat="46.16732" lon="7.2103" /><trkpt lat="46.16715" lon="7.21003" /><trkpt lat="46.16689" lon="7.20959" /><trkpt lat="46.16677" lon="7.20938" /><trkpt lat="46.16666" lon="7.20917" /><trkpt lat="46.16653" lon="7.20894" /><trkpt lat="46.16642" lon="7.20871" /><trkpt lat="46.16628" lon="7.20844" /><trkpt lat="46.16611" lon="7.20811" /><trkpt lat="46.16581" lon="7.20749" /><trkpt lat="46.16455" lon="7.20485" /><trkpt lat="46.16374" lon="7.20316" /><trkpt lat="46.16368" lon="7.20304" /><trkpt lat="46.15799" lon="7.19115" /><trkpt lat="46.15741" lon="7.18995" /><trkpt lat="46.15514" lon="7.18521" /><trkpt lat="46.15372" lon="7.18224" /><trkpt lat="46.15301" lon="7.18076" /><trkpt lat="46.1523" lon="7.17927" /><trkpt lat="46.15224" lon="7.17915" /><trkpt lat="46.15184" lon="7.17831" /><trkpt lat="46.15144" lon="7.17744" /><trkpt lat="46.15078" lon="7.17604" /><trkpt lat="46.15061" lon="7.17566" /><trkpt lat="46.15004" lon="7.17444" /><trkpt lat="46.14961" lon="7.17353" /><trkpt lat="46.14929" lon="7.17286" /><trkpt lat="46.14876" lon="7.17174" /><trkpt lat="46.14848" lon="7.17117" /><trkpt lat="46.1482" lon="7.1706" /><trkpt lat="46.14793" lon="7.17005" /><trkpt lat="46.14706" lon="7.16832" /><trkpt lat="46.14679" lon="7.16778" /><trkpt lat="46.14653" lon="7.16724" /><trkpt lat="46.14638" lon="7.16695" /><trkpt lat="46.14624" lon="7.16665" /><trkpt lat="46.1458" lon="7.16573" /><trkpt lat="46.1456" lon="7.16533" /><trkpt lat="46.14449" lon="7.16302" /><trkpt lat="46.14409" lon="7.1622" /><trkpt lat="46.14238" lon="7.15863" /><trkpt lat="46.13646" lon="7.1463" /><trkpt lat="46.1269" lon="7.12639" /><trkpt lat="46.12651" lon="7.12557" /><trkpt lat="46.1234" lon="7.11912" /><trkpt lat="46.12206" lon="7.11633" /><trkpt lat="46.11581" lon="7.10336" /><trkpt lat="46.11579" lon="7.10332" /><trkpt lat="46.10831" lon="7.0878" /><trkpt lat="46.10812" lon="7.08741" /><trkpt lat="46.10794" lon="7.08704" /><trkpt lat="46.10779" lon="7.08672" /><trkpt lat="46.10771" lon="7.08655" /><trkpt lat="46.10763" lon="7.08639" /><trkpt lat="46.10754" lon="7.08617" /><trkpt lat="46.10746" lon="7.08597" /><trkpt lat="46.10737" lon="7.08574" /><trkpt lat="46.10726" lon="7.08547" /><trkpt lat="46.10719" lon="7.08526" /><trkpt lat="46.10704" lon="7.08484" /><trkpt lat="46.10702" lon="7.08479" /><trkpt lat="46.1069" lon="7.08447" /><trkpt lat="46.10675" lon="7.08406" /><trkpt lat="46.10664" lon="7.08373" /><trkpt lat="46.10658" lon="7.08354" /><trkpt lat="46.10649" lon="7.08324" /><trkpt lat="46.10643" lon="7.08303" /><trkpt lat="46.10639" lon="7.08284" /><trkpt lat="46.10634" lon="7.08265" /><trkpt lat="46.1063" lon="7.08247" /><trkpt lat="46.10627" lon="7.08232" /><trkpt lat="46.10624" lon="7.08216" /><trkpt lat="46.1062" lon="7.08195" /><trkpt lat="46.10617" lon="7.08178" /><trkpt lat="46.10614" lon="7.08156" /><trkpt lat="46.10611" lon="7.08133" /><trkpt lat="46.10608" lon="7.08113" /><trkpt lat="46.10607" lon="7.08097" /><trkpt lat="46.10605" lon="7.08075" /><trkpt lat="46.10603" lon="7.08049" /><trkpt lat="46.10601" lon="7.08022" /><trkpt lat="46.106" lon="7.07996" /><trkpt lat="46.106" lon="7.07976" /><trkpt lat="46.106" lon="7.07947" /><trkpt lat="46.106" lon="7.07916" /><trkpt lat="46.10601" lon="7.07906" /><trkpt lat="46.10603" lon="7.0786" /><trkpt lat="46.10604" lon="7.07836" /><trkpt lat="46.10606" lon="7.07819" /><trkpt lat="46.10607" lon="7.07801" /><trkpt lat="46.10609" lon="7.07783" /><trkpt lat="46.10611" lon="7.07764" /><trkpt lat="46.10614" lon="7.07745" /><trkpt lat="46.10618" lon="7.07707" /><trkpt lat="46.10624" lon="7.07666" /><trkpt lat="46.10631" lon="7.07616" /><trkpt lat="46.10633" lon="7.07595" /><trkpt lat="46.10637" lon="7.07568" /><trkpt lat="46.10645" lon="7.07508" /><trkpt lat="46.10651" lon="7.07459" /><trkpt lat="46.10664" lon="7.07364" /><trkpt lat="46.10674" lon="7.07298" /><trkpt lat="46.10677" lon="7.07275" /><trkpt lat="46.10684" lon="7.07225" /><trkpt lat="46.10688" lon="7.072" /><trkpt lat="46.10693" lon="7.07176" /><trkpt lat="46.10697" lon="7.07153" /><trkpt lat="46.10702" lon="7.07132" /><trkpt lat="46.10707" lon="7.07109" /><trkpt lat="46.10712" lon="7.0709" /><trkpt lat="46.10715" lon="7.07078" /><trkpt lat="46.10722" lon="7.07056" /><trkpt lat="46.10728" lon="7.07035" /><trkpt lat="46.10739" lon="7.07" /><trkpt lat="46.10748" lon="7.06975" /><trkpt lat="46.1076" lon="7.06945" /><trkpt lat="46.10771" lon="7.06917" /><trkpt lat="46.10779" lon="7.06898" /><trkpt lat="46.1079" lon="7.06875" /><trkpt lat="46.108" lon="7.06854" /><trkpt lat="46.10814" lon="7.06827" /><trkpt lat="46.10825" lon="7.06806" /><trkpt lat="46.10843" lon="7.06776" /><trkpt lat="46.10855" lon="7.06757" /><trkpt lat="46.10867" lon="7.06738" /><trkpt lat="46.10881" lon="7.06717" /><trkpt lat="46.10896" lon="7.06697" /><trkpt lat="46.1091" lon="7.0668" /><trkpt lat="46.10924" lon="7.06663" /><trkpt lat="46.10939" lon="7.06645" /><trkpt lat="46.10955" lon="7.06627" /><trkpt lat="46.1097" lon="7.06611" /><trkpt lat="46.10987" lon="7.06594" /><trkpt lat="46.11023" lon="7.0656" /><trkpt lat="46.1106" lon="7.06525" /><trkpt lat="46.11071" lon="7.06514" /><trkpt lat="46.11208" lon="7.06383" /><trkpt lat="46.11223" lon="7.06368" /><trkpt lat="46.11647" lon="7.05963" /><trkpt lat="46.12729" lon="7.04929" /><trkpt lat="46.12969" lon="7.04699" /><trkpt lat="46.12981" lon="7.04688" /><trkpt lat="46.1317" lon="7.04506" /><trkpt lat="46.13197" lon="7.0448" /><trkpt lat="46.13481" lon="7.0421" /><trkpt lat="46.13492" lon="7.042" /><trkpt lat="46.13742" lon="7.03961" /><trkpt lat="46.13759" lon="7.03945" /><trkpt lat="46.13856" lon="7.03853" /><trkpt lat="46.13914" lon="7.03796" /><trkpt lat="46.14479" lon="7.03252" /><trkpt lat="46.14496" lon="7.03237" /><trkpt lat="46.14512" lon="7.03221" /><trkpt lat="46.14529" lon="7.03206" /><trkpt lat="46.14546" lon="7.03192" /><trkpt lat="46.14563" lon="7.03178" /><trkpt lat="46.1458" lon="7.03165" /><trkpt lat="46.14598" lon="7.03152" /><trkpt lat="46.14616" lon="7.0314" /><trkpt lat="46.14634" lon="7.03129" /><trkpt lat="46.14652" lon="7.03119" /><trkpt lat="46.14671" lon="7.03109" /><trkpt lat="46.1469" lon="7.031" /><trkpt lat="46.14709" lon="7.03092" /><trkpt lat="46.14727" lon="7.03085" /><trkpt lat="46.14747" lon="7.03078" /><trkpt lat="46.14766" lon="7.03072" /><trkpt lat="46.14779" lon="7.03069" /><trkpt lat="46.14798" lon="7.03064" /><trkpt lat="46.14805" lon="7.03063" /><trkpt lat="46.14824" lon="7.03059" /><trkpt lat="46.14844" lon="7.03057" /><trkpt lat="46.14864" lon="7.03055" /><trkpt lat="46.14883" lon="7.03054" /><trkpt lat="46.14903" lon="7.03053" /><trkpt lat="46.14923" lon="7.03054" /><trkpt lat="46.14928" lon="7.03054" /><trkpt lat="46.14943" lon="7.03055" /><trkpt lat="46.14962" lon="7.03057" /><trkpt lat="46.14982" lon="7.03059" /><trkpt lat="46.15001" lon="7.03062" /><trkpt lat="46.15021" lon="7.03065" /><trkpt lat="46.15041" lon="7.03068" /><trkpt lat="46.15409" lon="7.03128" /><trkpt lat="46.1545" lon="7.03134" /><trkpt lat="46.1547" lon="7.03136" /><trkpt lat="46.15491" lon="7.03139" /><trkpt lat="46.15512" lon="7.0314" /><trkpt lat="46.15533" lon="7.03141" /><trkpt lat="46.15553" lon="7.03141" /><trkpt lat="46.15574" lon="7.0314" /><trkpt lat="46.15595" lon="7.03138" /><trkpt lat="46.15615" lon="7.03136" /><trkpt lat="46.15636" lon="7.03132" /><trkpt lat="46.15657" lon="7.03128" /><trkpt lat="46.15677" lon="7.03123" /><trkpt lat="46.15697" lon="7.03118" /><trkpt lat="46.15718" lon="7.03111" /><trkpt lat="46.15738" lon="7.03104" /><trkpt lat="46.15758" lon="7.03096" /><trkpt lat="46.15778" lon="7.03088" /><trkpt lat="46.15798" lon="7.03079" /><trkpt lat="46.15818" lon="7.0307" /><trkpt lat="46.16203" lon="7.02894" /><trkpt lat="46.16285" lon="7.02857" /><trkpt lat="46.16292" lon="7.02853" /><trkpt lat="46.16561" lon="7.02731" /><trkpt lat="46.16667" lon="7.02683" /><trkpt lat="46.16718" lon="7.02659" /><trkpt lat="46.16844" lon="7.02602" /><trkpt lat="46.16915" lon="7.02569" /><trkpt lat="46.17003" lon="7.02529" /><trkpt lat="46.17094" lon="7.02488" /><trkpt lat="46.17113" lon="7.0248" /><trkpt lat="46.17132" lon="7.02473" /><trkpt lat="46.1715" lon="7.02467" /><trkpt lat="46.17168" lon="7.02461" /><trkpt lat="46.17186" lon="7.02457" /><trkpt lat="46.17191" lon="7.02456" /><trkpt lat="46.17205" lon="7.02452" /><trkpt lat="46.17223" lon="7.02449" /><trkpt lat="46.17241" lon="7.02447" /><trkpt lat="46.1726" lon="7.02445" /><trkpt lat="46.17278" lon="7.02443" /><trkpt lat="46.17297" lon="7.02443" /><trkpt lat="46.17316" lon="7.02443" /><trkpt lat="46.1733" lon="7.02444" /><trkpt lat="46.17346" lon="7.02445" /><trkpt lat="46.17353" lon="7.02445" /><trkpt lat="46.17371" lon="7.02448" /><trkpt lat="46.17389" lon="7.0245" /><trkpt lat="46.17393" lon="7.02451" /><trkpt lat="46.17393" lon="7.02451" /><trkpt lat="46.17408" lon="7.02454" /><trkpt lat="46.17426" lon="7.02458" /><trkpt lat="46.17445" lon="7.02464" /><trkpt lat="46.17463" lon="7.02469" /><trkpt lat="46.17481" lon="7.02476" /><trkpt lat="46.17499" lon="7.02483" /><trkpt lat="46.17517" lon="7.02491" /><trkpt lat="46.17535" lon="7.02499" /><trkpt lat="46.17553" lon="7.02509" /><trkpt lat="46.17571" lon="7.02519" /><trkpt lat="46.17588" lon="7.02529" /><trkpt lat="46.17605" lon="7.02541" /><trkpt lat="46.17622" lon="7.02553" /><trkpt lat="46.17639" lon="7.02565" /><trkpt lat="46.17655" lon="7.02579" /><trkpt lat="46.17672" lon="7.02592" /><trkpt lat="46.17864" lon="7.02757" /><trkpt lat="46.18024" lon="7.02894" /><trkpt lat="46.18036" lon="7.02905" /><trkpt lat="46.1815" lon="7.03003" /><trkpt lat="46.18167" lon="7.03017" /><trkpt lat="46.18185" lon="7.03032" /><trkpt lat="46.18202" lon="7.03045" /><trkpt lat="46.18221" lon="7.03058" /><trkpt lat="46.18238" lon="7.03069" /><trkpt lat="46.18257" lon="7.0308" /><trkpt lat="46.18275" lon="7.03091" /><trkpt lat="46.18294" lon="7.03101" /><trkpt lat="46.18313" lon="7.03109" /><trkpt lat="46.18332" lon="7.03117" /><trkpt lat="46.18351" lon="7.03125" /><trkpt lat="46.1837" lon="7.03131" /><trkpt lat="46.1839" lon="7.03137" /><trkpt lat="46.1841" lon="7.03142" /><trkpt lat="46.18429" lon="7.03146" /><trkpt lat="46.18449" lon="7.0315" /><trkpt lat="46.18469" lon="7.03153" /><trkpt lat="46.18489" lon="7.03154" /><trkpt lat="46.18508" lon="7.03155" /><trkpt lat="46.18528" lon="7.03156" /><trkpt lat="46.18548" lon="7.03155" /><trkpt lat="46.18568" lon="7.03154" /><trkpt lat="46.18588" lon="7.03152" /><trkpt lat="46.18608" lon="7.03149" /><trkpt lat="46.18628" lon="7.03146" /><trkpt lat="46.18647" lon="7.03141" /><trkpt lat="46.18667" lon="7.03136" /><trkpt lat="46.18686" lon="7.03131" /><trkpt lat="46.18717" lon="7.03119" /><trkpt lat="46.18725" lon="7.03116" /><trkpt lat="46.18744" lon="7.03108" /><trkpt lat="46.18763" lon="7.03099" /><trkpt lat="46.18781" lon="7.0309" /><trkpt lat="46.188" lon="7.03079" /><trkpt lat="46.18817" lon="7.03068" /><trkpt lat="46.18835" lon="7.03057" /><trkpt lat="46.18853" lon="7.03045" /><trkpt lat="46.1887" lon="7.03032" /><trkpt lat="46.19332" lon="7.02705" /><trkpt lat="46.19495" lon="7.02589" /><trkpt lat="46.19509" lon="7.02579" /><trkpt lat="46.19561" lon="7.02542" /><trkpt lat="46.19596" lon="7.02516" /><trkpt lat="46.19613" lon="7.02502" /><trkpt lat="46.19631" lon="7.02488" /><trkpt lat="46.19648" lon="7.02473" /><trkpt lat="46.19664" lon="7.02457" /><trkpt lat="46.1968" lon="7.0244" /><trkpt lat="46.19696" lon="7.02423" /><trkpt lat="46.1971" lon="7.02408" /><trkpt lat="46.19723" lon="7.02392" /><trkpt lat="46.19735" lon="7.02376" /><trkpt lat="46.19748" lon="7.02359" /><trkpt lat="46.1976" lon="7.02342" /><trkpt lat="46.19773" lon="7.02324" /><trkpt lat="46.19784" lon="7.02306" /><trkpt lat="46.19796" lon="7.02288" /><trkpt lat="46.19808" lon="7.02267" /><trkpt lat="46.1982" lon="7.02246" /><trkpt lat="46.19832" lon="7.02223" /><trkpt lat="46.19844" lon="7.02199" /><trkpt lat="46.19855" lon="7.02176" /><trkpt lat="46.19866" lon="7.02152" /><trkpt lat="46.19876" lon="7.02127" /><trkpt lat="46.19886" lon="7.02102" /><trkpt lat="46.19895" lon="7.02077" /><trkpt lat="46.19904" lon="7.02052" /><trkpt lat="46.19912" lon="7.02025" /><trkpt lat="46.1992" lon="7.01999" /><trkpt lat="46.19927" lon="7.01972" /><trkpt lat="46.19934" lon="7.01945" /><trkpt lat="46.1994" lon="7.01919" /><trkpt lat="46.19946" lon="7.01892" /><trkpt lat="46.19951" lon="7.01865" /><trkpt lat="46.19957" lon="7.01837" /><trkpt lat="46.19983" lon="7.01702" /><trkpt lat="46.19996" lon="7.01635" /><trkpt lat="46.20003" lon="7.01599" /><trkpt lat="46.20007" lon="7.0158" /><trkpt lat="46.20011" lon="7.01562" /><trkpt lat="46.20015" lon="7.01545" /><trkpt lat="46.2002" lon="7.01527" /><trkpt lat="46.20027" lon="7.015" /><trkpt lat="46.20035" lon="7.01474" /><trkpt lat="46.20043" lon="7.01449" /><trkpt lat="46.20051" lon="7.01425" /><trkpt lat="46.20061" lon="7.01399" /><trkpt lat="46.20071" lon="7.01373" /><trkpt lat="46.20081" lon="7.01349" /><trkpt lat="46.20092" lon="7.01325" /><trkpt lat="46.20103" lon="7.01302" /><trkpt lat="46.20114" lon="7.01279" /><trkpt lat="46.20126" lon="7.01257" /><trkpt lat="46.20138" lon="7.01235" /><trkpt lat="46.20151" lon="7.01213" /><trkpt lat="46.20164" lon="7.01192" /><trkpt lat="46.20178" lon="7.01172" /><trkpt lat="46.20191" lon="7.01152" /><trkpt lat="46.20199" lon="7.01141" /><trkpt lat="46.20206" lon="7.01132" /><trkpt lat="46.20218" lon="7.01116" /><trkpt lat="46.20232" lon="7.01099" /><trkpt lat="46.20246" lon="7.01083" /><trkpt lat="46.20261" lon="7.01066" /><trkpt lat="46.20276" lon="7.0105" /><trkpt lat="46.20291" lon="7.01035" /><trkpt lat="46.20307" lon="7.01021" /><trkpt lat="46.20323" lon="7.01006" /><trkpt lat="46.2034" lon="7.00992" /><trkpt lat="46.20834" lon="7.006" /><trkpt lat="46.20855" lon="7.00584" /><trkpt lat="46.20872" lon="7.00571" /><trkpt lat="46.20896" lon="7.00551" /><trkpt lat="46.2091" lon="7.00541" /><trkpt lat="46.20958" lon="7.00503" /><trkpt lat="46.21056" lon="7.00424" /><trkpt lat="46.21173" lon="7.00332" /><trkpt lat="46.2119" lon="7.00318" /><trkpt lat="46.21211" lon="7.00302" /><trkpt lat="46.21229" lon="7.0029" /><trkpt lat="46.21239" lon="7.00283" /><trkpt lat="46.21249" lon="7.00277" /><trkpt lat="46.21263" lon="7.00268" /><trkpt lat="46.21279" lon="7.0026" /><trkpt lat="46.21291" lon="7.00253" /><trkpt lat="46.21304" lon="7.00247" /><trkpt lat="46.21318" lon="7.00241" /><trkpt lat="46.21332" lon="7.00235" /><trkpt lat="46.21342" lon="7.00231" /><trkpt lat="46.21357" lon="7.00226" /><trkpt lat="46.21372" lon="7.00221" /><trkpt lat="46.21386" lon="7.00218" /><trkpt lat="46.21398" lon="7.00215" /><trkpt lat="46.21411" lon="7.00212" /><trkpt lat="46.21422" lon="7.0021" /><trkpt lat="46.21437" lon="7.00208" /><trkpt lat="46.21446" lon="7.00207" /><trkpt lat="46.2146" lon="7.00205" /><trkpt lat="46.21482" lon="7.00203" /><trkpt lat="46.21503" lon="7.00201" /><trkpt lat="46.21573" lon="7.00196" /><trkpt lat="46.21587" lon="7.00194" /><trkpt lat="46.21599" lon="7.00194" /><trkpt lat="46.21611" lon="7.00193" /><trkpt lat="46.21625" lon="7.00192" /><trkpt lat="46.21639" lon="7.00192" /><trkpt lat="46.21651" lon="7.00192" /><trkpt lat="46.21662" lon="7.00192" /><trkpt lat="46.21677" lon="7.00193" /><trkpt lat="46.21687" lon="7.00194" /><trkpt lat="46.21699" lon="7.00195" /><trkpt lat="46.21713" lon="7.00196" /><trkpt lat="46.21725" lon="7.00198" /><trkpt lat="46.21737" lon="7.002" /><trkpt lat="46.2175" lon="7.00202" /><trkpt lat="46.21763" lon="7.00205" /><trkpt lat="46.21775" lon="7.00207" /><trkpt lat="46.2179" lon="7.00211" /><trkpt lat="46.21815" lon="7.00217" /><trkpt lat="46.21828" lon="7.00221" /><trkpt lat="46.21861" lon="7.00231" /><trkpt lat="46.21878" lon="7.00236" /><trkpt lat="46.21891" lon="7.00239" /><trkpt lat="46.21903" lon="7.00243" /><trkpt lat="46.21923" lon="7.00249" /><trkpt lat="46.22012" lon="7.00276" /><trkpt lat="46.22053" lon="7.00285" /><trkpt lat="46.22086" lon="7.0029" /><trkpt lat="46.22119" lon="7.00293" /><trkpt lat="46.22172" lon="7.00295" /><trkpt lat="46.22237" lon="7.00288" /><trkpt lat="46.22266" lon="7.00281" /><trkpt lat="46.22296" lon="7.00273" /><trkpt lat="46.22331" lon="7.00261" /><trkpt lat="46.22359" lon="7.00249" /><trkpt lat="46.22385" lon="7.00237" /><trkpt lat="46.22461" lon="7.002" /><trkpt lat="46.22502" lon="7.00181" /><trkpt lat="46.2252" lon="7.00173" /><trkpt lat="46.22541" lon="7.00166" /><trkpt lat="46.22557" lon="7.00161" /><trkpt lat="46.22572" lon="7.00157" /><trkpt lat="46.2259" lon="7.00152" /><trkpt lat="46.22608" lon="7.00148" /><trkpt lat="46.22628" lon="7.00144" /><trkpt lat="46.22725" lon="7.00127" /><trkpt lat="46.22745" lon="7.00122" /><trkpt lat="46.22761" lon="7.00119" /><trkpt lat="46.22778" lon="7.00115" /><trkpt lat="46.22794" lon="7.0011" /><trkpt lat="46.22809" lon="7.00105" /><trkpt lat="46.22824" lon="7.001" /><trkpt lat="46.22842" lon="7.00092" /><trkpt lat="46.22861" lon="7.00083" /><trkpt lat="46.22876" lon="7.00075" /><trkpt lat="46.22892" lon="7.00067" /><trkpt lat="46.22908" lon="7.00057" /><trkpt lat="46.22925" lon="7.00047" /><trkpt lat="46.22964" lon="7.00023" /><trkpt lat="46.23033" lon="6.9998" /><trkpt lat="46.23069" lon="6.99958" /><trkpt lat="46.23104" lon="6.99937" /><trkpt lat="46.23128" lon="6.99924" /><trkpt lat="46.23133" lon="6.99921" /><trkpt lat="46.2315" lon="6.99913" /><trkpt lat="46.2316" lon="6.99908" /><trkpt lat="46.23168" lon="6.99905" /><trkpt lat="46.23184" lon="6.99898" /><trkpt lat="46.23201" lon="6.99892" /><trkpt lat="46.23217" lon="6.99887" /><trkpt lat="46.23232" lon="6.99882" /><trkpt lat="46.23249" lon="6.99878" /><trkpt lat="46.23266" lon="6.99874" /><trkpt lat="46.23284" lon="6.99871" /><trkpt lat="46.23302" lon="6.99868" /><trkpt lat="46.2332" lon="6.99867" /><trkpt lat="46.23338" lon="6.99866" /><trkpt lat="46.23356" lon="6.99865" /><trkpt lat="46.23374" lon="6.99866" /><trkpt lat="46.23393" lon="6.99867" /><trkpt lat="46.23413" lon="6.99869" /><trkpt lat="46.23457" lon="6.99873" /><trkpt lat="46.23534" lon="6.99881" /><trkpt lat="46.23574" lon="6.99885" /><trkpt lat="46.2362" lon="6.99889" /><trkpt lat="46.23666" lon="6.99894" /><trkpt lat="46.23696" lon="6.99897" /><trkpt lat="46.23713" lon="6.99898" /><trkpt lat="46.23733" lon="6.999" /><trkpt lat="46.23764" lon="6.99904" /><trkpt lat="46.23788" lon="6.99907" /><trkpt lat="46.23811" lon="6.9991" /><trkpt lat="46.23834" lon="6.99915" /><trkpt lat="46.23857" lon="6.9992" /><trkpt lat="46.2388" lon="6.99925" /><trkpt lat="46.23903" lon="6.99931" /><trkpt lat="46.23928" lon="6.99939" /><trkpt lat="46.23952" lon="6.99946" /><trkpt lat="46.23961" lon="6.99949" /><trkpt lat="46.23977" lon="6.99955" /><trkpt lat="46.24" lon="6.99963" /><trkpt lat="46.24019" lon="6.9997" /><trkpt lat="46.24038" lon="6.99977" /><trkpt lat="46.24058" lon="6.99986" /><trkpt lat="46.24078" lon="6.99994" /><trkpt lat="46.24098" lon="7.00003" /><trkpt lat="46.24117" lon="7.00012" /><trkpt lat="46.24428" lon="7.00155" /><trkpt lat="46.24451" lon="7.00166" /><trkpt lat="46.24474" lon="7.00176" /><trkpt lat="46.24485" lon="7.00181" /><trkpt lat="46.24501" lon="7.00187" /><trkpt lat="46.24516" lon="7.00193" /><trkpt lat="46.24528" lon="7.00197" /><trkpt lat="46.24542" lon="7.00202" /><trkpt lat="46.24552" lon="7.00205" /><trkpt lat="46.24571" lon="7.0021" /><trkpt lat="46.24582" lon="7.00213" /><trkpt lat="46.24599" lon="7.00217" /><trkpt lat="46.24619" lon="7.00221" /><trkpt lat="46.24635" lon="7.00223" /><trkpt lat="46.24646" lon="7.00224" /><trkpt lat="46.2466" lon="7.00225" /><trkpt lat="46.24668" lon="7.00226" /><trkpt lat="46.24679" lon="7.00226" /><trkpt lat="46.24688" lon="7.00226" /><trkpt lat="46.24699" lon="7.00225" /><trkpt lat="46.2471" lon="7.00224" /><trkpt lat="46.24723" lon="7.00223" /><trkpt lat="46.24736" lon="7.00221" /><trkpt lat="46.24749" lon="7.00218" /><trkpt lat="46.24761" lon="7.00215" /><trkpt lat="46.24771" lon="7.00212" /><trkpt lat="46.24788" lon="7.00208" /><trkpt lat="46.248" lon="7.00204" /><trkpt lat="46.24811" lon="7.002" /><trkpt lat="46.24842" lon="7.0019" /><trkpt lat="46.24864" lon="7.00183" /><trkpt lat="46.24916" lon="7.00165" /><trkpt lat="46.2496" lon="7.0015" /><trkpt lat="46.25" lon="7.00134" /><trkpt lat="46.25016" lon="7.00127" /><trkpt lat="46.25032" lon="7.0012" /><trkpt lat="46.25046" lon="7.00113" /><trkpt lat="46.25068" lon="7.00101" /><trkpt lat="46.2509" lon="7.0009" /><trkpt lat="46.25144" lon="7.00062" /><trkpt lat="46.25195" lon="7.00036" /><trkpt lat="46.25255" lon="7.00005" /><trkpt lat="46.25324" lon="6.9997" /><trkpt lat="46.25361" lon="6.99951" /><trkpt lat="46.25395" lon="6.99932" /><trkpt lat="46.25409" lon="6.99924" /><trkpt lat="46.25427" lon="6.99913" /><trkpt lat="46.25439" lon="6.99905" /><trkpt lat="46.25486" lon="6.99875" /><trkpt lat="46.2551" lon="6.99859" /><trkpt lat="46.25527" lon="6.99848" /><trkpt lat="46.25544" lon="6.99835" /><trkpt lat="46.25557" lon="6.99825" /><trkpt lat="46.2557" lon="6.99815" /><trkpt lat="46.25586" lon="6.99801" /><trkpt lat="46.25598" lon="6.9979" /><trkpt lat="46.25615" lon="6.99775" /><trkpt lat="46.25631" lon="6.99758" /><trkpt lat="46.25647" lon="6.99741" /><trkpt lat="46.25662" lon="6.99724" /><trkpt lat="46.25677" lon="6.99706" /><trkpt lat="46.25693" lon="6.99688" /><trkpt lat="46.25709" lon="6.99666" /><trkpt lat="46.25726" lon="6.99644" /><trkpt lat="46.25741" lon="6.99622" /><trkpt lat="46.25756" lon="6.996" /><trkpt lat="46.25771" lon="6.99577" /><trkpt lat="46.25786" lon="6.99553" /><trkpt lat="46.258" lon="6.99529" /><trkpt lat="46.25814" lon="6.99504" /><trkpt lat="46.25827" lon="6.9948" /><trkpt lat="46.25839" lon="6.99456" /><trkpt lat="46.25851" lon="6.99431" /><trkpt lat="46.25863" lon="6.99404" /><trkpt lat="46.25875" lon="6.99377" /><trkpt lat="46.25886" lon="6.9935" /><trkpt lat="46.25896" lon="6.99323" /><trkpt lat="46.25906" lon="6.99296" /><trkpt lat="46.25919" lon="6.99261" /><trkpt lat="46.25931" lon="6.99225" /><trkpt lat="46.26002" lon="6.99015" /><trkpt lat="46.26119" lon="6.98666" /><trkpt lat="46.26143" lon="6.98596" /><trkpt lat="46.26155" lon="6.98562" /><trkpt lat="46.26167" lon="6.98528" /><trkpt lat="46.26179" lon="6.98496" /><trkpt lat="46.26192" lon="6.98464" /><trkpt lat="46.26205" lon="6.98433" /><trkpt lat="46.26218" lon="6.98402" /><trkpt lat="46.26232" lon="6.98371" /><trkpt lat="46.26247" lon="6.9834" /><trkpt lat="46.26253" lon="6.98327" /><trkpt lat="46.26262" lon="6.98309" /><trkpt lat="46.26277" lon="6.98279" /><trkpt lat="46.26293" lon="6.9825" /><trkpt lat="46.26309" lon="6.9822" /><trkpt lat="46.26326" lon="6.98191" /><trkpt lat="46.26343" lon="6.98163" /><trkpt lat="46.2636" lon="6.98135" /><trkpt lat="46.26378" lon="6.98107" /><trkpt lat="46.26396" lon="6.9808" /><trkpt lat="46.26415" lon="6.98054" /><trkpt lat="46.26433" lon="6.98028" /><trkpt lat="46.26452" lon="6.98003" /><trkpt lat="46.26471" lon="6.97979" /><trkpt lat="46.2649" lon="6.97955" /><trkpt lat="46.26503" lon="6.9794" /><trkpt lat="46.26515" lon="6.97926" /><trkpt lat="46.26529" lon="6.9791" /><trkpt lat="46.26549" lon="6.97888" /><trkpt lat="46.2657" lon="6.97865" /><trkpt lat="46.26591" lon="6.97844" /><trkpt lat="46.26613" lon="6.97823" /><trkpt lat="46.26635" lon="6.97803" /><trkpt lat="46.26657" lon="6.97783" /><trkpt lat="46.26679" lon="6.97764" /><trkpt lat="46.26702" lon="6.97745" /><trkpt lat="46.26725" lon="6.97728" /><trkpt lat="46.26748" lon="6.9771" /><trkpt lat="46.26772" lon="6.97694" /><trkpt lat="46.26795" lon="6.97678" /><trkpt lat="46.26819" lon="6.97663" /><trkpt lat="46.26843" lon="6.97648" /><trkpt lat="46.26867" lon="6.97634" /><trkpt lat="46.26892" lon="6.97621" /><trkpt lat="46.26916" lon="6.97609" /><trkpt lat="46.26941" lon="6.97597" /><trkpt lat="46.26966" lon="6.97585" /><trkpt lat="46.26992" lon="6.97573" /><trkpt lat="46.27448" lon="6.9737" /><trkpt lat="46.27537" lon="6.9733" /><trkpt lat="46.27577" lon="6.97312" /><trkpt lat="46.27701" lon="6.97257" /><trkpt lat="46.27765" lon="6.97229" /><trkpt lat="46.27825" lon="6.97202" /><trkpt lat="46.27868" lon="6.97183" /><trkpt lat="46.27895" lon="6.97172" /><trkpt lat="46.27907" lon="6.97166" /><trkpt lat="46.27932" lon="6.97157" /><trkpt lat="46.27981" lon="6.97138" /><trkpt lat="46.28016" lon="6.97126" /><trkpt lat="46.28053" lon="6.97114" /><trkpt lat="46.28091" lon="6.97103" /><trkpt lat="46.28111" lon="6.97097" /><trkpt lat="46.28127" lon="6.97093" /><trkpt lat="46.28156" lon="6.97086" /><trkpt lat="46.28171" lon="6.97082" /><trkpt lat="46.28184" lon="6.97079" /><trkpt lat="46.28202" lon="6.97075" /><trkpt lat="46.28221" lon="6.97071" /><trkpt lat="46.28261" lon="6.97064" /><trkpt lat="46.28317" lon="6.97054" /><trkpt lat="46.28403" lon="6.97039" /><trkpt lat="46.28554" lon="6.97014" /><trkpt lat="46.2857" lon="6.97011" /><trkpt lat="46.28872" lon="6.9696" /><trkpt lat="46.28962" lon="6.96945" /><trkpt lat="46.29268" lon="6.96894" /><trkpt lat="46.29556" lon="6.96845" /><trkpt lat="46.31177" lon="6.96572" /><trkpt lat="46.31202" lon="6.96567" /><trkpt lat="46.31227" lon="6.96563" /><trkpt lat="46.3124" lon="6.9656" /><trkpt lat="46.31253" lon="6.96558" /><trkpt lat="46.31265" lon="6.96555" /><trkpt lat="46.31278" lon="6.96551" /><trkpt lat="46.3129" lon="6.96548" /><trkpt lat="46.31307" lon="6.96542" /><trkpt lat="46.31323" lon="6.96536" /><trkpt lat="46.31355" lon="6.96523" /><trkpt lat="46.3138" lon="6.96511" /><trkpt lat="46.31408" lon="6.96498" /><trkpt lat="46.31446" lon="6.9648" /><trkpt lat="46.31455" lon="6.96476" /><trkpt lat="46.31492" lon="6.96457" /><trkpt lat="46.3156" lon="6.96421" /><trkpt lat="46.3164" lon="6.9638" /><trkpt lat="46.31661" lon="6.96369" /><trkpt lat="46.31778" lon="6.96308" /><trkpt lat="46.31808" lon="6.96292" /><trkpt lat="46.31822" lon="6.96284" /><trkpt lat="46.31839" lon="6.96274" /><trkpt lat="46.31852" lon="6.96267" /><trkpt lat="46.3187" lon="6.96256" /><trkpt lat="46.31882" lon="6.96248" /><trkpt lat="46.31906" lon="6.96232" /><trkpt lat="46.31949" lon="6.96202" /><trkpt lat="46.3196" lon="6.96194" /><trkpt lat="46.31975" lon="6.96183" /><trkpt lat="46.31992" lon="6.96169" /><trkpt lat="46.32011" lon="6.96154" /><trkpt lat="46.32027" lon="6.96141" /><trkpt lat="46.32062" lon="6.9611" /><trkpt lat="46.32079" lon="6.96093" /><trkpt lat="46.32094" lon="6.96079" /><trkpt lat="46.3211" lon="6.96063" /><trkpt lat="46.32122" lon="6.96051" /><trkpt lat="46.32134" lon="6.96037" /><trkpt lat="46.3217" lon="6.95997" /><trkpt lat="46.32206" lon="6.95956" /><trkpt lat="46.3224" lon="6.95916" /><trkpt lat="46.3239" lon="6.95741" /><trkpt lat="46.32513" lon="6.95596" /><trkpt lat="46.32535" lon="6.9557" /><trkpt lat="46.32562" lon="6.95539" /><trkpt lat="46.32569" lon="6.9553" /><trkpt lat="46.32698" lon="6.9538" /><trkpt lat="46.32782" lon="6.95282" /><trkpt lat="46.32904" lon="6.95138" /><trkpt lat="46.33449" lon="6.945" /><trkpt lat="46.33491" lon="6.94452" /><trkpt lat="46.33508" lon="6.94433" /><trkpt lat="46.33513" lon="6.94428" /><trkpt lat="46.33578" lon="6.94359" /><trkpt lat="46.33622" lon="6.94315" /><trkpt lat="46.33667" lon="6.94272" /><trkpt lat="46.33713" lon="6.9423" /><trkpt lat="46.33759" lon="6.94189" /><trkpt lat="46.33806" lon="6.9415" /><trkpt lat="46.33853" lon="6.94112" /><trkpt lat="46.33901" lon="6.94076" /><trkpt lat="46.33949" lon="6.94041" /><trkpt lat="46.33997" lon="6.94007" /><trkpt lat="46.34046" lon="6.93973" /><trkpt lat="46.34094" lon="6.93939" /><trkpt lat="46.34192" lon="6.93871" /><trkpt lat="46.34338" lon="6.93769" /><trkpt lat="46.34965" lon="6.93332" /><trkpt lat="46.35402" lon="6.93026" /><trkpt lat="46.35635" lon="6.92864" /><trkpt lat="46.35714" lon="6.92808" /><trkpt lat="46.35868" lon="6.92701" /><trkpt lat="46.3596" lon="6.92637" /><trkpt lat="46.35986" lon="6.92618" /><trkpt lat="46.36027" lon="6.9259" /><trkpt lat="46.36047" lon="6.92576" /><trkpt lat="46.36067" lon="6.92562" /><trkpt lat="46.36086" lon="6.92549" /><trkpt lat="46.36105" lon="6.92537" /><trkpt lat="46.36118" lon="6.92529" /><trkpt lat="46.36134" lon="6.9252" /><trkpt lat="46.36153" lon="6.92509" /><trkpt lat="46.36166" lon="6.92502" /><trkpt lat="46.36178" lon="6.92496" /><trkpt lat="46.36211" lon="6.9248" /><trkpt lat="46.36236" lon="6.92469" /><trkpt lat="46.36257" lon="6.92461" /><trkpt lat="46.36281" lon="6.92452" /><trkpt lat="46.36293" lon="6.92448" /><trkpt lat="46.36308" lon="6.92444" /><trkpt lat="46.3633" lon="6.92438" /><trkpt lat="46.36356" lon="6.92431" /><trkpt lat="46.36383" lon="6.92425" /><trkpt lat="46.36409" lon="6.9242" /><trkpt lat="46.36444" lon="6.92414" /><trkpt lat="46.36476" lon="6.9241" /><trkpt lat="46.36514" lon="6.92406" /><trkpt lat="46.36532" lon="6.92404" /><trkpt lat="46.36551" lon="6.92404" /><trkpt lat="46.36579" lon="6.92403" /><trkpt lat="46.36605" lon="6.92402" /><trkpt lat="46.36641" lon="6.92403" /><trkpt lat="46.36671" lon="6.92404" /><trkpt lat="46.36702" lon="6.92407" /><trkpt lat="46.36723" lon="6.92409" /><trkpt lat="46.36743" lon="6.92412" /><trkpt lat="46.36771" lon="6.92417" /><trkpt lat="46.36795" lon="6.92421" /><trkpt lat="46.3682" lon="6.92427" /><trkpt lat="46.36844" lon="6.92433" /><trkpt lat="46.36865" lon="6.92439" /><trkpt lat="46.36885" lon="6.92444" /><trkpt lat="46.36904" lon="6.92451" /><trkpt lat="46.36928" lon="6.92459" /><trkpt lat="46.36953" lon="6.92467" /><trkpt lat="46.36988" lon="6.92481" /><trkpt lat="46.37788" lon="6.92777" /><trkpt lat="46.37815" lon="6.92786" /><trkpt lat="46.37841" lon="6.92795" /><trkpt lat="46.37867" lon="6.92803" /><trkpt lat="46.37894" lon="6.92811" /><trkpt lat="46.3792" lon="6.92818" /><trkpt lat="46.37947" lon="6.92825" /><trkpt lat="46.37973" lon="6.92831" /><trkpt lat="46.38" lon="6.92837" /><trkpt lat="46.38026" lon="6.92843" /><trkpt lat="46.38052" lon="6.92848" /><trkpt lat="46.3808" lon="6.92852" /><trkpt lat="46.38107" lon="6.92857" /><trkpt lat="46.38134" lon="6.9286" /><trkpt lat="46.3816" lon="6.92863" /><trkpt lat="46.38187" lon="6.92866" /><trkpt lat="46.38214" lon="6.92868" /><trkpt lat="46.38241" lon="6.9287" /><trkpt lat="46.38268" lon="6.92871" /><trkpt lat="46.38295" lon="6.92872" /><trkpt lat="46.38322" lon="6.92872" /><trkpt lat="46.38356" lon="6.92872" /><trkpt lat="46.38376" lon="6.92872" /><trkpt lat="46.38403" lon="6.92871" /><trkpt lat="46.3843" lon="6.92869" /><trkpt lat="46.38457" lon="6.92867" /><trkpt lat="46.38484" lon="6.92865" /><trkpt lat="46.38506" lon="6.92862" /><trkpt lat="46.38528" lon="6.9286" /><trkpt lat="46.38653" lon="6.92844" /><trkpt lat="46.39076" lon="6.92792" /><trkpt lat="46.39478" lon="6.92742" /><trkpt lat="46.39508" lon="6.92738" /><trkpt lat="46.3956" lon="6.92732" /><trkpt lat="46.39657" lon="6.9272" /><trkpt lat="46.39668" lon="6.92719" /><trkpt lat="46.39707" lon="6.92716" /><trkpt lat="46.39729" lon="6.92715" /><trkpt lat="46.39749" lon="6.92714" /><trkpt lat="46.39762" lon="6.92714" /><trkpt lat="46.39844" lon="6.92713" /><trkpt lat="46.40009" lon="6.92712" /><trkpt lat="46.40026" lon="6.92712" /><trkpt lat="46.40037" lon="6.92712" /><trkpt lat="46.4007" lon="6.92713" /><trkpt lat="46.40078" lon="6.92713" /><trkpt lat="46.4009" lon="6.92714" /><trkpt lat="46.40103" lon="6.92716" /><trkpt lat="46.40116" lon="6.92718" /><trkpt lat="46.40134" lon="6.92721" /><trkpt lat="46.40142" lon="6.92723" /><trkpt lat="46.40151" lon="6.92725" /><trkpt lat="46.4017" lon="6.9273" /><trkpt lat="46.40187" lon="6.92735" /><trkpt lat="46.40201" lon="6.9274" /><trkpt lat="46.40211" lon="6.92744" /><trkpt lat="46.40227" lon="6.9275" /><trkpt lat="46.40243" lon="6.92756" /><trkpt lat="46.40253" lon="6.92761" /><trkpt lat="46.40267" lon="6.92767" /><trkpt lat="46.40291" lon="6.9278" /><trkpt lat="46.40318" lon="6.92796" /><trkpt lat="46.40344" lon="6.92813" /><trkpt lat="46.40356" lon="6.92822" /><trkpt lat="46.40369" lon="6.92831" /><trkpt lat="46.40388" lon="6.92845" /><trkpt lat="46.40413" lon="6.92863" /><trkpt lat="46.40439" lon="6.92879" /><trkpt lat="46.40462" lon="6.92895" /><trkpt lat="46.40484" lon="6.92911" /><trkpt lat="46.40571" lon="6.92975" /><trkpt lat="46.40589" lon="6.92989" /><trkpt lat="46.40611" lon="6.93005" /><trkpt lat="46.4063" lon="6.93019" /><trkpt lat="46.40651" lon="6.93033" /><trkpt lat="46.40671" lon="6.93047" /><trkpt lat="46.40693" lon="6.9306" /><trkpt lat="46.40703" lon="6.93065" /><trkpt lat="46.40714" lon="6.9307" /><trkpt lat="46.40736" lon="6.9308" /><trkpt lat="46.40756" lon="6.93088" /><trkpt lat="46.40776" lon="6.93094" /><trkpt lat="46.40792" lon="6.93099" /><trkpt lat="46.40808" lon="6.93102" /><trkpt lat="46.40818" lon="6.93104" /><trkpt lat="46.4083" lon="6.93106" /><trkpt lat="46.40851" lon="6.93108" /><trkpt lat="46.4087" lon="6.93109" /><trkpt lat="46.40891" lon="6.93109" /><trkpt lat="46.40912" lon="6.93108" /><trkpt lat="46.40933" lon="6.93106" /><trkpt lat="46.40954" lon="6.93104" /><trkpt lat="46.40976" lon="6.93102" /><trkpt lat="46.41" lon="6.931" /><trkpt lat="46.41022" lon="6.93096" /><trkpt lat="46.41046" lon="6.93091" /><trkpt lat="46.41069" lon="6.93084" /><trkpt lat="46.41082" lon="6.9308" /><trkpt lat="46.41098" lon="6.93075" /><trkpt lat="46.41112" lon="6.93069" /><trkpt lat="46.41125" lon="6.93064" /><trkpt lat="46.41138" lon="6.93058" /><trkpt lat="46.41151" lon="6.93052" /><trkpt lat="46.41163" lon="6.93045" /><trkpt lat="46.41177" lon="6.93037" /><trkpt lat="46.41195" lon="6.93026" /><trkpt lat="46.41205" lon="6.9302" /><trkpt lat="46.41213" lon="6.93014" /><trkpt lat="46.41229" lon="6.93003" /><trkpt lat="46.41249" lon="6.92987" /><trkpt lat="46.41259" lon="6.92978" /><trkpt lat="46.41271" lon="6.92969" /><trkpt lat="46.41291" lon="6.92951" /><trkpt lat="46.41332" lon="6.92913" /><trkpt lat="46.41361" lon="6.92887" /><trkpt lat="46.41373" lon="6.92878" /><trkpt lat="46.41384" lon="6.92869" /><trkpt lat="46.41403" lon="6.92855" /><trkpt lat="46.41425" lon="6.92841" /><trkpt lat="46.41448" lon="6.92829" /><trkpt lat="46.41463" lon="6.92821" /><trkpt lat="46.41479" lon="6.92815" /><trkpt lat="46.41494" lon="6.9281" /><trkpt lat="46.4151" lon="6.92805" /><trkpt lat="46.41521" lon="6.92802" /><trkpt lat="46.41532" lon="6.928" /><trkpt lat="46.41552" lon="6.92797" /><trkpt lat="46.41572" lon="6.92794" /><trkpt lat="46.41592" lon="6.92793" /><trkpt lat="46.41637" lon="6.92791" /><trkpt lat="46.41681" lon="6.92787" /><trkpt lat="46.41704" lon="6.92783" /><trkpt lat="46.41727" lon="6.92779" /><trkpt lat="46.4174" lon="6.92777" /><trkpt lat="46.41752" lon="6.92774" /><trkpt lat="46.41766" lon="6.9277" /><trkpt lat="46.41776" lon="6.92767" /><trkpt lat="46.41785" lon="6.92763" /><trkpt lat="46.41801" lon="6.92757" /><trkpt lat="46.41812" lon="6.92751" /><trkpt lat="46.41823" lon="6.92746" /><trkpt lat="46.41834" lon="6.9274" /><trkpt lat="46.41843" lon="6.92734" /><trkpt lat="46.41858" lon="6.92724" /><trkpt lat="46.41875" lon="6.92713" /><trkpt lat="46.41888" lon="6.92701" /><trkpt lat="46.41901" lon="6.92691" /><trkpt lat="46.41917" lon="6.92675" /><trkpt lat="46.41933" lon="6.92658" /><trkpt lat="46.41953" lon="6.92636" /><trkpt lat="46.41974" lon="6.92612" /><trkpt lat="46.42012" lon="6.92567" /><trkpt lat="46.42022" lon="6.92555" /><trkpt lat="46.42032" lon="6.92543" /><trkpt lat="46.42044" lon="6.92531" /><trkpt lat="46.42056" lon="6.92518" /><trkpt lat="46.42071" lon="6.92505" /><trkpt lat="46.42086" lon="6.92493" /><trkpt lat="46.42098" lon="6.92483" /><trkpt lat="46.42112" lon="6.92473" /><trkpt lat="46.42121" lon="6.92467" /><trkpt lat="46.42134" lon="6.92459" /><trkpt lat="46.42145" lon="6.92453" /><trkpt lat="46.42157" lon="6.92447" /><trkpt lat="46.42171" lon="6.9244" /><trkpt lat="46.42187" lon="6.92434" /><trkpt lat="46.42196" lon="6.9243" /><trkpt lat="46.42205" lon="6.92427" /><trkpt lat="46.42214" lon="6.92425" /><trkpt lat="46.42231" lon="6.9242" /><trkpt lat="46.42242" lon="6.92418" /><trkpt lat="46.42252" lon="6.92417" /><trkpt lat="46.42271" lon="6.92414" /><trkpt lat="46.4229" lon="6.92412" /><trkpt lat="46.42308" lon="6.92411" /><trkpt lat="46.42328" lon="6.9241" /><trkpt lat="46.42347" lon="6.92408" /><trkpt lat="46.42366" lon="6.92406" /><trkpt lat="46.42385" lon="6.92404" /><trkpt lat="46.42402" lon="6.92401" /><trkpt lat="46.42412" lon="6.92399" /><trkpt lat="46.42424" lon="6.92396" /><trkpt lat="46.42444" lon="6.9239" /><trkpt lat="46.42462" lon="6.92383" /><trkpt lat="46.42486" lon="6.92371" /><trkpt lat="46.4251" lon="6.92358" /><trkpt lat="46.42562" lon="6.92329" /><trkpt lat="46.42641" lon="6.92281" /><trkpt lat="46.42668" lon="6.92265" /><trkpt lat="46.42693" lon="6.92248" /><trkpt lat="46.42709" lon="6.92238" /><trkpt lat="46.42725" lon="6.92226" /><trkpt lat="46.42744" lon="6.9221" /><trkpt lat="46.42755" lon="6.92201" /><trkpt lat="46.42766" lon="6.92192" /><trkpt lat="46.4278" lon="6.92181" /><trkpt lat="46.42807" lon="6.92158" /><trkpt lat="46.42826" lon="6.92141" /><trkpt lat="46.42843" lon="6.92124" /><trkpt lat="46.42855" lon="6.92113" /><trkpt lat="46.42865" lon="6.92101" /><trkpt lat="46.42876" lon="6.92088" /><trkpt lat="46.42884" lon="6.92079" /><trkpt lat="46.4289" lon="6.92071" /><trkpt lat="46.42896" lon="6.92063" /><trkpt lat="46.42902" lon="6.92055" /><trkpt lat="46.42911" lon="6.92042" /><trkpt lat="46.4292" lon="6.92028" /><trkpt lat="46.4293" lon="6.92011" /><trkpt lat="46.4294" lon="6.91994" /><trkpt lat="46.42949" lon="6.91976" /><trkpt lat="46.42955" lon="6.91963" /><trkpt lat="46.42961" lon="6.91951" /><trkpt lat="46.42966" lon="6.91939" /><trkpt lat="46.42971" lon="6.91927" /><trkpt lat="46.42976" lon="6.91915" /><trkpt lat="46.42981" lon="6.91902" /><trkpt lat="46.4299" lon="6.91878" /><trkpt lat="46.42995" lon="6.91862" /><trkpt lat="46.43" lon="6.91846" /><trkpt lat="46.43006" lon="6.91822" /><trkpt lat="46.43013" lon="6.91798" /><trkpt lat="46.43028" lon="6.91742" /><trkpt lat="46.43039" lon="6.91697" /><trkpt lat="46.43053" lon="6.91644" /><trkpt lat="46.43066" lon="6.91596" /><trkpt lat="46.43072" lon="6.91575" /><trkpt lat="46.43077" lon="6.91557" /><trkpt lat="46.43083" lon="6.91539" /><trkpt lat="46.43089" lon="6.91521" /><trkpt lat="46.43093" lon="6.91511" /><trkpt lat="46.43097" lon="6.915" /><trkpt lat="46.43105" lon="6.91481" /><trkpt lat="46.4311" lon="6.9147" /><trkpt lat="46.43117" lon="6.91455" /><trkpt lat="46.43123" lon="6.91443" /><trkpt lat="46.4313" lon="6.91431" /><trkpt lat="46.43136" lon="6.9142" /><trkpt lat="46.43142" lon="6.91409" /><trkpt lat="46.4315" lon="6.91396" /><trkpt lat="46.43158" lon="6.91383" /><trkpt lat="46.43174" lon="6.91359" /><trkpt lat="46.43187" lon="6.91342" /><trkpt lat="46.43198" lon="6.91328" /><trkpt lat="46.43204" lon="6.9132" /><trkpt lat="46.43222" lon="6.91301" /><trkpt lat="46.43231" lon="6.91292" /><trkpt lat="46.43239" lon="6.91284" /><trkpt lat="46.43253" lon="6.91272" /><trkpt lat="46.43264" lon="6.91262" /><trkpt lat="46.43273" lon="6.91255" /><trkpt lat="46.43284" lon="6.91247" /><trkpt lat="46.43292" lon="6.91242" /><trkpt lat="46.43306" lon="6.91232" /><trkpt lat="46.4332" lon="6.91223" /><trkpt lat="46.43326" lon="6.9122" /><trkpt lat="46.43374" lon="6.91191" /><trkpt lat="46.43602" lon="6.91055" /><trkpt lat="46.43688" lon="6.91004" /><trkpt lat="46.4372" lon="6.90986" /><trkpt lat="46.43733" lon="6.90977" /><trkpt lat="46.43746" lon="6.90969" /><trkpt lat="46.43759" lon="6.9096" /><trkpt lat="46.43772" lon="6.9095" /><trkpt lat="46.43782" lon="6.90942" /><trkpt lat="46.43792" lon="6.90934" /><trkpt lat="46.43802" lon="6.90925" /><trkpt lat="46.43811" lon="6.90915" /><trkpt lat="46.4382" lon="6.90906" /><trkpt lat="46.43829" lon="6.90897" /><trkpt lat="46.43838" lon="6.90887" /><trkpt lat="46.43847" lon="6.90876" /><trkpt lat="46.43856" lon="6.90864" /><trkpt lat="46.43866" lon="6.90851" /><trkpt lat="46.43874" lon="6.9084" /><trkpt lat="46.43882" lon="6.90827" /><trkpt lat="46.43891" lon="6.90813" /><trkpt lat="46.43899" lon="6.90799" /><trkpt lat="46.43907" lon="6.90785" /><trkpt lat="46.43914" lon="6.90771" /><trkpt lat="46.43923" lon="6.90753" /><trkpt lat="46.4393" lon="6.90739" /><trkpt lat="46.43938" lon="6.9072" /><trkpt lat="46.43946" lon="6.907" /><trkpt lat="46.43966" lon="6.90653" /><trkpt lat="46.44016" lon="6.90538" /><trkpt lat="46.44023" lon="6.90522" /><trkpt lat="46.44028" lon="6.9051" /><trkpt lat="46.44067" lon="6.90418" /><trkpt lat="46.44093" lon="6.90358" /><trkpt lat="46.44099" lon="6.90343" /><trkpt lat="46.44106" lon="6.90328" /><trkpt lat="46.44112" lon="6.90313" /><trkpt lat="46.44118" lon="6.90298" /><trkpt lat="46.44124" lon="6.90285" /><trkpt lat="46.44129" lon="6.90271" /><trkpt lat="46.44134" lon="6.90257" /><trkpt lat="46.4414" lon="6.90243" /><trkpt lat="46.44145" lon="6.9023" /><trkpt lat="46.4415" lon="6.90216" /><trkpt lat="46.44155" lon="6.90202" /><trkpt lat="46.44159" lon="6.90188" /><trkpt lat="46.44164" lon="6.90174" /><trkpt lat="46.44168" lon="6.9016" /><trkpt lat="46.44173" lon="6.90145" /><trkpt lat="46.44177" lon="6.90131" /><trkpt lat="46.44181" lon="6.90117" /><trkpt lat="46.44185" lon="6.90103" /><trkpt lat="46.44189" lon="6.90088" /><trkpt lat="46.44193" lon="6.90074" /><trkpt lat="46.44196" lon="6.90059" /><trkpt lat="46.442" lon="6.90044" /><trkpt lat="46.44203" lon="6.9003" /><trkpt lat="46.44207" lon="6.90015" /><trkpt lat="46.44209" lon="6.90003" /><trkpt lat="46.44212" lon="6.89991" /><trkpt lat="46.44214" lon="6.8998" /><trkpt lat="46.44216" lon="6.89967" /><trkpt lat="46.44218" lon="6.89959" /><trkpt lat="46.44219" lon="6.89954" /><trkpt lat="46.44222" lon="6.89938" /><trkpt lat="46.44225" lon="6.89921" /><trkpt lat="46.44228" lon="6.89905" /><trkpt lat="46.4423" lon="6.89888" /><trkpt lat="46.44243" lon="6.89814" /><trkpt lat="46.44271" lon="6.89653" /><trkpt lat="46.44276" lon="6.89624" /><trkpt lat="46.44289" lon="6.89544" /><trkpt lat="46.44317" lon="6.89385" /><trkpt lat="46.44327" lon="6.89324" /><trkpt lat="46.44332" lon="6.89293" /><trkpt lat="46.44336" lon="6.89263" /><trkpt lat="46.44341" lon="6.89227" /><trkpt lat="46.44345" lon="6.89191" /><trkpt lat="46.4435" lon="6.89155" /><trkpt lat="46.44356" lon="6.89107" /><trkpt lat="46.44362" lon="6.89055" /><trkpt lat="46.44366" lon="6.89024" /><trkpt lat="46.4438" lon="6.8891" /><trkpt lat="46.44386" lon="6.88863" /><trkpt lat="46.4439" lon="6.88837" /><trkpt lat="46.44393" lon="6.88814" /><trkpt lat="46.44395" lon="6.88801" /><trkpt lat="46.44397" lon="6.88792" /><trkpt lat="46.44401" lon="6.88772" /><trkpt lat="46.44404" lon="6.88759" /><trkpt lat="46.44406" lon="6.88747" /><trkpt lat="46.4441" lon="6.8873" /><trkpt lat="46.44414" lon="6.88714" /><trkpt lat="46.44417" lon="6.88703" /><trkpt lat="46.4442" lon="6.88692" /><trkpt lat="46.44424" lon="6.88682" /><trkpt lat="46.44427" lon="6.88671" /><trkpt lat="46.4443" lon="6.8866" /><trkpt lat="46.44434" lon="6.8865" /><trkpt lat="46.44437" lon="6.88641" /><trkpt lat="46.4444" lon="6.88631" /><trkpt lat="46.44444" lon="6.88621" /><trkpt lat="46.44448" lon="6.88611" /><trkpt lat="46.44452" lon="6.88602" /><trkpt lat="46.44456" lon="6.88592" /><trkpt lat="46.4446" lon="6.88583" /><trkpt lat="46.44464" lon="6.88573" /><trkpt lat="46.44468" lon="6.88564" /><trkpt lat="46.44472" lon="6.88555" /><trkpt lat="46.44477" lon="6.88546" /><trkpt lat="46.44481" lon="6.88537" /><trkpt lat="46.44486" lon="6.88527" /><trkpt lat="46.44496" lon="6.88508" /><trkpt lat="46.44514" lon="6.88472" /><trkpt lat="46.44528" lon="6.88447" /><trkpt lat="46.44676" lon="6.88162" /><trkpt lat="46.4469" lon="6.88131" /><trkpt lat="46.44695" lon="6.88121" /><trkpt lat="46.447" lon="6.8811" /><trkpt lat="46.44704" lon="6.88098" /><trkpt lat="46.44709" lon="6.88086" /><trkpt lat="46.44714" lon="6.88071" /><trkpt lat="46.44718" lon="6.88061" /><trkpt lat="46.44719" lon="6.88056" /><trkpt lat="46.44722" lon="6.88046" /><trkpt lat="46.44726" lon="6.88035" /><trkpt lat="46.44729" lon="6.88024" /><trkpt lat="46.44732" lon="6.88013" /><trkpt lat="46.44735" lon="6.88003" /><trkpt lat="46.44738" lon="6.87991" /><trkpt lat="46.4474" lon="6.8798" /><trkpt lat="46.44743" lon="6.87969" /><trkpt lat="46.44748" lon="6.87947" /><trkpt lat="46.44753" lon="6.87925" /><trkpt lat="46.44756" lon="6.87911" /><trkpt lat="46.44759" lon="6.87897" /><trkpt lat="46.44762" lon="6.87884" /><trkpt lat="46.44763" lon="6.8788" /><trkpt lat="46.44775" lon="6.87823" /><trkpt lat="46.44799" lon="6.87707" /><trkpt lat="46.44831" lon="6.87551" /><trkpt lat="46.44846" lon="6.87479" /><trkpt lat="46.44861" lon="6.87407" /><trkpt lat="46.44876" lon="6.87334" /><trkpt lat="46.4492" lon="6.87125" /><trkpt lat="46.44926" lon="6.87097" /><trkpt lat="46.44932" lon="6.87068" /><trkpt lat="46.44939" lon="6.8704" /><trkpt lat="46.44946" lon="6.87012" /><trkpt lat="46.44954" lon="6.86984" /><trkpt lat="46.44961" lon="6.86956" /><trkpt lat="46.4497" lon="6.86929" /><trkpt lat="46.44979" lon="6.86902" /><trkpt lat="46.44988" lon="6.86875" /><trkpt lat="46.44997" lon="6.86849" /><trkpt lat="46.45004" lon="6.8683" /><trkpt lat="46.45011" lon="6.86813" /><trkpt lat="46.45018" lon="6.86795" /><trkpt lat="46.45029" lon="6.8677" /><trkpt lat="46.45041" lon="6.86745" /><trkpt lat="46.45052" lon="6.8672" /><trkpt lat="46.45065" lon="6.86696" /><trkpt lat="46.45077" lon="6.86672" /><trkpt lat="46.45089" lon="6.8665" /><trkpt lat="46.45102" lon="6.86627" /><trkpt lat="46.45115" lon="6.86605" /><trkpt lat="46.45129" lon="6.86583" /><trkpt lat="46.45143" lon="6.86561" /><trkpt lat="46.45158" lon="6.86539" /><trkpt lat="46.45172" lon="6.86518" /><trkpt lat="46.4537" lon="6.86225" /><trkpt lat="46.45406" lon="6.86172" /><trkpt lat="46.45473" lon="6.86072" /><trkpt lat="46.4554" lon="6.85973" /><trkpt lat="46.4561" lon="6.8587" /><trkpt lat="46.45645" lon="6.85818" /><trkpt lat="46.4568" lon="6.85766" /><trkpt lat="46.45716" lon="6.85714" /><trkpt lat="46.45749" lon="6.85664" /><trkpt lat="46.45766" lon="6.85638" /><trkpt lat="46.45777" lon="6.85622" /><trkpt lat="46.45791" lon="6.856" /><trkpt lat="46.45805" lon="6.85578" /><trkpt lat="46.45819" lon="6.85555" /><trkpt lat="46.45832" lon="6.85532" /><trkpt lat="46.45844" lon="6.85508" /><trkpt lat="46.45857" lon="6.85484" /><trkpt lat="46.45869" lon="6.8546" /><trkpt lat="46.4588" lon="6.85435" /><trkpt lat="46.45891" lon="6.8541" /><trkpt lat="46.45902" lon="6.85384" /><trkpt lat="46.45912" lon="6.85359" /><trkpt lat="46.45922" lon="6.85333" /><trkpt lat="46.45932" lon="6.85306" /><trkpt lat="46.45942" lon="6.85279" /><trkpt lat="46.45954" lon="6.85246" /><trkpt lat="46.45965" lon="6.85214" /><trkpt lat="46.45977" lon="6.85181" /><trkpt lat="46.45989" lon="6.85147" /><trkpt lat="46.46018" lon="6.85069" /><trkpt lat="46.4604" lon="6.85007" /><trkpt lat="46.46061" lon="6.8495" /><trkpt lat="46.46077" lon="6.84906" /><trkpt lat="46.46104" lon="6.84831" /><trkpt lat="46.46113" lon="6.84805" /><trkpt lat="46.46121" lon="6.84783" /><trkpt lat="46.4614" lon="6.84732" /><trkpt lat="46.46149" lon="6.84707" /><trkpt lat="46.46158" lon="6.84682" /><trkpt lat="46.46184" lon="6.84611" /><trkpt lat="46.46191" lon="6.84592" /><trkpt lat="46.46199" lon="6.84574" /><trkpt lat="46.46206" lon="6.84555" /><trkpt lat="46.46222" lon="6.84518" /><trkpt lat="46.4623" lon="6.84499" /><trkpt lat="46.46238" lon="6.8448" /><trkpt lat="46.46249" lon="6.84457" /><trkpt lat="46.4626" lon="6.84434" /><trkpt lat="46.46271" lon="6.84414" /><trkpt lat="46.46283" lon="6.84391" /><trkpt lat="46.46309" lon="6.84344" /><trkpt lat="46.46317" lon="6.84331" /><trkpt lat="46.46347" lon="6.84278" /><trkpt lat="46.46362" lon="6.84252" /><trkpt lat="46.46377" lon="6.84225" /><trkpt lat="46.46443" lon="6.84121" /><trkpt lat="46.46465" lon="6.84086" /><trkpt lat="46.46516" lon="6.84004" /><trkpt lat="46.46538" lon="6.83969" /><trkpt lat="46.46559" lon="6.83935" /><trkpt lat="46.46702" lon="6.83703" /><trkpt lat="46.46717" lon="6.83677" /><trkpt lat="46.46724" lon="6.83665" /><trkpt lat="46.4673" lon="6.83653" /><trkpt lat="46.46743" lon="6.83628" /><trkpt lat="46.46756" lon="6.83602" /><trkpt lat="46.4676" lon="6.83594" /><trkpt lat="46.46768" lon="6.83577" /><trkpt lat="46.46776" lon="6.83558" /><trkpt lat="46.4679" lon="6.83523" /><trkpt lat="46.46802" lon="6.83493" /><trkpt lat="46.46816" lon="6.83458" /><trkpt lat="46.46829" lon="6.83423" /><trkpt lat="46.46838" lon="6.834" /><trkpt lat="46.46846" lon="6.83377" /><trkpt lat="46.46851" lon="6.83362" /><trkpt lat="46.46856" lon="6.83348" /><trkpt lat="46.4686" lon="6.83335" /><trkpt lat="46.46863" lon="6.83323" /><trkpt lat="46.46867" lon="6.83309" /><trkpt lat="46.46871" lon="6.83296" /><trkpt lat="46.46874" lon="6.83283" /><trkpt lat="46.46877" lon="6.83272" /><trkpt lat="46.46879" lon="6.83261" /><trkpt lat="46.46882" lon="6.83245" /><trkpt lat="46.46885" lon="6.8323" /><trkpt lat="46.46888" lon="6.83216" /><trkpt lat="46.4689" lon="6.83203" /><trkpt lat="46.46892" lon="6.8319" /><trkpt lat="46.46894" lon="6.83177" /><trkpt lat="46.46896" lon="6.83162" /><trkpt lat="46.46898" lon="6.83147" /><trkpt lat="46.46899" lon="6.83134" /><trkpt lat="46.469" lon="6.83119" /><trkpt lat="46.46902" lon="6.83097" /><trkpt lat="46.46903" lon="6.83077" /><trkpt lat="46.46904" lon="6.8305" /><trkpt lat="46.46904" lon="6.83029" /><trkpt lat="46.46904" lon="6.83006" /><trkpt lat="46.46904" lon="6.82995" /><trkpt lat="46.46904" lon="6.82983" /><trkpt lat="46.46903" lon="6.82971" /><trkpt lat="46.46902" lon="6.82958" /><trkpt lat="46.46901" lon="6.8294" /><trkpt lat="46.46899" lon="6.8292" /><trkpt lat="46.46897" lon="6.82901" /><trkpt lat="46.46893" lon="6.82868" /><trkpt lat="46.46874" lon="6.82712" /><trkpt lat="46.46871" lon="6.82685" /><trkpt lat="46.46868" lon="6.8266" /><trkpt lat="46.46867" lon="6.8264" /><trkpt lat="46.46865" lon="6.82624" /><trkpt lat="46.46865" lon="6.82612" /><trkpt lat="46.46864" lon="6.82598" /><trkpt lat="46.46864" lon="6.82586" /><trkpt lat="46.46864" lon="6.82572" /><trkpt lat="46.46864" lon="6.82555" /><trkpt lat="46.46865" lon="6.82538" /><trkpt lat="46.46866" lon="6.82521" /><trkpt lat="46.46867" lon="6.82504" /><trkpt lat="46.46868" lon="6.82487" /><trkpt lat="46.4687" lon="6.82472" /><trkpt lat="46.46871" lon="6.82459" /><trkpt lat="46.46873" lon="6.82447" /><trkpt lat="46.46874" lon="6.82436" /><trkpt lat="46.46876" lon="6.82425" /><trkpt lat="46.46878" lon="6.82415" /><trkpt lat="46.4688" lon="6.82404" /><trkpt lat="46.46883" lon="6.82389" /><trkpt lat="46.46886" lon="6.82374" /><trkpt lat="46.46889" lon="6.82362" /><trkpt lat="46.46892" lon="6.82349" /><trkpt lat="46.46897" lon="6.82331" /><trkpt lat="46.46901" lon="6.82314" /><trkpt lat="46.46908" lon="6.82295" /><trkpt lat="46.46918" lon="6.82265" /><trkpt lat="46.46932" lon="6.82229" /><trkpt lat="46.46961" lon="6.82154" /><trkpt lat="46.46968" lon="6.82137" /><trkpt lat="46.46975" lon="6.82119" /><trkpt lat="46.4698" lon="6.82106" /><trkpt lat="46.46984" lon="6.82093" /><trkpt lat="46.46989" lon="6.82078" /><trkpt lat="46.46992" lon="6.82066" /><trkpt lat="46.46996" lon="6.82054" /><trkpt lat="46.46998" lon="6.82044" /><trkpt lat="46.47001" lon="6.82034" /><trkpt lat="46.47003" lon="6.82024" /><trkpt lat="46.47006" lon="6.82015" /><trkpt lat="46.47008" lon="6.82004" /><trkpt lat="46.4701" lon="6.81994" /><trkpt lat="46.47012" lon="6.81984" /><trkpt lat="46.47014" lon="6.81974" /><trkpt lat="46.47015" lon="6.81964" /><trkpt lat="46.47017" lon="6.81953" /><trkpt lat="46.47019" lon="6.8194" /><trkpt lat="46.47021" lon="6.81922" /><trkpt lat="46.47023" lon="6.81905" /><trkpt lat="46.47024" lon="6.81889" /><trkpt lat="46.47026" lon="6.81872" /><trkpt lat="46.47027" lon="6.81852" /><trkpt lat="46.47028" lon="6.8183" /><trkpt lat="46.47029" lon="6.81808" /><trkpt lat="46.47068" lon="6.80974" /><trkpt lat="46.47072" lon="6.80899" /><trkpt lat="46.47075" lon="6.80836" /><trkpt lat="46.47075" lon="6.80823" /><trkpt lat="46.47076" lon="6.8081" /><trkpt lat="46.47077" lon="6.80798" /><trkpt lat="46.47078" lon="6.80785" /><trkpt lat="46.47079" lon="6.80774" /><trkpt lat="46.4708" lon="6.80763" /><trkpt lat="46.47081" lon="6.80752" /><trkpt lat="46.47083" lon="6.80741" /><trkpt lat="46.47084" lon="6.8073" /><trkpt lat="46.47086" lon="6.8072" /><trkpt lat="46.47088" lon="6.80709" /><trkpt lat="46.4709" lon="6.80698" /><trkpt lat="46.47092" lon="6.80687" /><trkpt lat="46.47094" lon="6.80677" /><trkpt lat="46.47096" lon="6.80666" /><trkpt lat="46.47099" lon="6.80656" /><trkpt lat="46.47105" lon="6.8063" /><trkpt lat="46.47111" lon="6.80604" /><trkpt lat="46.47127" lon="6.80539" /><trkpt lat="46.47131" lon="6.80524" /><trkpt lat="46.47135" lon="6.80506" /><trkpt lat="46.47139" lon="6.80487" /><trkpt lat="46.47142" lon="6.80474" /><trkpt lat="46.47145" lon="6.80461" /><trkpt lat="46.47148" lon="6.80445" /><trkpt lat="46.4715" lon="6.8043" /><trkpt lat="46.47153" lon="6.80417" /><trkpt lat="46.47155" lon="6.80401" /><trkpt lat="46.47157" lon="6.80385" /><trkpt lat="46.47158" lon="6.80368" /><trkpt lat="46.4716" lon="6.80351" /><trkpt lat="46.47162" lon="6.80327" /><trkpt lat="46.47164" lon="6.80302" /><trkpt lat="46.47167" lon="6.80258" /><trkpt lat="46.4717" lon="6.80213" /><trkpt lat="46.47171" lon="6.80197" /><trkpt lat="46.47173" lon="6.80177" /><trkpt lat="46.47175" lon="6.80164" /><trkpt lat="46.47176" lon="6.80152" /><trkpt lat="46.47179" lon="6.80129" /><trkpt lat="46.47181" lon="6.80107" /><trkpt lat="46.47191" lon="6.80044" /><trkpt lat="46.47228" lon="6.79801" /><trkpt lat="46.47231" lon="6.79785" /><trkpt lat="46.47238" lon="6.79742" /><trkpt lat="46.47246" lon="6.79698" /><trkpt lat="46.4725" lon="6.79677" /><trkpt lat="46.47254" lon="6.79655" /><trkpt lat="46.47258" lon="6.79636" /><trkpt lat="46.47261" lon="6.7962" /><trkpt lat="46.47265" lon="6.79603" /><trkpt lat="46.47268" lon="6.79592" /><trkpt lat="46.47271" lon="6.7958" /><trkpt lat="46.47276" lon="6.79562" /><trkpt lat="46.47281" lon="6.79545" /><trkpt lat="46.47287" lon="6.79528" /><trkpt lat="46.47295" lon="6.79504" /><trkpt lat="46.47304" lon="6.7948" /><trkpt lat="46.4733" lon="6.79413" /><trkpt lat="46.47338" lon="6.79393" /><trkpt lat="46.47345" lon="6.79372" /><trkpt lat="46.47352" lon="6.79352" /><trkpt lat="46.47355" lon="6.79342" /><trkpt lat="46.47359" lon="6.7933" /><trkpt lat="46.47363" lon="6.79314" /><trkpt lat="46.47366" lon="6.79305" /><trkpt lat="46.47368" lon="6.79295" /><trkpt lat="46.47374" lon="6.79272" /><trkpt lat="46.47378" lon="6.79251" /><trkpt lat="46.47407" lon="6.79117" /><trkpt lat="46.47421" lon="6.79049" /><trkpt lat="46.47428" lon="6.79016" /><trkpt lat="46.47434" lon="6.78983" /><trkpt lat="46.47437" lon="6.78968" /><trkpt lat="46.4744" lon="6.78949" /><trkpt lat="46.47443" lon="6.78934" /><trkpt lat="46.47445" lon="6.78916" /><trkpt lat="46.47447" lon="6.789" /><trkpt lat="46.47449" lon="6.78882" /><trkpt lat="46.47451" lon="6.78862" /><trkpt lat="46.47452" lon="6.78843" /><trkpt lat="46.47452" lon="6.7882" /><trkpt lat="46.47453" lon="6.78803" /><trkpt lat="46.47452" lon="6.7878" /><trkpt lat="46.47452" lon="6.78762" /><trkpt lat="46.47451" lon="6.78745" /><trkpt lat="46.4745" lon="6.78732" /><trkpt lat="46.47449" lon="6.78716" /><trkpt lat="46.47447" lon="6.78696" /><trkpt lat="46.47444" lon="6.78672" /><trkpt lat="46.4744" lon="6.78644" /><trkpt lat="46.47435" lon="6.78615" /><trkpt lat="46.47429" lon="6.7858" /><trkpt lat="46.47419" lon="6.7851" /><trkpt lat="46.47411" lon="6.78457" /><trkpt lat="46.47403" lon="6.78404" /><trkpt lat="46.474" lon="6.78384" /><trkpt lat="46.47398" lon="6.78369" /><trkpt lat="46.47396" lon="6.78347" /><trkpt lat="46.47394" lon="6.78329" /><trkpt lat="46.47392" lon="6.78309" /><trkpt lat="46.47391" lon="6.78292" /><trkpt lat="46.4739" lon="6.78276" /><trkpt lat="46.47389" lon="6.78258" /><trkpt lat="46.47389" lon="6.78241" /><trkpt lat="46.47388" lon="6.78222" /><trkpt lat="46.47388" lon="6.78204" /><trkpt lat="46.47389" lon="6.78184" /><trkpt lat="46.47389" lon="6.7817" /><trkpt lat="46.47389" lon="6.78159" /><trkpt lat="46.4739" lon="6.78148" /><trkpt lat="46.47391" lon="6.78126" /><trkpt lat="46.47392" lon="6.7811" /><trkpt lat="46.47394" lon="6.78095" /><trkpt lat="46.47395" lon="6.78081" /><trkpt lat="46.47397" lon="6.78067" /><trkpt lat="46.47399" lon="6.78052" /><trkpt lat="46.47401" lon="6.78039" /><trkpt lat="46.47403" lon="6.7802" /><trkpt lat="46.47406" lon="6.78001" /><trkpt lat="46.47412" lon="6.77969" /><trkpt lat="46.47431" lon="6.77872" /><trkpt lat="46.47434" lon="6.77856" /><trkpt lat="46.47452" lon="6.77759" /><trkpt lat="46.47454" lon="6.7775" /><trkpt lat="46.4746" lon="6.77719" /><trkpt lat="46.47465" lon="6.77694" /><trkpt lat="46.47468" lon="6.77679" /><trkpt lat="46.47471" lon="6.77667" /><trkpt lat="46.47475" lon="6.77649" /><trkpt lat="46.47481" lon="6.77627" /><trkpt lat="46.47486" lon="6.77609" /><trkpt lat="46.47488" lon="6.77601" /><trkpt lat="46.47491" lon="6.77591" /><trkpt lat="46.47495" lon="6.77579" /><trkpt lat="46.475" lon="6.77562" /><trkpt lat="46.47505" lon="6.77549" /><trkpt lat="46.47511" lon="6.77531" /><trkpt lat="46.47524" lon="6.77494" /><trkpt lat="46.47535" lon="6.77465" /><trkpt lat="46.47566" lon="6.77382" /><trkpt lat="46.47581" lon="6.77339" /><trkpt lat="46.47595" lon="6.77298" /><trkpt lat="46.47658" lon="6.77112" /><trkpt lat="46.47666" lon="6.77086" /><trkpt lat="46.47674" lon="6.77063" /><trkpt lat="46.4768" lon="6.77044" /><trkpt lat="46.47684" lon="6.77029" /><trkpt lat="46.47688" lon="6.77015" /><trkpt lat="46.47694" lon="6.76994" /><trkpt lat="46.47699" lon="6.76975" /><trkpt lat="46.47713" lon="6.76915" /><trkpt lat="46.47719" lon="6.76893" /><trkpt lat="46.47725" lon="6.76873" /><trkpt lat="46.47731" lon="6.7685" /><trkpt lat="46.47738" lon="6.76829" /><trkpt lat="46.47745" lon="6.76809" /><trkpt lat="46.47751" lon="6.76791" /><trkpt lat="46.4776" lon="6.7677" /><trkpt lat="46.47769" lon="6.76747" /><trkpt lat="46.47791" lon="6.76696" /><trkpt lat="46.47801" lon="6.76671" /><trkpt lat="46.47812" lon="6.76646" /><trkpt lat="46.47818" lon="6.7663" /><trkpt lat="46.47824" lon="6.76615" /><trkpt lat="46.47829" lon="6.766" /><trkpt lat="46.47834" lon="6.76586" /><trkpt lat="46.47839" lon="6.76572" /><trkpt lat="46.47843" lon="6.76558" /><trkpt lat="46.47853" lon="6.76528" /><trkpt lat="46.47868" lon="6.76479" /><trkpt lat="46.47875" lon="6.76455" /><trkpt lat="46.47883" lon="6.76429" /><trkpt lat="46.47891" lon="6.76406" /><trkpt lat="46.47896" lon="6.7639" /><trkpt lat="46.47902" lon="6.76376" /><trkpt lat="46.47906" lon="6.76363" /><trkpt lat="46.47912" lon="6.76349" /><trkpt lat="46.4792" lon="6.7633" /><trkpt lat="46.47984" lon="6.76175" /><trkpt lat="46.47992" lon="6.76157" /><trkpt lat="46.48001" lon="6.76137" /><trkpt lat="46.48011" lon="6.76114" /><trkpt lat="46.48021" lon="6.76093" /><trkpt lat="46.48055" lon="6.76023" /><trkpt lat="46.48064" lon="6.76006" /><trkpt lat="46.48074" lon="6.75987" /><trkpt lat="46.48081" lon="6.75972" /><trkpt lat="46.4809" lon="6.75957" /><trkpt lat="46.48096" lon="6.75947" /><trkpt lat="46.48102" lon="6.75936" /><trkpt lat="46.48111" lon="6.75922" /><trkpt lat="46.48121" lon="6.75908" /><trkpt lat="46.48131" lon="6.75895" /><trkpt lat="46.4814" lon="6.75884" /><trkpt lat="46.4815" lon="6.75872" /><trkpt lat="46.4816" lon="6.75859" /><trkpt lat="46.48172" lon="6.75846" /><trkpt lat="46.48183" lon="6.75834" /><trkpt lat="46.48222" lon="6.75792" /><trkpt lat="46.4823" lon="6.75784" /><trkpt lat="46.48238" lon="6.75775" /><trkpt lat="46.48252" lon="6.75759" /><trkpt lat="46.48263" lon="6.75745" /><trkpt lat="46.48271" lon="6.75734" /><trkpt lat="46.48281" lon="6.7572" /><trkpt lat="46.4829" lon="6.75705" /><trkpt lat="46.48301" lon="6.75689" /><trkpt lat="46.48309" lon="6.75675" /><trkpt lat="46.48318" lon="6.75659" /><trkpt lat="46.48324" lon="6.75646" /><trkpt lat="46.48331" lon="6.75632" /><trkpt lat="46.4834" lon="6.75613" /><trkpt lat="46.48348" lon="6.75595" /><trkpt lat="46.48365" lon="6.75556" /><trkpt lat="46.48379" lon="6.75522" /><trkpt lat="46.48392" lon="6.75496" /><trkpt lat="46.48399" lon="6.7548" /><trkpt lat="46.4841" lon="6.7546" /><trkpt lat="46.4842" lon="6.75442" /><trkpt lat="46.48428" lon="6.75428" /><trkpt lat="46.48439" lon="6.75412" /><trkpt lat="46.4845" lon="6.75396" /><trkpt lat="46.48464" lon="6.75377" /><trkpt lat="46.48472" lon="6.75367" /><trkpt lat="46.48485" lon="6.75351" /><trkpt lat="46.48498" lon="6.75337" /><trkpt lat="46.48523" lon="6.75309" /><trkpt lat="46.48542" lon="6.75289" /><trkpt lat="46.48559" lon="6.7527" /><trkpt lat="46.48575" lon="6.75252" /><trkpt lat="46.48588" lon="6.75237" /><trkpt lat="46.48599" lon="6.75222" /><trkpt lat="46.48606" lon="6.75213" /><trkpt lat="46.48613" lon="6.75203" /><trkpt lat="46.48625" lon="6.75186" /><trkpt lat="46.48633" lon="6.75172" /><trkpt lat="46.48645" lon="6.75151" /><trkpt lat="46.48652" lon="6.75138" /><trkpt lat="46.48661" lon="6.7512" /><trkpt lat="46.48669" lon="6.75103" /><trkpt lat="46.48677" lon="6.75086" /><trkpt lat="46.48684" lon="6.75069" /><trkpt lat="46.48692" lon="6.7505" /><trkpt lat="46.48699" lon="6.7503" /><trkpt lat="46.48761" lon="6.74866" /><trkpt lat="46.48773" lon="6.74835" /><trkpt lat="46.4878" lon="6.74819" /><trkpt lat="46.48786" lon="6.74804" /><trkpt lat="46.48793" lon="6.74789" /><trkpt lat="46.48799" lon="6.74775" /><trkpt lat="46.48814" lon="6.74746" /><trkpt lat="46.48828" lon="6.74719" /><trkpt lat="46.48844" lon="6.74691" /><trkpt lat="46.4886" lon="6.74662" /><trkpt lat="46.48868" lon="6.74648" /><trkpt lat="46.48875" lon="6.74634" /><trkpt lat="46.48883" lon="6.74618" /><trkpt lat="46.48891" lon="6.74603" /><trkpt lat="46.48895" lon="6.74594" /><trkpt lat="46.48899" lon="6.74584" /><trkpt lat="46.48907" lon="6.74567" /><trkpt lat="46.48913" lon="6.74552" /><trkpt lat="46.48918" lon="6.74537" /><trkpt lat="46.48922" lon="6.74527" /><trkpt lat="46.48927" lon="6.74513" /><trkpt lat="46.4893" lon="6.74501" /><trkpt lat="46.48934" lon="6.74489" /><trkpt lat="46.48937" lon="6.74477" /><trkpt lat="46.48941" lon="6.74464" /><trkpt lat="46.48944" lon="6.74451" /><trkpt lat="46.48947" lon="6.74437" /><trkpt lat="46.4895" lon="6.74424" /><trkpt lat="46.48953" lon="6.7441" /><trkpt lat="46.48957" lon="6.7439" /><trkpt lat="46.48958" lon="6.74381" /><trkpt lat="46.4896" lon="6.74369" /><trkpt lat="46.48962" lon="6.74357" /><trkpt lat="46.48963" lon="6.74346" /><trkpt lat="46.48964" lon="6.74334" /><trkpt lat="46.48965" lon="6.74322" /><trkpt lat="46.48966" lon="6.74312" /><trkpt lat="46.48967" lon="6.74302" /><trkpt lat="46.48967" lon="6.74293" /><trkpt lat="46.48968" lon="6.74283" /><trkpt lat="46.48968" lon="6.74273" /><trkpt lat="46.48969" lon="6.74261" /><trkpt lat="46.48969" lon="6.74256" /><trkpt lat="46.48969" lon="6.74252" /><trkpt lat="46.48969" lon="6.74241" /><trkpt lat="46.48969" lon="6.74218" /><trkpt lat="46.48969" lon="6.74196" /><trkpt lat="46.48967" lon="6.741" /><trkpt lat="46.48967" lon="6.74077" /><trkpt lat="46.48967" lon="6.74053" /><trkpt lat="46.48968" lon="6.74038" /><trkpt lat="46.48968" lon="6.74025" /><trkpt lat="46.48969" lon="6.74014" /><trkpt lat="46.48969" lon="6.74003" /><trkpt lat="46.48971" lon="6.73986" /><trkpt lat="46.48973" lon="6.73968" /><trkpt lat="46.48975" lon="6.73951" /><trkpt lat="46.48977" lon="6.73935" /><trkpt lat="46.4898" lon="6.73918" /><trkpt lat="46.48983" lon="6.73902" /><trkpt lat="46.48986" lon="6.73886" /><trkpt lat="46.48989" lon="6.73873" /><trkpt lat="46.48991" lon="6.73861" /><trkpt lat="46.48996" lon="6.7384" /><trkpt lat="46.49006" lon="6.738" /><trkpt lat="46.49014" lon="6.73772" /><trkpt lat="46.49028" lon="6.73714" /><trkpt lat="46.49035" lon="6.73685" /><trkpt lat="46.49039" lon="6.7367" /><trkpt lat="46.49042" lon="6.73656" /><trkpt lat="46.49046" lon="6.73635" /><trkpt lat="46.49049" lon="6.73623" /><trkpt lat="46.49051" lon="6.7361" /><trkpt lat="46.49053" lon="6.73594" /><trkpt lat="46.49055" lon="6.73583" /><trkpt lat="46.49057" lon="6.7357" /><trkpt lat="46.49058" lon="6.73554" /><trkpt lat="46.4906" lon="6.73542" /><trkpt lat="46.49061" lon="6.73525" /><trkpt lat="46.49062" lon="6.73509" /><trkpt lat="46.49063" lon="6.73495" /><trkpt lat="46.49063" lon="6.7348" /><trkpt lat="46.49063" lon="6.73464" /><trkpt lat="46.49063" lon="6.73451" /><trkpt lat="46.49063" lon="6.73435" /><trkpt lat="46.49063" lon="6.73418" /><trkpt lat="46.49062" lon="6.73404" /><trkpt lat="46.49061" lon="6.73397" /><trkpt lat="46.4906" lon="6.73381" /><trkpt lat="46.49059" lon="6.73368" /><trkpt lat="46.49057" lon="6.7335" /><trkpt lat="46.49055" lon="6.73331" /><trkpt lat="46.4905" lon="6.733" /><trkpt lat="46.49045" lon="6.73272" /><trkpt lat="46.49041" lon="6.73256" /><trkpt lat="46.49037" lon="6.73237" /><trkpt lat="46.49032" lon="6.73219" /><trkpt lat="46.49027" lon="6.73202" /><trkpt lat="46.49022" lon="6.73185" /><trkpt lat="46.49017" lon="6.73169" /><trkpt lat="46.49011" lon="6.73154" /><trkpt lat="46.49005" lon="6.73137" /><trkpt lat="46.48942" lon="6.72968" /><trkpt lat="46.48932" lon="6.72943" /><trkpt lat="46.48917" lon="6.72904" /><trkpt lat="46.48904" lon="6.72869" /><trkpt lat="46.48897" lon="6.72852" /><trkpt lat="46.48889" lon="6.7283" /><trkpt lat="46.48881" lon="6.72809" /><trkpt lat="46.4887" lon="6.72776" /><trkpt lat="46.48858" lon="6.72744" /><trkpt lat="46.48846" lon="6.72711" /><trkpt lat="46.48845" lon="6.72707" /><trkpt lat="46.48841" lon="6.72695" /><trkpt lat="46.48836" lon="6.72683" /><trkpt lat="46.48831" lon="6.72667" /><trkpt lat="46.48824" lon="6.72648" /><trkpt lat="46.4882" lon="6.72634" /><trkpt lat="46.48815" lon="6.72618" /><trkpt lat="46.4881" lon="6.72601" /><trkpt lat="46.48806" lon="6.72587" /><trkpt lat="46.48801" lon="6.7257" /><trkpt lat="46.48797" lon="6.72554" /><trkpt lat="46.48794" lon="6.72543" /><trkpt lat="46.48791" lon="6.72534" /><trkpt lat="46.48788" lon="6.72519" /><trkpt lat="46.48785" lon="6.72506" /><trkpt lat="46.48783" lon="6.72494" /><trkpt lat="46.48781" lon="6.72481" /><trkpt lat="46.48779" lon="6.7247" /><trkpt lat="46.48777" lon="6.72455" /><trkpt lat="46.48775" lon="6.72443" /><trkpt lat="46.48772" lon="6.72415" /><trkpt lat="46.4877" lon="6.72394" /><trkpt lat="46.48769" lon="6.7238" /><trkpt lat="46.48767" lon="6.72366" /><trkpt lat="46.48766" lon="6.72352" /><trkpt lat="46.48766" lon="6.7234" /><trkpt lat="46.48765" lon="6.72325" /><trkpt lat="46.48764" lon="6.72313" /><trkpt lat="46.48764" lon="6.723" /><trkpt lat="46.48764" lon="6.72288" /><trkpt lat="46.48764" lon="6.72276" /><trkpt lat="46.48764" lon="6.72264" /><trkpt lat="46.48765" lon="6.72249" /><trkpt lat="46.48766" lon="6.72234" /><trkpt lat="46.48767" lon="6.7222" /><trkpt lat="46.48769" lon="6.72201" /><trkpt lat="46.48771" lon="6.72191" /><trkpt lat="46.48773" lon="6.72176" /><trkpt lat="46.48776" lon="6.72158" /><trkpt lat="46.4878" lon="6.72138" /><trkpt lat="46.48784" lon="6.72121" /><trkpt lat="46.48788" lon="6.72102" /><trkpt lat="46.48792" lon="6.72088" /><trkpt lat="46.48796" lon="6.72075" /><trkpt lat="46.48801" lon="6.72058" /><trkpt lat="46.48806" lon="6.72041" /><trkpt lat="46.48812" lon="6.72024" /><trkpt lat="46.48819" lon="6.72005" /><trkpt lat="46.48828" lon="6.71983" /><trkpt lat="46.48835" lon="6.71967" /><trkpt lat="46.48842" lon="6.71951" /><trkpt lat="46.48847" lon="6.71942" /><trkpt lat="46.48852" lon="6.71932" /><trkpt lat="46.48861" lon="6.71915" /><trkpt lat="46.48872" lon="6.71895" /><trkpt lat="46.48881" lon="6.7188" /><trkpt lat="46.48896" lon="6.71856" /><trkpt lat="46.48967" lon="6.7174" /><trkpt lat="46.4898" lon="6.71719" /><trkpt lat="46.48994" lon="6.71697" /><trkpt lat="46.49005" lon="6.71678" /><trkpt lat="46.49015" lon="6.71659" /><trkpt lat="46.49021" lon="6.71648" /><trkpt lat="46.49026" lon="6.71637" /><trkpt lat="46.49037" lon="6.71615" /><trkpt lat="46.49047" lon="6.71594" /><trkpt lat="46.49056" lon="6.71574" /><trkpt lat="46.49065" lon="6.71554" /><trkpt lat="46.49083" lon="6.71513" /><trkpt lat="46.49118" lon="6.71433" /><trkpt lat="46.49128" lon="6.71408" /><trkpt lat="46.49139" lon="6.71384" /><trkpt lat="46.49147" lon="6.71365" /><trkpt lat="46.49156" lon="6.71346" /><trkpt lat="46.49165" lon="6.71328" /><trkpt lat="46.49174" lon="6.7131" /><trkpt lat="46.49182" lon="6.71296" /><trkpt lat="46.49189" lon="6.71283" /><trkpt lat="46.49197" lon="6.71269" /><trkpt lat="46.49203" lon="6.71259" /><trkpt lat="46.49214" lon="6.71241" /><trkpt lat="46.49223" lon="6.71227" /><trkpt lat="46.49232" lon="6.71212" /><trkpt lat="46.49253" lon="6.71182" /><trkpt lat="46.49349" lon="6.71043" /><trkpt lat="46.49417" lon="6.70947" /><trkpt lat="46.49459" lon="6.70885" /><trkpt lat="46.49467" lon="6.70874" /><trkpt lat="46.49476" lon="6.70861" /><trkpt lat="46.49483" lon="6.7085" /><trkpt lat="46.49488" lon="6.70842" /><trkpt lat="46.49493" lon="6.70833" /><trkpt lat="46.49504" lon="6.70816" /><trkpt lat="46.49511" lon="6.70804" /><trkpt lat="46.49519" lon="6.70789" /><trkpt lat="46.49524" lon="6.70781" /><trkpt lat="46.49532" lon="6.70764" /><trkpt lat="46.49542" lon="6.70745" /><trkpt lat="46.49551" lon="6.70726" /><trkpt lat="46.4956" lon="6.70707" /><trkpt lat="46.49601" lon="6.7062" /><trkpt lat="46.49646" lon="6.70526" /><trkpt lat="46.49655" lon="6.70508" /><trkpt lat="46.49667" lon="6.70483" /><trkpt lat="46.49681" lon="6.70454" /><trkpt lat="46.49696" lon="6.70425" /><trkpt lat="46.49709" lon="6.70401" /><trkpt lat="46.49722" lon="6.70377" /><trkpt lat="46.49749" lon="6.70328" /><trkpt lat="46.49758" lon="6.70311" /><trkpt lat="46.49764" lon="6.70299" /><trkpt lat="46.49771" lon="6.70288" /><trkpt lat="46.49777" lon="6.70277" /><trkpt lat="46.49783" lon="6.70266" /><trkpt lat="46.4979" lon="6.70256" /><trkpt lat="46.49803" lon="6.70236" /><trkpt lat="46.4981" lon="6.70225" /><trkpt lat="46.49817" lon="6.70215" /><trkpt lat="46.49826" lon="6.70204" /><trkpt lat="46.49833" lon="6.70195" /><trkpt lat="46.49838" lon="6.70188" /><trkpt lat="46.49845" lon="6.7018" /><trkpt lat="46.49857" lon="6.70166" /><trkpt lat="46.4987" lon="6.70152" /><trkpt lat="46.49881" lon="6.7014" /><trkpt lat="46.49908" lon="6.70113" /><trkpt lat="46.49918" lon="6.70103" /><trkpt lat="46.49928" lon="6.70093" /><trkpt lat="46.49936" lon="6.70084" /><trkpt lat="46.49944" lon="6.70075" /><trkpt lat="46.4995" lon="6.70068" /><trkpt lat="46.49955" lon="6.70062" /><trkpt lat="46.49964" lon="6.7005" /><trkpt lat="46.49974" lon="6.70037" /><trkpt lat="46.49983" lon="6.70025" /><trkpt lat="46.49992" lon="6.70012" /><trkpt lat="46.5" lon="6.7" /><trkpt lat="46.50008" lon="6.69988" /><trkpt lat="46.50016" lon="6.69975" /><trkpt lat="46.50024" lon="6.69962" /><trkpt lat="46.50031" lon="6.69949" /><trkpt lat="46.50039" lon="6.69935" /><trkpt lat="46.50046" lon="6.69922" /><trkpt lat="46.50139" lon="6.69742" /><trkpt lat="46.50166" lon="6.69688" /><trkpt lat="46.50173" lon="6.69674" /><trkpt lat="46.5018" lon="6.69661" /><trkpt lat="46.50186" lon="6.69647" /><trkpt lat="46.50192" lon="6.69634" /><trkpt lat="46.50199" lon="6.69619" /><trkpt lat="46.50203" lon="6.69608" /><trkpt lat="46.50208" lon="6.69596" /><trkpt lat="46.50213" lon="6.69584" /><trkpt lat="46.50218" lon="6.69572" /><trkpt lat="46.50224" lon="6.69556" /><trkpt lat="46.50229" lon="6.69542" /><trkpt lat="46.50235" lon="6.69526" /><trkpt lat="46.50238" lon="6.69515" /><trkpt lat="46.50247" lon="6.69487" /><trkpt lat="46.50252" lon="6.69472" /><trkpt lat="46.503" lon="6.6932" /><trkpt lat="46.50312" lon="6.69282" /><trkpt lat="46.50363" lon="6.69122" /><trkpt lat="46.50368" lon="6.69108" /><trkpt lat="46.50373" lon="6.69093" /><trkpt lat="46.5038" lon="6.69075" /><trkpt lat="46.50384" lon="6.69064" /><trkpt lat="46.50389" lon="6.69051" /><trkpt lat="46.50395" lon="6.69035" /><trkpt lat="46.50405" lon="6.69012" /><trkpt lat="46.50415" lon="6.6899" /><trkpt lat="46.50435" lon="6.68944" /><trkpt lat="46.50468" lon="6.68868" /><trkpt lat="46.50495" lon="6.68806" /><trkpt lat="46.50506" lon="6.68779" /><trkpt lat="46.50515" lon="6.68757" /><trkpt lat="46.50519" lon="6.68746" /><trkpt lat="46.50529" lon="6.68715" /><trkpt lat="46.50538" lon="6.68689" /><trkpt lat="46.50542" lon="6.68674" /><trkpt lat="46.50547" lon="6.68656" /><trkpt lat="46.50551" lon="6.68639" /><trkpt lat="46.50555" lon="6.68623" /><trkpt lat="46.50558" lon="6.68606" /><trkpt lat="46.50562" lon="6.68587" /><trkpt lat="46.50565" lon="6.68569" /><trkpt lat="46.50569" lon="6.68547" /><trkpt lat="46.50571" lon="6.6853" /><trkpt lat="46.50573" lon="6.68515" /><trkpt lat="46.50576" lon="6.6849" /><trkpt lat="46.50578" lon="6.68464" /><trkpt lat="46.50579" lon="6.68446" /><trkpt lat="46.5058" lon="6.68428" /><trkpt lat="46.5058" lon="6.68409" /><trkpt lat="46.50581" lon="6.6839" /><trkpt lat="46.50581" lon="6.68349" /><trkpt lat="46.50582" lon="6.6828" /><trkpt lat="46.50582" lon="6.68197" /><trkpt lat="46.50582" lon="6.68186" /><trkpt lat="46.50583" lon="6.68144" /><trkpt lat="46.50585" lon="6.68114" /><trkpt lat="46.50586" lon="6.68083" /><trkpt lat="46.50587" lon="6.68058" /><trkpt lat="46.50587" lon="6.68033" /><trkpt lat="46.50588" lon="6.68012" /><trkpt lat="46.50588" lon="6.67991" /><trkpt lat="46.50589" lon="6.67966" /><trkpt lat="46.50591" lon="6.67941" /><trkpt lat="46.50592" lon="6.67922" /><trkpt lat="46.50595" lon="6.679" /><trkpt lat="46.50598" lon="6.67875" /><trkpt lat="46.506" lon="6.67857" /><trkpt lat="46.50603" lon="6.6784" /><trkpt lat="46.50606" lon="6.67823" /><trkpt lat="46.50609" lon="6.67807" /><trkpt lat="46.50613" lon="6.6779" /><trkpt lat="46.50616" lon="6.67775" /><trkpt lat="46.5062" lon="6.67759" /><trkpt lat="46.50628" lon="6.67728" /><trkpt lat="46.50644" lon="6.6767" /><trkpt lat="46.50657" lon="6.67621" /><trkpt lat="46.50666" lon="6.67591" /><trkpt lat="46.50671" lon="6.67575" /><trkpt lat="46.50676" lon="6.6756" /><trkpt lat="46.50685" lon="6.67533" /><trkpt lat="46.50695" lon="6.67508" /><trkpt lat="46.50705" lon="6.67482" /><trkpt lat="46.50717" lon="6.67454" /><trkpt lat="46.5073" lon="6.67427" /><trkpt lat="46.50765" lon="6.67348" /><trkpt lat="46.50794" lon="6.67284" /><trkpt lat="46.50801" lon="6.67268" /><trkpt lat="46.50808" lon="6.67251" /><trkpt lat="46.50814" lon="6.67234" /><trkpt lat="46.50821" lon="6.67218" /><trkpt lat="46.50831" lon="6.67192" /><trkpt lat="46.50839" lon="6.67168" /><trkpt lat="46.50876" lon="6.67062" /><trkpt lat="46.50894" lon="6.67009" /><trkpt lat="46.50904" lon="6.66982" /><trkpt lat="46.50912" lon="6.66956" /><trkpt lat="46.50918" lon="6.66938" /><trkpt lat="46.50923" lon="6.66922" /><trkpt lat="46.50926" lon="6.66912" /><trkpt lat="46.50929" lon="6.66901" /><trkpt lat="46.50932" lon="6.6689" /><trkpt lat="46.50936" lon="6.66872" /><trkpt lat="46.50939" lon="6.66858" /><trkpt lat="46.50943" lon="6.66838" /><trkpt lat="46.50946" lon="6.66824" /><trkpt lat="46.50949" lon="6.66807" /><trkpt lat="46.50951" lon="6.66793" /><trkpt lat="46.50953" lon="6.66778" /><trkpt lat="46.50955" lon="6.66762" /><trkpt lat="46.50957" lon="6.66737" /><trkpt lat="46.50958" lon="6.66723" /><trkpt lat="46.5096" lon="6.66693" /><trkpt lat="46.50963" lon="6.66653" /><trkpt lat="46.50965" lon="6.66612" /><trkpt lat="46.50967" lon="6.66574" /><trkpt lat="46.50969" lon="6.66534" /><trkpt lat="46.5097" lon="6.66531" /><trkpt lat="46.50971" lon="6.66508" /><trkpt lat="46.50974" lon="6.66478" /><trkpt lat="46.50978" lon="6.66449" /><trkpt lat="46.50981" lon="6.66428" /><trkpt lat="46.50985" lon="6.66405" /><trkpt lat="46.50989" lon="6.66381" /><trkpt lat="46.50994" lon="6.66357" /><trkpt lat="46.51" lon="6.66331" /><trkpt lat="46.51006" lon="6.66303" /><trkpt lat="46.51017" lon="6.6626" /><trkpt lat="46.51028" lon="6.66219" /><trkpt lat="46.51067" lon="6.6606" /><trkpt lat="46.51076" lon="6.66022" /><trkpt lat="46.51082" lon="6.65996" /><trkpt lat="46.51089" lon="6.65966" /><trkpt lat="46.51098" lon="6.65916" /><trkpt lat="46.51108" lon="6.65859" /><trkpt lat="46.51111" lon="6.65832" /><trkpt lat="46.51114" lon="6.65805" /><trkpt lat="46.51117" lon="6.65778" /><trkpt lat="46.51119" lon="6.65754" /><trkpt lat="46.51121" lon="6.6573" /><trkpt lat="46.51123" lon="6.65704" /><trkpt lat="46.51124" lon="6.65689" /><trkpt lat="46.51124" lon="6.65674" /><trkpt lat="46.51125" lon="6.65647" /><trkpt lat="46.51126" lon="6.65625" /><trkpt lat="46.51126" lon="6.65605" /><trkpt lat="46.51126" lon="6.65567" /><trkpt lat="46.51125" lon="6.65546" /><trkpt lat="46.51124" lon="6.65511" /><trkpt lat="46.51121" lon="6.65421" /><trkpt lat="46.5112" lon="6.65378" /><trkpt lat="46.5112" lon="6.65376" /><trkpt lat="46.5112" lon="6.65373" /><trkpt lat="46.51116" lon="6.65269" /><trkpt lat="46.51115" lon="6.6523" /><trkpt lat="46.51115" lon="6.65205" /><trkpt lat="46.51115" lon="6.65176" /><trkpt lat="46.51116" lon="6.65147" /><trkpt lat="46.51117" lon="6.65123" /><trkpt lat="46.51118" lon="6.65107" /><trkpt lat="46.51119" lon="6.65092" /><trkpt lat="46.5112" lon="6.65076" /><trkpt lat="46.51122" lon="6.65052" /><trkpt lat="46.51125" lon="6.65019" /><trkpt lat="46.5113" lon="6.64986" /><trkpt lat="46.51133" lon="6.6496" /><trkpt lat="46.51138" lon="6.64934" /><trkpt lat="46.51143" lon="6.6491" /><trkpt lat="46.51147" lon="6.64888" /><trkpt lat="46.51153" lon="6.64864" /><trkpt lat="46.51157" lon="6.64844" /><trkpt lat="46.51171" lon="6.64793" /><trkpt lat="46.51206" lon="6.64668" /><trkpt lat="46.51211" lon="6.64648" /><trkpt lat="46.51217" lon="6.64626" /><trkpt lat="46.51222" lon="6.64605" /><trkpt lat="46.51226" lon="6.64586" /><trkpt lat="46.51232" lon="6.64561" /><trkpt lat="46.51236" lon="6.64538" /><trkpt lat="46.51241" lon="6.64514" /><trkpt lat="46.51245" lon="6.64491" /><trkpt lat="46.51246" lon="6.64483" /><trkpt lat="46.5125" lon="6.64456" /><trkpt lat="46.51254" lon="6.6443" /><trkpt lat="46.51257" lon="6.64404" /><trkpt lat="46.5126" lon="6.64381" /><trkpt lat="46.51262" lon="6.64361" /><trkpt lat="46.51264" lon="6.64341" /><trkpt lat="46.51266" lon="6.64313" /><trkpt lat="46.51267" lon="6.6429" /><trkpt lat="46.51269" lon="6.64267" /><trkpt lat="46.51276" lon="6.64128" /><trkpt lat="46.51281" lon="6.64032" /><trkpt lat="46.51284" lon="6.63969" /><trkpt lat="46.51286" lon="6.6394" /><trkpt lat="46.51287" lon="6.6393" /><trkpt lat="46.51288" lon="6.63901" /><trkpt lat="46.5129" lon="6.63886" /><trkpt lat="46.51291" lon="6.63871" /><trkpt lat="46.51293" lon="6.63853" /><trkpt lat="46.51295" lon="6.63835" /><trkpt lat="46.51298" lon="6.63813" /><trkpt lat="46.51299" lon="6.63801" /><trkpt lat="46.51301" lon="6.63788" /><trkpt lat="46.51305" lon="6.63769" /><trkpt lat="46.51307" lon="6.63758" /><trkpt lat="46.51309" lon="6.63746" /><trkpt lat="46.51314" lon="6.63726" /><trkpt lat="46.51318" lon="6.63709" /><trkpt lat="46.51323" lon="6.6369" /><trkpt lat="46.51328" lon="6.63671" /><trkpt lat="46.51332" lon="6.6366" /><trkpt lat="46.51335" lon="6.63648" /><trkpt lat="46.51342" lon="6.63627" /><trkpt lat="46.5135" lon="6.63606" /><trkpt lat="46.51358" lon="6.63584" /><trkpt lat="46.5137" lon="6.63555" /><trkpt lat="46.51375" lon="6.63542" /><trkpt lat="46.51381" lon="6.63528" /><trkpt lat="46.51387" lon="6.63514" /><trkpt lat="46.51391" lon="6.63504" /><trkpt lat="46.51397" lon="6.63492" /><trkpt lat="46.51401" lon="6.63483" /><trkpt lat="46.51407" lon="6.63472" /><trkpt lat="46.51418" lon="6.63452" /><trkpt lat="46.51425" lon="6.63442" /><trkpt lat="46.51432" lon="6.63431" /><trkpt lat="46.5144" lon="6.63419" /><trkpt lat="46.51449" lon="6.63405" /><trkpt lat="46.51523" lon="6.63305" /><trkpt lat="46.51533" lon="6.63295" /><trkpt lat="46.51543" lon="6.63284" /><trkpt lat="46.51555" lon="6.63271" /><trkpt lat="46.51568" lon="6.63257" /><trkpt lat="46.5158" lon="6.63244" /><trkpt lat="46.5159" lon="6.63233" /><trkpt lat="46.51599" lon="6.63222" /><trkpt lat="46.51613" lon="6.63202" /><trkpt lat="46.5162" lon="6.6319" /><trkpt lat="46.51628" lon="6.63177" /><trkpt lat="46.51633" lon="6.63166" /><trkpt lat="46.51637" lon="6.63154" /><trkpt lat="46.51642" lon="6.63142" /><trkpt lat="46.51645" lon="6.63131" /><trkpt lat="46.51649" lon="6.63118" /><trkpt lat="46.51651" lon="6.6311" /><trkpt lat="46.51656" lon="6.63091" /><trkpt lat="46.51659" lon="6.63072" /><trkpt lat="46.51664" lon="6.6304" /><trkpt lat="46.51681" lon="6.62922" /><trkpt lat="46.51683" lon="6.62912" /><trkpt lat="46.51683" lon="6.62912" /></trkseg></trk></gpx>